,total_score
0,13
1,5
2,13
3,5
4,13
5,5
6,13
7,5
8,13
9,5
10,13
11,5
12,13
13,5
14,13
15,5
16,13
17,5
18,13
19,5
20,13
21,5
22,13
23,5
24,13
25,5
26,13
27,5
28,13
29,5
30,13
31,5
32,13
33,5
34,13
35,5
36,13
37,5
38,13
39,5
40,13
41,5
42,13
43,5
44,13
45,5
46,13
47,5
48,13
49,5
50,13
51,5
52,13
53,5
54,13
55,5
56,13
57,5
58,13
59,5
60,13
61,5
62,13
63,5
64,13
65,5
66,13
67,5
68,13
69,5
70,13
71,5
72,13
73,5
74,13
75,5
76,13
77,5
78,13
79,5
80,13
81,5
82,13
83,5
84,13
85,5
86,13
87,5
88,13
89,5
90,13
91,5
92,13
93,5
94,13
95,5
96,13
97,5
98,13
99,5
100,13
101,5
102,13
103,5
104,13
105,5
106,13
107,5
108,13
109,5
110,13
111,5
112,13
113,5
114,13
115,5
116,13
117,5
118,13
119,5
120,13
121,5
122,13
123,5
124,13
125,5
126,13
127,5
128,13
129,5
130,13
131,5
132,13
133,5
134,13
135,5
136,13
137,5
138,13
139,5
140,13
141,5
142,13
143,5
144,13
145,5
146,13
147,5
148,13
149,5
150,13
151,5
152,13
153,5
154,13
155,5
156,13
157,5
158,13
159,5
160,13
161,5
162,13
163,5
164,13
165,5
166,13
167,5
168,13
169,5
170,13
171,5
172,13
173,5
174,13
175,5
176,13
177,5
178,13
179,5
180,13
181,5
182,13
183,5
184,13
185,5
186,13
187,5
188,13
189,5
190,13
191,5
192,13
193,5
194,13
195,5
196,13
197,5
198,13
199,5
200,13
201,5
202,13
203,5
204,13
205,5
206,13
207,5
208,13
209,5
210,13
211,5
212,13
213,5
214,13
215,5
216,13
217,5
218,13
219,5
220,13
221,5
222,13
223,5
224,13
225,5
226,13
227,5
228,13
229,5
230,13
231,5
232,13
233,5
234,13
235,5
236,13
237,5
238,13
239,5
240,13
241,5
242,13
243,5
244,13
245,5
246,13
247,5
248,13
249,5
250,13
251,5
252,13
253,5
254,13
255,5
256,13
257,5
258,13
259,5
260,13
261,5
262,13
263,5
264,13
265,5
266,13
267,5
268,13
269,5
270,13
271,5
272,6
273,8
274,6
275,8
276,6
277,8
278,6
279,8
280,6
281,8
282,6
283,8
284,6
285,8
286,6
287,8
288,6
289,8
290,6
291,8
292,6
293,8
294,6
295,8
296,6
297,8
298,6
299,8
300,6
301,8
302,6
303,8
304,6
305,8
306,6
307,8
308,6
309,8
310,6
311,8
312,6
313,8
314,6
315,8
316,6
317,8
318,6
319,8
320,6
321,8
322,6
323,8
324,6
325,8
326,6
327,8
328,6
329,8
330,6
331,8
332,6
333,8
334,6
335,8
336,6
337,8
338,6
339,8
340,6
341,8
342,6
343,8
344,6
345,8
346,6
347,8
348,6
349,8
350,6
351,8
352,6
353,8
354,6
355,8
356,6
357,8
358,6
359,8
360,6
361,8
362,6
363,8
364,6
365,8
366,6
367,8
368,6
369,8
370,6
371,8
372,6
373,8
374,6
375,8
376,6
377,8
378,6
379,8
380,6
381,8
382,6
383,8
384,6
385,8
386,6
387,8
388,6
389,8
390,6
391,8
392,6
393,8
394,6
395,8
396,6
397,8
398,6
399,8
400,6
401,8
402,6
403,8
404,6
405,8
406,6
407,8
408,6
409,8
410,6
411,8
412,6
413,8
414,6
415,8
416,6
417,8
418,6
419,8
420,6
421,8
422,6
423,8
424,6
425,8
426,6
427,8
428,6
429,8
430,6
431,8
432,6
433,8
434,6
435,8
436,6
437,8
438,6
439,8
440,6
441,8
442,6
443,8
444,6
445,8
446,6
447,8
448,6
449,8
450,6
451,8
452,6
453,8
454,6
455,8
456,6
457,8
458,6
459,8
460,6
461,8
462,6
463,8
464,6
465,8
466,6
467,8
468,6
469,8
470,6
471,8
472,6
473,8
474,6
475,8
476,6
477,8
478,6
479,8
480,6
481,8
482,6
483,8
484,6
485,8
486,6
487,8
488,6
489,8
490,6
491,8
492,6
493,8
494,6
495,8
496,6
497,8
498,6
499,8
500,6
501,8
502,6
503,8
504,6
505,8
506,6
507,8
508,6
509,8
510,6
511,8
512,6
513,8
514,6
515,8
516,6
517,8
518,6
519,8
520,6
521,8
522,6
523,8
524,6
525,8
526,6
527,8
528,6
529,8
530,6
531,8
532,6
533,8
534,6
535,8
536,6
537,8
538,6
539,8
540,6
541,8
542,6
543,8
544,6
545,8
546,6
547,8
548,6
549,8
550,6
551,8
552,6
553,8
554,6
555,8
556,6
557,8
558,6
559,8
560,6
561,8
562,6
563,8
564,6
565,8
566,6
567,8
568,6
569,8
570,6
571,8
572,6
573,8
574,6
575,8
576,6
577,8
578,6
579,8
580,6
581,8
582,6
583,8
584,6
585,8
586,6
587,8
588,6
589,8
590,6
591,8
592,6
593,8
594,6
595,8
596,6
597,8
598,6
599,8
600,6
601,8
602,6
603,8
604,6
605,8
606,6
607,8
608,6
609,8
610,6
611,8
612,6
613,8
614,6
615,8
616,6
617,8
618,6
619,8
620,6
621,8
622,6
623,8
624,6
625,8
626,7
627,8
628,7
629,8
630,7
631,8
632,7
633,8
634,7
635,8
636,7
637,8
638,7
639,8
640,7
641,8
642,7
643,8
644,7
645,8
646,7
647,8
648,7
649,8
650,7
651,8
652,7
653,8
654,7
655,8
656,7
657,8
658,7
659,8
660,7
661,8
662,7
663,8
664,7
665,8
666,7
667,8
668,7
669,8
670,7
671,8
672,7
673,8
674,7
675,8
676,7
677,8
678,7
679,8
680,7
681,8
682,7
683,8
684,7
685,8
686,7
687,8
688,7
689,8
690,7
691,8
692,7
693,8
694,7
695,8
696,7
697,8
698,7
699,8
700,7
701,8
702,7
703,8
704,7
705,8
706,7
707,8
708,7
709,8
710,7
711,8
712,7
713,8
714,7
715,8
716,7
717,8
718,7
719,8
720,7
721,8
722,7
723,8
724,7
725,8
726,7
727,8
728,7
729,8
730,7
731,8
732,7
733,8
734,7
735,8
736,7
737,8
738,7
739,8
740,7
741,8
742,7
743,8
744,7
745,8
746,7
747,8
748,7
749,8
750,7
751,8
752,7
753,8
754,7
755,8
756,7
757,8
758,7
759,8
760,7
761,8
762,7
763,8
764,7
765,8
766,7
767,8
768,7
769,8
770,7
771,8
772,7
773,8
774,7
775,8
776,7
777,8
778,7
779,8
780,7
781,8
782,7
783,8
784,7
785,8
786,7
787,8
788,7
789,8
790,7
791,8
792,7
793,8
794,7
795,8
796,7
797,8
798,7
799,8
800,7
801,8
802,7
803,8
804,7
805,8
806,7
807,8
808,7
809,8
810,7
811,8
812,7
813,8
814,7
815,8
816,7
817,8
818,7
819,8
820,7
821,8
822,7
823,8
824,7
825,8
826,7
827,8
828,7
829,8
830,7
831,8
832,7
833,8
834,7
835,8
836,7
837,8
838,7
839,8
840,7
841,8
842,7
843,8
844,7
845,8
846,7
847,8
848,7
849,8
850,7
851,8
852,7
853,8
854,7
855,8
856,7
857,8
858,7
859,8
860,7
861,8
862,7
863,8
864,7
865,8
866,7
867,8
868,7
869,8
870,7
871,8
872,7
873,8
874,7
875,8
876,7
877,8
878,7
879,8
880,7
881,8
882,7
883,8
884,7
885,8
886,7
887,8
888,7
889,8
890,7
891,8
892,7
893,8
894,7
895,8
896,7
897,8
898,7
899,8
900,7
901,8
902,7
903,8
904,7
905,8
906,7
907,8
908,7
909,8
910,7
911,8
912,7
913,8
914,7
915,8
916,7
917,8
918,7
919,8
920,7
921,8
922,7
923,8
924,7
925,8
926,7
927,8
928,7
929,8
930,7
931,8
932,7
933,8
934,7
935,8
936,7
937,8
938,7
939,8
940,7
941,8
942,7
943,8
944,7
945,8
946,7
947,8
948,7
949,8
950,7
951,8
952,7
953,8
954,7
955,8
956,7
957,8
958,7
959,8
960,7
961,8
962,7
963,8
964,7
965,8
966,7
967,8
968,7
969,8
970,7
971,8
972,7
973,8
974,7
975,8
976,7
977,8
978,7
979,8
980,7
981,8
982,7
983,8
984,7
985,8
986,7
987,8
988,7
989,8
990,7
991,8
992,7
993,8
994,7
995,8
996,7
997,8
998,7
999,8
1000,7
1001,8
1002,5
1003,5
1004,5
1005,5
1006,5
1007,5
1008,5
1009,5
1010,5
1011,5
1012,5
1013,5
1014,5
1015,5
1016,5
1017,5
1018,5
1019,5
1020,5
1021,5
1022,5
1023,5
1024,5
1025,5
1026,5
1027,5
1028,5
1029,5
1030,5
1031,5
1032,5
1033,5
1034,5
1035,5
1036,5
1037,5
1038,5
1039,5
1040,5
1041,5
1042,5
1043,5
1044,5
1045,5
1046,5
1047,5
1048,5
1049,5
1050,5
1051,5
1052,5
1053,5
1054,5
1055,5
1056,5
1057,5
1058,5
1059,5
1060,5
1061,5
1062,5
1063,5
1064,5
1065,5
1066,5
1067,5
1068,5
1069,5
1070,5
1071,5
1072,5
1073,5
1074,5
1075,5
1076,5
1077,5
1078,5
1079,5
1080,5
1081,5
1082,5
1083,5
1084,5
1085,5
1086,5
1087,5
1088,5
1089,5
1090,5
1091,5
1092,5
1093,5
1094,5
1095,5
1096,5
1097,5
1098,5
1099,5
1100,5
1101,5
1102,5
1103,5
1104,5
1105,5
1106,5
1107,5
1108,5
1109,5
1110,5
1111,5
1112,5
1113,5
1114,5
1115,5
1116,5
1117,5
1118,5
1119,5
1120,5
1121,5
1122,5
1123,5
1124,5
1125,5
1126,5
1127,5
1128,5
1129,5
1130,5
1131,5
1132,5
1133,5
1134,5
1135,5
1136,5
1137,5
1138,5
1139,5
1140,5
1141,5
1142,5
1143,5
1144,5
1145,5
1146,5
1147,5
1148,5
1149,5
1150,5
1151,5
1152,5
1153,5
1154,5
1155,5
1156,5
1157,5
1158,5
1159,5
1160,5
1161,5
1162,5
1163,5
1164,5
1165,5
1166,5
1167,5
1168,5
1169,5
1170,5
1171,5
1172,5
1173,5
1174,5
1175,5
1176,5
1177,5
1178,5
1179,5
1180,5
1181,5
1182,5
1183,5
1184,5
1185,5
1186,5
1187,5
1188,5
1189,5
1190,5
1191,5
1192,5
1193,5
1194,5
1195,5
1196,5
1197,5
1198,5
1199,5
1200,5
1201,5
1202,5
1203,5
1204,5
1205,5
1206,5
1207,5
1208,5
1209,5
1210,5
1211,5
1212,5
1213,5
1214,5
1215,5
1216,5
1217,5
1218,5
1219,5
1220,5
1221,5
1222,5
1223,5
1224,5
1225,5
1226,5
1227,5
1228,5
1229,5
1230,5
1231,5
1232,5
1233,5
1234,5
1235,5
1236,5
1237,5
1238,5
1239,5
1240,5
1241,5
1242,5
1243,5
1244,5
1245,5
1246,5
1247,5
1248,5
1249,5
1250,5
1251,5
1252,5
1253,5
1254,5
1255,5
1256,5
1257,5
1258,5
1259,5
1260,5
1261,5
1262,5
1263,5
1264,5
1265,5
1266,5
1267,5
1268,5
1269,5
1270,5
1271,5
1272,5
1273,5
1274,5
1275,5
1276,5
1277,5
1278,5
1279,5
1280,5
1281,5
1282,5
1283,5
1284,5
1285,5
1286,5
1287,5
1288,5
1289,5
1290,5
1291,5
1292,5
1293,5
1294,5
1295,5
1296,5
1297,5
1298,5
1299,5
1300,5
1301,5
1302,5
1303,5
1304,5
1305,5
1306,5
1307,5
1308,5
1309,5
1310,5
1311,5
1312,5
1313,5
1314,5
1315,5
1316,5
1317,5
1318,5
1319,5
1320,5
1321,5
1322,5
1323,5
1324,5
1325,5
1326,5
1327,5
1328,5
1329,5
1330,5
1331,5
1332,5
1333,5
1334,5
1335,5
1336,5
1337,5
1338,5
1339,5
1340,5
1341,5
1342,5
1343,5
1344,0
1345,4
1346,0
1347,4
1348,0
1349,4
1350,0
1351,4
1352,0
1353,4
1354,0
1355,4
1356,0
1357,4
1358,0
1359,4
1360,0
1361,4
1362,0
1363,4
1364,0
1365,4
1366,0
1367,4
1368,0
1369,4
1370,0
1371,4
1372,0
1373,4
1374,0
1375,4
1376,0
1377,4
1378,0
1379,4
1380,0
1381,4
1382,0
1383,4
1384,0
1385,4
1386,0
1387,4
1388,0
1389,4
1390,0
1391,4
1392,0
1393,4
1394,0
1395,4
1396,0
1397,4
1398,0
1399,4
1400,0
1401,4
1402,0
1403,4
1404,0
1405,4
1406,0
1407,4
1408,0
1409,4
1410,0
1411,4
1412,0
1413,4
1414,0
1415,4
1416,0
1417,4
1418,0
1419,4
1420,0
1421,4
1422,0
1423,4
1424,0
1425,4
1426,0
1427,4
1428,0
1429,4
1430,0
1431,4
1432,0
1433,4
1434,0
1435,4
1436,0
1437,4
1438,0
1439,4
1440,0
1441,4
1442,0
1443,4
1444,0
1445,4
1446,0
1447,4
1448,0
1449,4
1450,0
1451,4
1452,0
1453,4
1454,0
1455,4
1456,0
1457,4
1458,0
1459,4
1460,0
1461,4
1462,0
1463,4
1464,0
1465,4
1466,0
1467,4
1468,0
1469,4
1470,0
1471,4
1472,0
1473,4
1474,0
1475,4
1476,0
1477,4
1478,0
1479,4
1480,0
1481,4
1482,0
1483,4
1484,0
1485,4
1486,0
1487,4
1488,0
1489,4
1490,0
1491,4
1492,0
1493,4
1494,0
1495,4
1496,0
1497,4
1498,0
1499,4
1500,0
1501,4
1502,0
1503,4
1504,0
1505,4
1506,0
1507,4
1508,0
1509,4
1510,0
1511,4
1512,0
1513,4
1514,0
1515,4
1516,0
1517,4
1518,0
1519,4
1520,0
1521,4
1522,0
1523,4
1524,0
1525,4
1526,0
1527,4
1528,0
1529,4
1530,0
1531,4
1532,0
1533,4
1534,0
1535,4
1536,0
1537,4
1538,0
1539,4
1540,0
1541,4
1542,0
1543,4
1544,0
1545,4
1546,0
1547,4
1548,0
1549,4
1550,0
1551,4
1552,0
1553,4
1554,0
1555,4
1556,0
1557,4
1558,0
1559,4
1560,0
1561,4
1562,0
1563,4
1564,0
1565,4
1566,0
1567,4
1568,0
1569,4
1570,0
1571,4
1572,0
1573,4
1574,0
1575,4
1576,0
1577,4
1578,0
1579,4
1580,0
1581,4
1582,0
1583,4
1584,0
1585,4
1586,0
1587,4
1588,0
1589,4
1590,0
1591,4
1592,0
1593,4
1594,0
1595,4
1596,0
1597,4
1598,0
1599,4
1600,0
1601,4
1602,0
1603,4
1604,0
1605,4
1606,0
1607,4
1608,0
1609,4
1610,0
1611,4
1612,0
1613,4
1614,0
1615,4
1616,0
1617,4
1618,0
1619,4
1620,0
1621,4
1622,0
1623,4
1624,0
1625,4
1626,0
1627,4
1628,0
1629,4
1630,0
1631,4
1632,0
1633,4
1634,0
1635,4
1636,0
1637,4
1638,0
1639,4
1640,0
1641,4
1642,0
1643,4
1644,0
1645,4
1646,0
1647,4
1648,0
1649,4
1650,0
1651,4
1652,0
1653,4
1654,0
1655,4
1656,0
1657,4
1658,0
1659,4
1660,0
1661,4
1662,0
1663,4
1664,0
1665,4
1666,0
1667,4
1668,0
1669,4
1670,0
1671,4
1672,0
1673,4
1674,0
1675,4
1676,0
1677,4
1678,0
1679,4
1680,0
1681,4
1682,0
1683,4
1684,0
1685,4
1686,0
1687,4
1688,0
1689,4
1690,0
1691,4
1692,0
1693,4
1694,0
1695,4
1696,0
1697,4
1698,0
1699,4
1700,0
1701,4
1702,0
1703,4
1704,0
1705,4
1706,0
1707,4
1708,0
1709,4
1710,0
1711,4
1712,0
1713,4
1714,0
1715,4
1716,0
1717,4
1718,0
1719,4
1720,0
1721,4
1722,0
1723,4
1724,0
1725,4
1726,0
1727,4
1728,0
1729,4
1730,0
1731,4
1732,0
1733,4
1734,0
1735,4
1736,0
1737,4
1738,0
1739,4
1740,0
1741,4
1742,0
1743,4
1744,0
1745,4
1746,0
1747,4
1748,0
1749,4
1750,0
1751,4
1752,0
1753,4
1754,0
1755,4
1756,0
1757,4
1758,0
1759,4
1760,0
1761,4
1762,0
1763,4
1764,0
1765,4
1766,0
1767,4
1768,0
1769,4
1770,0
1771,4
1772,0
1773,4
1774,0
1775,4
1776,0
1777,4
1778,0
1779,4
1780,0
1781,4
1782,0
1783,4
1784,0
1785,4
1786,0
1787,4
1788,0
1789,4
1790,0
1791,4
1792,0
1793,4
1794,0
1795,4
1796,0
1797,4
1798,0
1799,4
1800,0
1801,4
1802,0
1803,4
1804,0
1805,4
1806,0
1807,4
1808,0
1809,4
1810,0
1811,4
1812,0
1813,4
1814,0
1815,4
1816,0
1817,4
1818,0
1819,4
1820,0
1821,4
1822,0
1823,4
1824,0
1825,4
1826,0
1827,4
1828,0
1829,4
1830,0
1831,4
1832,0
1833,4
1834,0
1835,4
1836,0
1837,4
1838,0
1839,4
1840,0
1841,4
1842,0
1843,4
1844,0
1845,4
1846,0
1847,4
1848,0
1849,4
1850,0
1851,4
1852,0
1853,4
1854,0
1855,4
1856,0
1857,4
1858,0
1859,4
1860,0
1861,4
1862,0
1863,4
1864,0
1865,4
1866,0
1867,4
1868,0
1869,4
1870,0
1871,4
1872,0
1873,4
1874,0
1875,4
1876,0
1877,4
1878,0
1879,4
1880,0
1881,4
1882,0
1883,4
1884,0
1885,4
1886,0
1887,4
1888,0
1889,4
1890,0
1891,4
1892,0
1893,4
1894,0
1895,4
1896,0
1897,4
1898,0
1899,4
1900,0
1901,4
1902,0
1903,4
1904,0
1905,4
1906,0
1907,4
1908,0
1909,4
1910,0
1911,4
1912,0
1913,4
1914,0
1915,4
1916,0
1917,4
1918,0
1919,4
1920,0
1921,4
1922,0
1923,4
1924,0
1925,4
1926,0
1927,4
1928,0
1929,4
1930,0
1931,4
1932,0
1933,4
1934,0
1935,4
1936,0
1937,4
1938,0
1939,4
1940,0
1941,4
1942,0
1943,4
1944,0
1945,4
1946,0
1947,4
1948,0
1949,4
1950,0
1951,4
1952,1
1953,1
1954,1
1955,1
1956,1
1957,1
1958,1
1959,1
1960,1
1961,1
1962,1
1963,1
1964,1
1965,1
1966,1
1967,1
1968,1
1969,1
1970,1
1971,1
1972,1
1973,1
1974,1
1975,1
1976,1
1977,1
1978,1
1979,1
1980,1
1981,1
1982,1
1983,1
1984,1
1985,1
1986,1
1987,1
1988,1
1989,1
1990,1
1991,1
1992,1
1993,1
1994,1
1995,1
1996,1
1997,1
1998,1
1999,1
2000,1
2001,1
2002,1
2003,1
2004,1
2005,1
2006,1
2007,1
2008,1
2009,1
2010,1
2011,1
2012,1
2013,1
2014,1
2015,1
2016,1
2017,1
2018,1
2019,1
2020,1
2021,1
2022,1
2023,1
2024,1
2025,1
2026,1
2027,1
2028,1
2029,1
2030,1
2031,1
2032,1
2033,1
2034,1
2035,1
2036,1
2037,1
2038,1
2039,1
2040,1
2041,1
2042,1
2043,1
2044,1
2045,1
2046,1
2047,1
2048,1
2049,1
2050,1
2051,1
2052,1
2053,1
2054,1
2055,1
2056,1
2057,1
2058,1
2059,1
2060,1
2061,1
2062,1
2063,1
2064,1
2065,1
2066,3
2067,1
2068,3
2069,1
2070,3
2071,1
2072,3
2073,1
2074,3
2075,1
2076,3
2077,1
2078,3
2079,1
2080,3
2081,1
2082,3
2083,1
2084,3
2085,1
2086,3
2087,1
2088,3
2089,1
2090,3
2091,1
2092,3
2093,1
2094,3
2095,1
2096,3
2097,1
2098,3
2099,1
2100,3
2101,1
2102,3
2103,1
2104,3
2105,1
2106,3
2107,1
2108,3
2109,1
2110,3
2111,1
2112,3
2113,1
2114,3
2115,1
2116,3
2117,1
2118,3
2119,1
2120,3
2121,1
2122,3
2123,1
2124,3
2125,1
2126,3
2127,1
2128,3
2129,1
2130,3
2131,1
2132,3
2133,1
2134,3
2135,1
2136,3
2137,1
2138,3
2139,1
2140,3
2141,1
2142,3
2143,1
2144,3
2145,1
2146,3
2147,1
2148,3
2149,1
2150,3
2151,1
2152,3
2153,1
2154,3
2155,1
2156,3
2157,1
2158,3
2159,1
2160,3
2161,1
2162,3
2163,1
2164,3
2165,1
2166,3
2167,1
2168,3
2169,1
2170,3
2171,1
2172,3
2173,1
2174,3
2175,1
2176,3
2177,1
2178,3
2179,1
2180,3
2181,1
2182,3
2183,1
2184,3
2185,1
2186,3
2187,1
2188,3
2189,1
2190,3
2191,1
2192,3
2193,1
2194,3
2195,1
2196,3
2197,1
2198,3
2199,1
2200,3
2201,1
2202,3
2203,1
2204,3
2205,1
2206,3
2207,1
2208,3
2209,1
2210,3
2211,1
2212,3
2213,1
2214,3
2215,1
2216,3
2217,1
2218,3
2219,1
2220,3
2221,1
2222,3
2223,1
2224,3
2225,1
2226,3
2227,1
2228,3
2229,1
2230,3
2231,1
2232,3
2233,1
2234,3
2235,1
2236,3
2237,1
2238,3
2239,1
2240,3
2241,1
2242,3
2243,1
2244,3
2245,1
2246,3
2247,1
2248,3
2249,1
2250,3
2251,1
2252,3
2253,1
2254,3
2255,1
2256,3
2257,1
2258,3
2259,1
2260,3
2261,1
2262,3
2263,1
2264,3
2265,1
2266,3
2267,1
2268,3
2269,1
2270,3
2271,1
2272,3
2273,1
2274,3
2275,1
2276,3
2277,1
2278,3
2279,1
2280,3
2281,1
2282,3
2283,1
2284,3
2285,1
2286,3
2287,1
2288,3
2289,1
2290,3
2291,1
2292,3
2293,1
2294,3
2295,1
2296,3
2297,1
2298,3
2299,1
2300,3
2301,1
2302,3
2303,1
2304,3
2305,1
2306,3
2307,1
2308,3
2309,1
2310,3
2311,1
2312,3
2313,1
2314,3
2315,1
2316,3
2317,1
2318,3
2319,1
2320,3
2321,1
2322,3
2323,1
2324,3
2325,1
2326,3
2327,1
2328,3
2329,1
2330,3
2331,1
2332,3
2333,1
2334,3
2335,1
2336,3
2337,1
2338,3
2339,1
2340,3
2341,1
2342,3
2343,1
2344,3
2345,1
2346,3
2347,1
2348,3
2349,1
2350,3
2351,1
2352,3
2353,1
2354,3
2355,1
2356,3
2357,1
2358,3
2359,1
2360,3
2361,1
2362,3
2363,1
2364,3
2365,1
2366,3
2367,1
2368,3
2369,1
2370,3
2371,1
2372,3
2373,1
2374,3
2375,1
2376,3
2377,1
2378,3
2379,1
2380,3
2381,1
2382,3
2383,1
2384,3
2385,1
2386,3
2387,1
2388,3
2389,6
2390,12
2391,6
2392,12
2393,6
2394,12
2395,6
2396,12
2397,6
2398,12
2399,6
2400,12
2401,6
2402,12
2403,6
2404,12
2405,6
2406,12
2407,6
2408,12
2409,6
2410,12
2411,6
2412,12
2413,6
2414,12
2415,6
2416,12
2417,6
2418,12
2419,6
2420,12
2421,6
2422,12
2423,6
2424,12
2425,6
2426,12
2427,6
2428,12
2429,6
2430,12
2431,6
2432,12
2433,6
2434,12
2435,6
2436,12
2437,6
2438,12
2439,6
2440,12
2441,6
2442,12
2443,6
2444,12
2445,6
2446,12
2447,6
2448,12
2449,6
2450,12
2451,6
2452,12
2453,6
2454,12
2455,6
2456,12
2457,6
2458,12
2459,6
2460,12
2461,6
2462,12
2463,6
2464,12
2465,6
2466,12
2467,6
2468,12
2469,6
2470,12
2471,6
2472,12
2473,6
2474,12
2475,6
2476,12
2477,6
2478,12
2479,6
2480,12
2481,6
2482,12
2483,6
2484,12
2485,6
2486,12
2487,6
2488,12
2489,6
2490,12
2491,6
2492,12
2493,6
2494,12
2495,6
2496,12
2497,6
2498,12
2499,6
2500,12
2501,6
2502,12
2503,6
2504,12
2505,6
2506,12
2507,6
2508,12
2509,6
2510,12
2511,6
2512,12
2513,6
2514,12
2515,6
2516,12
2517,6
2518,12
2519,6
2520,12
2521,6
2522,12
2523,6
2524,12
2525,6
2526,12
2527,6
2528,12
2529,6
2530,12
2531,6
2532,12
2533,6
2534,12
2535,6
2536,12
2537,6
2538,12
2539,6
2540,12
2541,6
2542,12
2543,6
2544,12
2545,6
2546,12
2547,6
2548,12
2549,6
2550,12
2551,6
2552,12
2553,6
2554,12
2555,6
2556,12
2557,6
2558,12
2559,6
2560,12
2561,6
2562,12
2563,6
2564,12
2565,6
2566,12
2567,6
2568,12
2569,6
2570,12
2571,6
2572,12
2573,6
2574,12
2575,6
2576,12
2577,6
2578,12
2579,6
2580,12
2581,6
2582,12
2583,6
2584,12
2585,6
2586,12
2587,6
2588,12
2589,6
2590,12
2591,6
2592,12
2593,6
2594,12
2595,6
2596,12
2597,6
2598,12
2599,6
2600,12
2601,6
2602,12
2603,6
2604,12
2605,6
2606,12
2607,6
2608,12
2609,6
2610,12
2611,6
2612,12
2613,6
2614,12
2615,6
2616,12
2617,6
2618,12
2619,6
2620,12
2621,6
2622,12
2623,6
2624,12
2625,6
2626,12
2627,6
2628,12
2629,6
2630,12
2631,6
2632,12
2633,6
2634,12
2635,6
2636,12
2637,6
2638,12
2639,6
2640,12
2641,6
2642,12
2643,6
2644,12
2645,6
2646,12
2647,6
2648,12
2649,6
2650,12
2651,6
2652,12
2653,6
2654,12
2655,6
2656,12
2657,6
2658,12
2659,6
2660,12
2661,6
2662,12
2663,6
2664,12
2665,6
2666,12
2667,6
2668,12
2669,6
2670,12
2671,6
2672,12
2673,6
2674,12
2675,6
2676,12
2677,6
2678,12
2679,6
2680,12
2681,6
2682,12
2683,6
2684,12
2685,6
2686,12
2687,6
2688,12
2689,6
2690,12
2691,6
2692,12
2693,6
2694,12
2695,6
2696,12
2697,6
2698,12
2699,6
2700,12
2701,6
2702,12
2703,6
2704,12
2705,6
2706,12
2707,6
2708,12
2709,6
2710,12
2711,6
2712,12
2713,6
2714,12
2715,6
2716,12
2717,6
2718,12
2719,6
2720,12
2721,6
2722,12
2723,6
2724,12
2725,6
2726,12
2727,6
2728,12
2729,6
2730,12
2731,6
2732,12
2733,6
2734,12
2735,6
2736,12
2737,6
2738,12
2739,6
2740,12
2741,6
2742,12
2743,6
2744,12
2745,6
2746,12
2747,6
2748,12
2749,6
2750,12
2751,6
2752,12
2753,6
2754,12
2755,6
2756,12
2757,6
2758,12
2759,6
2760,12
2761,6
2762,12
2763,6
2764,12
2765,6
2766,12
2767,6
2768,12
2769,6
2770,12
2771,6
2772,12
2773,6
2774,12
2775,6
2776,12
2777,6
2778,12
2779,6
2780,12
2781,6
2782,12
2783,6
2784,12
2785,6
2786,12
2787,6
2788,12
2789,6
2790,12
2791,6
2792,12
2793,6
2794,12
2795,6
2796,12
2797,6
2798,12
2799,6
2800,12
2801,6
2802,12
2803,6
2804,12
2805,6
2806,12
2807,6
2808,12
2809,6
2810,12
2811,6
2812,12
2813,6
2814,12
2815,6
2816,12
2817,6
2818,12
2819,6
2820,12
2821,6
2822,12
2823,6
2824,12
2825,6
2826,12
2827,6
2828,12
2829,6
2830,12
2831,6
2832,12
2833,6
2834,12
2835,6
2836,12
2837,6
2838,12
2839,6
2840,12
2841,6
2842,12
2843,6
2844,12
2845,6
2846,12
2847,6
2848,12
2849,6
2850,12
2851,6
2852,12
2853,6
2854,12
2855,6
2856,12
2857,6
2858,12
2859,6
2860,12
2861,6
2862,12
2863,6
2864,12
2865,6
2866,12
2867,6
2868,12
2869,6
2870,12
2871,6
2872,12
2873,6
2874,12
2875,6
2876,12
2877,6
2878,12
2879,6
2880,12
2881,6
2882,12
2883,6
2884,12
2885,6
2886,12
2887,6
2888,12
2889,6
2890,12
2891,6
2892,12
2893,6
2894,12
2895,6
2896,12
2897,6
2898,12
2899,6
2900,12
2901,6
2902,12
2903,6
2904,12
2905,6
2906,12
2907,6
2908,12
2909,6
2910,12
2911,6
2912,12
2913,6
2914,12
2915,6
2916,12
2917,6
2918,12
2919,6
2920,12
2921,6
2922,12
2923,6
2924,12
2925,6
2926,12
2927,6
2928,12
2929,6
2930,12
2931,6
2932,12
2933,6
2934,12
2935,6
2936,12
2937,6
2938,12
2939,6
2940,12
2941,6
2942,12
2943,6
2944,12
2945,6
2946,12
2947,6
2948,12
2949,6
2950,12
2951,6
2952,12
2953,6
2954,12
2955,6
2956,12
2957,6
2958,12
2959,6
2960,12
2961,6
2962,12
2963,6
2964,12
2965,6
2966,12
2967,6
2968,12
2969,6
2970,12
2971,6
2972,12
2973,6
2974,12
2975,6
2976,12
2977,6
2978,12
2979,6
2980,12
2981,6
2982,12
2983,6
2984,12
2985,6
2986,12
2987,6
2988,12
2989,6
2990,12
2991,6
2992,12
2993,6
2994,12
2995,6
2996,12
2997,6
2998,12
2999,6
3000,12
3001,6
3002,12
3003,6
3004,12
3005,6
3006,12
3007,6
3008,12
3009,6
3010,12
3011,6
3012,12
3013,6
3014,12
3015,6
3016,12
3017,6
3018,12
3019,6
3020,12
3021,6
3022,12
3023,6
3024,12
3025,6
3026,12
3027,6
3028,12
3029,6
3030,12
3031,6
3032,12
3033,6
3034,12
3035,6
3036,12
3037,6
3038,12
3039,6
3040,12
3041,6
3042,12
3043,6
3044,12
3045,6
3046,12
3047,6
3048,12
3049,6
3050,12
3051,6
3052,12
3053,6
3054,12
3055,6
3056,12
3057,6
3058,12
3059,6
3060,12
3061,6
3062,12
3063,6
3064,12
3065,6
3066,12
3067,6
3068,12
3069,6
3070,12
3071,6
3072,12
3073,6
3074,12
3075,6
3076,12
3077,6
3078,12
3079,6
3080,12
3081,6
3082,12
3083,6
3084,12
3085,6
3086,12
3087,6
3088,12
3089,6
3090,12
3091,6
3092,12
3093,6
3094,12
3095,6
3096,12
3097,6
3098,12
3099,6
3100,12
3101,6
3102,12
3103,6
3104,12
3105,6
3106,12
3107,6
3108,12
3109,6
3110,12
3111,6
3112,12
3113,6
3114,12
3115,6
3116,12
3117,6
3118,12
3119,6
3120,12
3121,13
3122,18
3123,13
3124,18
3125,13
3126,18
3127,13
3128,18
3129,13
3130,18
3131,13
3132,18
3133,13
3134,18
3135,13
3136,18
3137,13
3138,18
3139,13
3140,18
3141,13
3142,18
3143,13
3144,18
3145,13
3146,18
3147,13
3148,18
3149,13
3150,18
3151,13
3152,18
3153,13
3154,18
3155,13
3156,18
3157,13
3158,18
3159,13
3160,18
3161,13
3162,18
3163,13
3164,18
3165,13
3166,18
3167,13
3168,18
3169,13
3170,18
3171,13
3172,18
3173,13
3174,18
3175,13
3176,18
3177,13
3178,18
3179,13
3180,18
3181,13
3182,18
3183,13
3184,18
3185,13
3186,18
3187,13
3188,18
3189,13
3190,18
3191,13
3192,18
3193,13
3194,18
3195,13
3196,18
3197,13
3198,18
3199,13
3200,18
3201,13
3202,18
3203,13
3204,18
3205,13
3206,18
3207,13
3208,18
3209,13
3210,18
3211,13
3212,18
3213,13
3214,18
3215,13
3216,18
3217,13
3218,18
3219,13
3220,18
3221,13
3222,18
3223,13
3224,18
3225,13
3226,18
3227,13
3228,18
3229,13
3230,18
3231,13
3232,18
3233,13
3234,18
3235,13
3236,18
3237,13
3238,18
3239,13
3240,18
3241,13
3242,18
3243,13
3244,18
3245,13
3246,18
3247,13
3248,18
3249,13
3250,18
3251,13
3252,18
3253,13
3254,18
3255,13
3256,18
3257,13
3258,18
3259,13
3260,18
3261,13
3262,18
3263,13
3264,18
3265,13
3266,18
3267,13
3268,18
3269,13
3270,18
3271,13
3272,18
3273,13
3274,18
3275,13
3276,18
3277,13
3278,18
3279,13
3280,18
3281,13
3282,18
3283,13
3284,18
3285,13
3286,18
3287,13
3288,18
3289,13
3290,18
3291,13
3292,18
3293,13
3294,18
3295,13
3296,18
3297,13
3298,18
3299,13
3300,18
3301,13
3302,18
3303,13
3304,18
3305,13
3306,18
3307,13
3308,18
3309,13
3310,18
3311,13
3312,18
3313,13
3314,18
3315,13
3316,18
3317,13
3318,18
3319,13
3320,18
3321,13
3322,18
3323,13
3324,18
3325,13
3326,18
3327,13
3328,18
3329,13
3330,18
3331,13
3332,18
3333,13
3334,18
3335,13
3336,18
3337,13
3338,18
3339,13
3340,18
3341,13
3342,18
3343,13
3344,18
3345,13
3346,18
3347,13
3348,18
3349,13
3350,18
3351,13
3352,18
3353,13
3354,18
3355,13
3356,18
3357,13
3358,18
3359,13
3360,18
3361,13
3362,18
3363,13
3364,18
3365,13
3366,18
3367,13
3368,18
3369,13
3370,18
3371,13
3372,18
3373,13
3374,18
3375,13
3376,18
3377,13
3378,18
3379,13
3380,18
3381,13
3382,18
3383,13
3384,18
3385,13
3386,18
3387,13
3388,18
3389,13
3390,18
3391,13
3392,18
3393,13
3394,18
3395,13
3396,18
3397,13
3398,18
3399,13
3400,18
3401,13
3402,18
3403,13
3404,18
3405,13
3406,18
3407,13
3408,18
3409,13
3410,18
3411,13
3412,18
3413,13
3414,18
3415,13
3416,18
3417,13
3418,18
3419,13
3420,18
3421,13
3422,18
3423,13
3424,18
3425,13
3426,18
3427,13
3428,18
3429,13
3430,18
3431,13
3432,18
3433,13
3434,18
3435,13
3436,18
3437,13
3438,18
3439,13
3440,18
3441,13
3442,18
3443,13
3444,18
3445,13
3446,18
3447,13
3448,18
3449,13
3450,18
3451,13
3452,18
3453,13
3454,18
3455,13
3456,18
3457,13
3458,18
3459,13
3460,18
3461,13
3462,18
3463,13
3464,18
3465,13
3466,18
3467,13
3468,18
3469,13
3470,18
3471,13
3472,18
3473,13
3474,18
3475,13
3476,18
3477,13
3478,18
3479,13
3480,18
3481,13
3482,18
3483,13
3484,18
3485,13
3486,18
3487,13
3488,18
3489,13
3490,18
3491,13
3492,18
3493,13
3494,18
3495,13
3496,18
3497,13
3498,18
3499,13
3500,18
3501,13
3502,18
3503,13
3504,18
3505,13
3506,18
3507,13
3508,18
3509,13
3510,18
3511,13
3512,18
3513,13
3514,18
3515,13
3516,18
3517,13
3518,18
3519,13
3520,18
3521,13
3522,18
3523,13
3524,18
3525,13
3526,18
3527,13
3528,18
3529,13
3530,18
3531,13
3532,18
3533,13
3534,18
3535,13
3536,18
3537,13
3538,18
3539,13
3540,18
3541,13
3542,18
3543,13
3544,18
3545,13
3546,18
3547,13
3548,18
3549,13
3550,18
3551,13
3552,18
3553,13
3554,18
3555,13
3556,18
3557,13
3558,18
3559,13
3560,18
3561,13
3562,18
3563,13
3564,18
3565,13
3566,18
3567,13
3568,18
3569,13
3570,18
3571,13
3572,18
3573,13
3574,18
3575,13
3576,18
3577,13
3578,18
3579,13
3580,18
3581,13
3582,18
3583,13
3584,18
3585,13
3586,18
3587,13
3588,18
3589,5
3590,4
3591,5
3592,4
3593,5
3594,4
3595,5
3596,4
3597,5
3598,4
3599,5
3600,4
3601,5
3602,4
3603,5
3604,4
3605,5
3606,4
3607,5
3608,4
3609,5
3610,4
3611,5
3612,4
3613,5
3614,4
3615,5
3616,4
3617,5
3618,4
3619,5
3620,4
3621,5
3622,4
3623,5
3624,4
3625,5
3626,4
3627,5
3628,4
3629,5
3630,4
3631,5
3632,4
3633,5
3634,4
3635,5
3636,4
3637,5
3638,4
3639,5
3640,4
3641,5
3642,4
3643,5
3644,4
3645,5
3646,4
3647,5
3648,4
3649,5
3650,4
3651,5
3652,4
3653,5
3654,4
3655,5
3656,4
3657,5
3658,4
3659,5
3660,4
3661,5
3662,4
3663,5
3664,4
3665,5
3666,4
3667,5
3668,4
3669,5
3670,4
3671,5
3672,4
3673,5
3674,4
3675,5
3676,4
3677,5
3678,4
3679,5
3680,4
3681,5
3682,4
3683,5
3684,4
3685,5
3686,4
3687,5
3688,4
3689,5
3690,4
3691,5
3692,4
3693,5
3694,4
3695,5
3696,4
3697,5
3698,4
3699,5
3700,4
3701,5
3702,4
3703,5
3704,4
3705,5
3706,4
3707,5
3708,4
3709,5
3710,4
3711,5
3712,4
3713,5
3714,4
3715,5
3716,4
3717,5
3718,4
3719,5
3720,4
3721,5
3722,4
3723,5
3724,4
3725,5
3726,4
3727,5
3728,4
3729,5
3730,4
3731,5
3732,4
3733,5
3734,4
3735,5
3736,4
3737,5
3738,4
3739,5
3740,4
3741,5
3742,4
3743,5
3744,4
3745,5
3746,4
3747,5
3748,4
3749,5
3750,4
3751,5
3752,4
3753,5
3754,4
3755,5
3756,4
3757,5
3758,4
3759,5
3760,4
3761,5
3762,4
3763,5
3764,4
3765,5
3766,4
3767,5
3768,4
3769,5
3770,4
3771,5
3772,4
3773,5
3774,4
3775,5
3776,4
3777,5
3778,4
3779,5
3780,4
3781,5
3782,4
3783,5
3784,4
3785,5
3786,4
3787,5
3788,4
3789,5
3790,4
3791,5
3792,4
3793,5
3794,4
3795,5
3796,4
3797,5
3798,4
3799,5
3800,4
3801,5
3802,4
3803,5
3804,4
3805,5
3806,4
3807,5
3808,4
3809,5
3810,4
3811,5
3812,4
3813,5
3814,4
3815,5
3816,4
3817,5
3818,4
3819,5
3820,4
3821,5
3822,4
3823,5
3824,4
3825,5
3826,4
3827,5
3828,4
3829,5
3830,4
3831,5
3832,4
3833,5
3834,4
3835,5
3836,4
3837,5
3838,4
3839,5
3840,4
3841,5
3842,4
3843,5
3844,4
3845,5
3846,4
3847,5
3848,4
3849,5
3850,4
3851,5
3852,4
3853,5
3854,4
3855,5
3856,4
3857,5
3858,4
3859,5
3860,4
3861,5
3862,4
3863,5
3864,4
3865,5
3866,4
3867,5
3868,4
3869,5
3870,4
3871,5
3872,4
3873,5
3874,4
3875,5
3876,4
3877,5
3878,4
3879,5
3880,4
3881,5
3882,4
3883,5
3884,4
3885,5
3886,4
3887,5
3888,4
3889,5
3890,4
3891,5
3892,4
3893,5
3894,4
3895,5
3896,4
3897,5
3898,4
3899,5
3900,4
3901,5
3902,4
3903,5
3904,4
3905,5
3906,4
3907,5
3908,4
3909,5
3910,4
3911,5
3912,4
3913,5
3914,4
3915,5
3916,4
3917,5
3918,4
3919,5
3920,4
3921,5
3922,4
3923,5
3924,4
3925,5
3926,4
3927,5
3928,4
3929,5
3930,4
3931,5
3932,4
3933,5
3934,4
3935,5
3936,4
3937,5
3938,4
3939,5
3940,4
3941,5
3942,4
3943,5
3944,4
3945,5
3946,4
3947,5
3948,4
3949,5
3950,4
3951,5
3952,4
3953,5
3954,4
3955,5
3956,4
3957,5
3958,4
3959,5
3960,4
3961,5
3962,4
3963,5
3964,4
3965,5
3966,4
3967,5
3968,4
3969,5
3970,4
3971,5
3972,4
3973,5
3974,4
3975,5
3976,4
3977,5
3978,4
3979,5
3980,4
3981,5
3982,4
3983,5
3984,4
3985,5
3986,4
3987,5
3988,4
3989,5
3990,4
3991,5
3992,4
3993,5
3994,4
3995,5
3996,4
3997,5
3998,4
3999,5
4000,4
4001,5
4002,4
4003,5
4004,4
4005,5
4006,4
4007,5
4008,4
4009,5
4010,4
4011,5
4012,4
4013,5
4014,4
4015,5
4016,4
4017,5
4018,4
4019,5
4020,4
4021,5
4022,4
4023,5
4024,4
4025,5
4026,4
4027,5
4028,4
4029,5
4030,4
4031,5
4032,4
4033,5
4034,4
4035,5
4036,4
4037,5
4038,4
4039,5
4040,4
4041,5
4042,4
4043,5
4044,4
4045,5
4046,4
4047,5
4048,4
4049,5
4050,4
4051,5
4052,4
4053,5
4054,4
4055,5
4056,4
4057,5
4058,4
4059,5
4060,4
4061,5
4062,4
4063,5
4064,4
4065,5
4066,4
4067,5
4068,4
4069,5
4070,4
4071,5
4072,4
4073,5
4074,4
4075,5
4076,4
4077,5
4078,4
4079,5
4080,4
4081,5
4082,4
4083,5
4084,4
4085,5
4086,4
4087,5
4088,4
4089,5
4090,4
4091,5
4092,4
4093,5
4094,4
4095,5
4096,4
4097,5
4098,4
4099,5
4100,4
4101,5
4102,4
4103,5
4104,4
4105,5
4106,4
4107,5
4108,4
4109,5
4110,4
4111,5
4112,4
4113,5
4114,4
4115,5
4116,4
4117,5
4118,4
4119,5
4120,4
4121,5
4122,4
4123,5
4124,4
4125,5
4126,4
4127,5
4128,4
4129,5
4130,4
4131,5
4132,4
4133,5
4134,4
4135,5
4136,4
4137,5
4138,4
4139,5
4140,4
4141,5
4142,4
4143,5
4144,4
4145,5
4146,4
4147,5
4148,4
4149,5
4150,4
4151,5
4152,4
4153,5
4154,4
4155,5
4156,4
4157,5
4158,4
4159,5
4160,4
4161,5
4162,4
4163,5
4164,4
4165,5
4166,4
4167,5
4168,4
4169,5
4170,4
4171,5
4172,4
4173,5
4174,4
4175,5
4176,4
4177,5
4178,4
4179,5
4180,4
4181,5
4182,4
4183,5
4184,4
4185,5
4186,4
4187,5
4188,4
4189,5
4190,4
4191,5
4192,4
4193,5
4194,4
4195,5
4196,4
4197,5
4198,4
4199,5
4200,4
4201,5
4202,4
4203,5
4204,4
4205,5
4206,4
4207,5
4208,4
4209,5
4210,4
4211,5
4212,4
4213,5
4214,4
4215,5
4216,4
4217,5
4218,4
4219,5
4220,4
4221,5
4222,4
4223,5
4224,4
4225,5
4226,4
4227,5
4228,4
4229,5
4230,4
4231,5
4232,4
4233,5
4234,4
4235,5
4236,4
4237,5
4238,4
4239,5
4240,4
4241,5
4242,4
4243,5
4244,4
4245,5
4246,4
4247,5
4248,4
4249,5
4250,4
4251,5
4252,4
4253,5
4254,4
4255,5
4256,4
4257,5
4258,4
4259,5
4260,4
4261,5
4262,4
4263,5
4264,4
4265,5
4266,4
4267,5
4268,4
4269,5
4270,4
4271,5
4272,4
4273,5
4274,4
4275,5
4276,4
4277,5
4278,4
4279,5
4280,4
4281,5
4282,4
4283,5
4284,4
4285,5
4286,4
4287,5
4288,4
4289,5
4290,4
4291,5
4292,4
4293,5
4294,4
4295,5
4296,4
4297,5
4298,4
4299,5
4300,4
4301,5
4302,4
4303,5
4304,4
4305,5
4306,4
4307,5
4308,4
4309,5
4310,4
4311,5
4312,4
4313,5
4314,4
4315,5
4316,4
4317,5
4318,4
4319,5
4320,4
4321,5
4322,4
4323,5
4324,4
4325,5
4326,4
4327,5
4328,4
4329,5
4330,4
4331,5
4332,4
4333,5
4334,4
4335,5
4336,4
4337,5
4338,4
4339,5
4340,4
4341,5
4342,4
4343,5
4344,4
4345,5
4346,4
4347,5
4348,4
4349,5
4350,4
4351,5
4352,4
4353,5
4354,4
4355,5
4356,4
4357,5
4358,4
4359,5
4360,4
4361,5
4362,4
4363,5
4364,4
4365,5
4366,4
4367,5
4368,4
4369,5
4370,4
4371,5
4372,4
4373,5
4374,4
4375,5
4376,4
4377,5
4378,4
4379,5
4380,4
4381,5
4382,4
4383,5
4384,4
4385,5
4386,4
4387,5
4388,4
4389,5
4390,4
4391,5
4392,4
4393,5
4394,4
4395,5
4396,4
4397,5
4398,4
4399,5
4400,4
4401,5
4402,4
4403,5
4404,4
4405,5
4406,4
4407,5
4408,4
4409,5
4410,4
4411,5
4412,4
4413,5
4414,4
4415,5
4416,4
4417,5
4418,4
4419,5
4420,4
4421,5
4422,4
4423,5
4424,4
4425,5
4426,4
4427,5
4428,4
4429,5
4430,4
4431,5
4432,4
4433,5
4434,4
4435,5
4436,4
4437,5
4438,4
4439,5
4440,4
4441,5
4442,4
4443,5
4444,4
4445,5
4446,4
4447,5
4448,4
4449,5
4450,4
4451,5
4452,4
4453,5
4454,4
4455,5
4456,4
4457,5
4458,4
4459,5
4460,4
4461,5
4462,4
4463,5
4464,4
4465,5
4466,4
4467,5
4468,4
4469,5
4470,4
4471,5
4472,4
4473,5
4474,4
4475,5
4476,4
4477,5
4478,4
4479,5
4480,4
4481,5
4482,4
4483,5
4484,4
4485,5
4486,4
4487,5
4488,4
4489,5
4490,4
4491,5
4492,4
4493,5
4494,4
4495,5
4496,4
4497,5
4498,4
4499,5
4500,4
4501,5
4502,4
4503,5
4504,4
4505,5
4506,4
4507,5
4508,4
4509,5
4510,4
4511,5
4512,4
4513,5
4514,4
4515,5
4516,4
4517,5
4518,7
4519,5
4520,7
4521,5
4522,7
4523,5
4524,7
4525,5
4526,7
4527,5
4528,7
4529,5
4530,7
4531,5
4532,7
4533,5
4534,7
4535,5
4536,7
4537,5
4538,7
4539,5
4540,7
4541,5
4542,7
4543,5
4544,7
4545,5
4546,7
4547,5
4548,7
4549,5
4550,7
4551,5
4552,7
4553,5
4554,7
4555,5
4556,7
4557,5
4558,7
4559,5
4560,7
4561,5
4562,7
4563,5
4564,7
4565,5
4566,7
4567,5
4568,7
4569,5
4570,7
4571,5
4572,7
4573,5
4574,7
4575,5
4576,7
4577,5
4578,7
4579,5
4580,7
4581,5
4582,7
4583,5
4584,7
4585,5
4586,7
4587,5
4588,7
4589,5
4590,7
4591,5
4592,7
4593,5
4594,7
4595,5
4596,7
4597,5
4598,7
4599,5
4600,7
4601,5
4602,7
4603,5
4604,7
4605,5
4606,7
4607,5
4608,7
4609,5
4610,7
4611,5
4612,7
4613,5
4614,7
4615,5
4616,7
4617,5
4618,7
4619,5
4620,7
4621,5
4622,7
4623,5
4624,7
4625,5
4626,7
4627,5
4628,7
4629,5
4630,7
4631,5
4632,7
4633,5
4634,7
4635,5
4636,7
4637,5
4638,7
4639,5
4640,7
4641,5
4642,7
4643,5
4644,7
4645,5
4646,7
4647,5
4648,7
4649,5
4650,7
4651,5
4652,7
4653,5
4654,7
4655,5
4656,7
4657,5
4658,7
4659,5
4660,7
4661,5
4662,7
4663,5
4664,7
4665,5
4666,7
4667,5
4668,7
4669,5
4670,7
4671,5
4672,7
4673,5
4674,7
4675,5
4676,7
4677,5
4678,7
4679,5
4680,7
4681,5
4682,7
4683,5
4684,7
4685,5
4686,7
4687,5
4688,7
4689,5
4690,7
4691,5
4692,7
4693,5
4694,7
4695,5
4696,7
4697,5
4698,7
4699,5
4700,7
4701,5
4702,7
4703,5
4704,7
4705,5
4706,7
4707,5
4708,7
4709,5
4710,7
4711,5
4712,7
4713,5
4714,7
4715,5
4716,7
4717,5
4718,7
4719,5
4720,7
4721,5
4722,7
4723,5
4724,7
4725,5
4726,7
4727,5
4728,7
4729,5
4730,7
4731,5
4732,7
4733,5
4734,7
4735,5
4736,7
4737,5
4738,7
4739,5
4740,7
4741,5
4742,7
4743,5
4744,7
4745,5
4746,7
4747,5
4748,7
4749,5
4750,7
4751,5
4752,7
4753,5
4754,7
4755,5
4756,7
4757,5
4758,7
4759,5
4760,7
4761,5
4762,7
4763,5
4764,7
4765,5
4766,7
4767,5
4768,7
4769,5
4770,7
4771,4
4772,2
4773,4
4774,2
4775,4
4776,2
4777,4
4778,2
4779,4
4780,2
4781,4
4782,2
4783,4
4784,2
4785,4
4786,2
4787,4
4788,2
4789,4
4790,2
4791,4
4792,2
4793,4
4794,2
4795,4
4796,2
4797,4
4798,2
4799,4
4800,2
4801,4
4802,2
4803,4
4804,2
4805,4
4806,2
4807,4
4808,2
4809,4
4810,2
4811,4
4812,2
4813,4
4814,2
4815,4
4816,2
4817,4
4818,2
4819,4
4820,2
4821,4
4822,2
4823,4
4824,2
4825,4
4826,2
4827,4
4828,2
4829,4
4830,2
4831,4
4832,2
4833,4
4834,2
4835,4
4836,2
4837,4
4838,2
4839,4
4840,2
4841,4
4842,2
4843,4
4844,2
4845,4
4846,2
4847,4
4848,2
4849,4
4850,2
4851,4
4852,2
4853,4
4854,2
4855,4
4856,2
4857,4
4858,2
4859,4
4860,2
4861,4
4862,2
4863,4
4864,2
4865,4
4866,2
4867,4
4868,2
4869,4
4870,2
4871,4
4872,2
4873,4
4874,2
4875,4
4876,2
4877,4
4878,2
4879,4
4880,2
4881,4
4882,2
4883,4
4884,2
4885,4
4886,2
4887,4
4888,2
4889,4
4890,2
4891,4
4892,2
4893,4
4894,2
4895,4
4896,2
4897,4
4898,2
4899,4
4900,2
4901,4
4902,2
4903,4
4904,2
4905,4
4906,2
4907,4
4908,2
4909,4
4910,2
4911,4
4912,2
4913,4
4914,2
4915,4
4916,2
4917,4
4918,2
4919,4
4920,2
4921,4
4922,2
4923,4
4924,2
4925,4
4926,2
4927,4
4928,2
4929,4
4930,2
4931,4
4932,2
4933,4
4934,2
4935,4
4936,2
4937,4
4938,2
4939,4
4940,2
4941,4
4942,2
4943,4
4944,2
4945,4
4946,2
4947,4
4948,2
4949,4
4950,2
4951,4
4952,2
4953,4
4954,2
4955,4
4956,2
4957,4
4958,2
4959,4
4960,2
4961,4
4962,2
4963,4
4964,2
4965,4
4966,2
4967,4
4968,2
4969,4
4970,2
4971,4
4972,2
4973,4
4974,2
4975,4
4976,2
4977,4
4978,2
4979,4
4980,2
4981,4
4982,2
4983,4
4984,2
4985,4
4986,2
4987,4
4988,2
4989,4
4990,2
4991,4
4992,2
4993,4
4994,2
4995,4
4996,2
4997,4
4998,2
4999,4
5000,2
5001,4
5002,2
5003,4
5004,2
5005,4
5006,2
5007,4
5008,2
5009,4
5010,2
5011,4
5012,2
5013,4
5014,2
5015,4
5016,2
5017,4
5018,2
5019,4
5020,2
5021,4
5022,2
5023,4
5024,2
5025,4
5026,2
5027,4
5028,2
5029,4
5030,2
5031,4
5032,2
5033,4
5034,2
5035,4
5036,2
5037,4
5038,2
5039,4
5040,2
5041,4
5042,2
5043,4
5044,2
5045,4
5046,2
5047,4
5048,2
5049,4
5050,2
5051,4
5052,2
5053,4
5054,2
5055,4
5056,2
5057,4
5058,2
5059,4
5060,2
5061,4
5062,2
5063,4
5064,2
5065,4
5066,2
5067,4
5068,2
5069,4
5070,2
5071,4
5072,2
5073,4
5074,2
5075,4
5076,2
5077,4
5078,2
5079,4
5080,2
5081,4
5082,2
5083,4
5084,2
5085,4
5086,2
5087,4
5088,2
5089,4
5090,2
5091,4
5092,2
5093,4
5094,2
5095,4
5096,2
5097,4
5098,2
5099,4
5100,2
5101,4
5102,2
5103,4
5104,2
5105,4
5106,2
5107,4
5108,2
5109,4
5110,2
5111,4
5112,2
5113,4
5114,2
5115,4
5116,2
5117,4
5118,2
5119,4
5120,2
5121,4
5122,2
5123,4
5124,2
5125,4
5126,2
5127,4
5128,2
5129,4
5130,2
5131,4
5132,2
5133,4
5134,2
5135,4
5136,2
5137,4
5138,2
5139,4
5140,2
5141,4
5142,2
5143,4
5144,2
5145,4
5146,2
5147,4
5148,2
5149,4
5150,2
5151,4
5152,2
5153,4
5154,2
5155,4
5156,2
5157,4
5158,2
5159,4
5160,2
5161,4
5162,2
5163,4
5164,2
5165,4
5166,2
5167,4
5168,2
5169,4
5170,2
5171,4
5172,2
5173,4
5174,2
5175,4
5176,2
5177,4
5178,2
5179,4
5180,2
5181,4
5182,2
5183,4
5184,2
5185,4
5186,2
5187,4
5188,2
5189,4
5190,2
5191,4
5192,2
5193,4
5194,2
5195,4
5196,2
5197,4
5198,2
5199,4
5200,2
5201,4
5202,2
5203,4
5204,2
5205,4
5206,2
5207,4
5208,2
5209,4
5210,2
5211,4
5212,2
5213,4
5214,2
5215,4
5216,2
5217,4
5218,2
5219,4
5220,2
5221,4
5222,2
5223,4
5224,2
5225,4
5226,2
5227,4
5228,2
5229,4
5230,2
5231,4
5232,2
5233,4
5234,2
5235,4
5236,2
5237,4
5238,2
5239,4
5240,2
5241,4
5242,2
5243,4
5244,2
5245,4
5246,2
5247,4
5248,2
5249,4
5250,2
5251,4
5252,2
5253,4
5254,2
5255,4
5256,2
5257,4
5258,2
5259,4
5260,2
5261,4
5262,2
5263,4
5264,2
5265,4
5266,2
5267,4
5268,2
5269,4
5270,2
5271,4
5272,2
5273,4
5274,2
5275,4
5276,2
5277,4
5278,2
5279,4
5280,2
5281,4
5282,2
5283,4
5284,2
5285,4
5286,2
5287,4
5288,2
5289,4
5290,2
5291,4
5292,2
5293,4
5294,2
5295,4
5296,2
5297,4
5298,2
5299,4
5300,2
5301,4
5302,2
5303,4
5304,2
5305,4
5306,2
5307,4
5308,2
5309,4
5310,2
5311,4
5312,2
5313,4
5314,2
5315,4
5316,2
5317,4
5318,2
5319,4
5320,2
5321,4
5322,2
5323,4
5324,2
5325,4
5326,2
5327,4
5328,2
5329,4
5330,2
5331,4
5332,2
5333,4
5334,2
5335,4
5336,2
5337,4
5338,2
5339,4
5340,2
5341,4
5342,2
5343,4
5344,2
5345,4
5346,2
5347,4
5348,2
5349,4
5350,2
5351,4
5352,2
5353,4
5354,2
5355,4
5356,2
5357,4
5358,2
5359,4
5360,2
5361,4
5362,2
5363,4
5364,2
5365,4
5366,2
5367,4
5368,2
5369,4
5370,2
5371,4
5372,2
5373,4
5374,2
5375,4
5376,2
5377,4
5378,2
5379,4
5380,2
5381,4
5382,2
5383,4
5384,2
5385,23
5386,25
5387,23
5388,25
5389,23
5390,25
5391,23
5392,25
5393,23
5394,25
5395,23
5396,25
5397,23
5398,25
5399,23
5400,25
5401,23
5402,25
5403,23
5404,25
5405,23
5406,25
5407,23
5408,25
5409,23
5410,25
5411,23
5412,25
5413,23
5414,25
5415,23
5416,25
5417,23
5418,25
5419,23
5420,25
5421,23
5422,25
5423,23
5424,25
5425,23
5426,25
5427,23
5428,25
5429,23
5430,25
5431,23
5432,25
5433,23
5434,25
5435,23
5436,25
5437,23
5438,25
5439,23
5440,25
5441,23
5442,25
5443,23
5444,25
5445,23
5446,25
5447,23
5448,25
5449,23
5450,25
5451,23
5452,25
5453,23
5454,25
5455,23
5456,25
5457,23
5458,25
5459,23
5460,25
5461,23
5462,25
5463,23
5464,25
5465,23
5466,25
5467,23
5468,25
5469,23
5470,25
5471,23
5472,25
5473,23
5474,25
5475,23
5476,25
5477,23
5478,25
5479,23
5480,25
5481,23
5482,25
5483,23
5484,25
5485,23
5486,25
5487,23
5488,25
5489,23
5490,25
5491,23
5492,25
5493,23
5494,25
5495,23
5496,25
5497,23
5498,25
5499,23
5500,25
5501,23
5502,25
5503,23
5504,25
5505,23
5506,25
5507,23
5508,25
5509,23
5510,25
5511,23
5512,25
5513,23
5514,25
5515,23
5516,25
5517,23
5518,25
5519,23
5520,25
5521,23
5522,25
5523,23
5524,25
5525,23
5526,25
5527,23
5528,25
5529,23
5530,25
5531,23
5532,25
5533,23
5534,25
5535,23
5536,25
5537,23
5538,25
5539,23
5540,25
5541,23
5542,25
5543,23
5544,25
5545,23
5546,25
5547,23
5548,25
5549,23
5550,25
5551,23
5552,25
5553,23
5554,25
5555,23
5556,25
5557,23
5558,25
5559,23
5560,25
5561,23
5562,25
5563,23
5564,25
5565,23
5566,25
5567,23
5568,25
5569,23
5570,25
5571,23
5572,25
5573,23
5574,25
5575,23
5576,25
5577,23
5578,25
5579,23
5580,25
5581,23
5582,25
5583,23
5584,25
5585,23
5586,25
5587,23
5588,25
5589,23
5590,25
5591,23
5592,25
5593,23
5594,25
5595,23
5596,25
5597,23
5598,25
5599,23
5600,25
5601,23
5602,25
5603,23
5604,25
5605,23
5606,25
5607,23
5608,25
5609,23
5610,25
5611,23
5612,25
5613,23
5614,25
5615,23
5616,25
5617,23
5618,25
5619,23
5620,25
5621,23
5622,25
5623,23
5624,25
5625,23
5626,25
5627,23
5628,25
5629,23
5630,25
5631,23
5632,25
5633,23
5634,25
5635,23
5636,25
5637,23
5638,25
5639,23
5640,25
5641,23
5642,25
5643,23
5644,25
5645,23
5646,25
5647,23
5648,25
5649,23
5650,25
5651,23
5652,25
5653,23
5654,25
5655,23
5656,25
5657,23
5658,25
5659,23
5660,25
5661,23
5662,25
5663,23
5664,25
5665,23
5666,25
5667,23
5668,25
5669,23
5670,25
5671,23
5672,25
5673,23
5674,25
5675,23
5676,25
5677,23
5678,25
5679,23
5680,25
5681,23
5682,25
5683,23
5684,25
5685,23
5686,25
5687,23
5688,25
5689,23
5690,25
5691,23
5692,25
5693,23
5694,25
5695,23
5696,25
5697,23
5698,25
5699,23
5700,25
5701,23
5702,25
5703,23
5704,25
5705,23
5706,25
5707,23
5708,25
5709,23
5710,25
5711,23
5712,25
5713,23
5714,25
5715,23
5716,25
5717,23
5718,25
5719,23
5720,25
5721,23
5722,25
5723,23
5724,25
5725,23
5726,25
5727,23
5728,25
5729,23
5730,25
5731,23
5732,25
5733,23
5734,25
5735,23
5736,25
5737,23
5738,25
5739,23
5740,25
5741,23
5742,25
5743,23
5744,25
5745,23
5746,25
5747,23
5748,25
5749,23
5750,25
5751,23
5752,25
5753,23
5754,25
5755,23
5756,25
5757,23
5758,25
5759,23
5760,25
5761,23
5762,25
5763,23
5764,25
5765,23
5766,25
5767,23
5768,25
5769,23
5770,25
5771,23
5772,25
5773,23
5774,25
5775,23
5776,25
5777,23
5778,25
5779,23
5780,25
5781,23
5782,25
5783,23
5784,25
5785,23
5786,25
5787,23
5788,25
5789,23
5790,25
5791,23
5792,25
5793,23
5794,25
5795,23
5796,25
5797,23
5798,25
5799,23
5800,25
5801,23
5802,25
5803,23
5804,25
5805,23
5806,25
5807,23
5808,25
5809,23
5810,25
5811,23
5812,25
5813,23
5814,25
5815,23
5816,25
5817,23
5818,25
5819,23
5820,25
5821,23
5822,25
5823,23
5824,25
5825,23
5826,25
5827,23
5828,25
5829,23
5830,25
5831,23
5832,25
5833,23
5834,25
5835,23
5836,25
5837,23
5838,25
5839,23
5840,25
5841,23
5842,25
5843,23
5844,25
5845,23
5846,25
5847,23
5848,25
5849,23
5850,25
5851,23
5852,25
5853,23
5854,25
5855,23
5856,25
5857,23
5858,25
5859,23
5860,25
5861,23
5862,25
5863,23
5864,25
5865,23
5866,25
5867,23
5868,25
5869,23
5870,25
5871,23
5872,25
5873,23
5874,25
5875,23
5876,25
5877,23
5878,25
5879,23
5880,25
5881,23
5882,25
5883,23
5884,25
5885,23
5886,25
5887,23
5888,25
5889,23
5890,25
5891,23
5892,25
5893,23
5894,25
5895,23
5896,25
5897,23
5898,25
5899,23
5900,25
5901,23
5902,25
5903,23
5904,25
5905,23
5906,25
5907,23
5908,25
5909,23
5910,25
5911,23
5912,25
5913,23
5914,25
5915,23
5916,25
5917,23
5918,25
5919,23
5920,25
5921,23
5922,25
5923,23
5924,25
5925,23
5926,25
5927,23
5928,25
5929,23
5930,25
5931,23
5932,25
5933,23
5934,25
5935,23
5936,25
5937,23
5938,25
5939,7
5940,4
5941,7
5942,4
5943,7
5944,4
5945,7
5946,4
5947,7
5948,4
5949,7
5950,4
5951,7
5952,4
5953,7
5954,4
5955,7
5956,4
5957,7
5958,4
5959,7
5960,4
5961,7
5962,4
5963,7
5964,4
5965,7
5966,4
5967,7
5968,4
5969,7
5970,4
5971,7
5972,4
5973,7
5974,4
5975,7
5976,4
5977,7
5978,4
5979,7
5980,4
5981,7
5982,4
5983,7
5984,4
5985,7
5986,4
5987,7
5988,4
5989,7
5990,4
5991,7
5992,4
5993,7
5994,4
5995,7
5996,4
5997,7
5998,4
5999,7
6000,4
6001,7
6002,4
6003,7
6004,4
6005,7
6006,4
6007,7
6008,4
6009,7
6010,4
6011,7
6012,4
6013,7
6014,4
6015,7
6016,4
6017,7
6018,4
6019,7
6020,4
6021,7
6022,4
6023,7
6024,4
6025,7
6026,4
6027,7
6028,4
6029,7
6030,4
6031,7
6032,4
6033,7
6034,4
6035,7
6036,4
6037,7
6038,4
6039,7
6040,4
6041,7
6042,4
6043,7
6044,4
6045,7
6046,4
6047,7
6048,4
6049,7
6050,4
6051,7
6052,4
6053,7
6054,4
6055,7
6056,4
6057,7
6058,4
6059,7
6060,4
6061,7
6062,4
6063,7
6064,4
6065,7
6066,4
6067,7
6068,4
6069,7
6070,4
6071,7
6072,4
6073,7
6074,4
6075,7
6076,4
6077,7
6078,4
6079,7
6080,4
6081,7
6082,4
6083,7
6084,4
6085,7
6086,4
6087,7
6088,4
6089,7
6090,4
6091,7
6092,4
6093,7
6094,4
6095,7
6096,4
6097,7
6098,4
6099,7
6100,4
6101,7
6102,4
6103,7
6104,4
6105,7
6106,4
6107,7
6108,4
6109,7
6110,4
6111,7
6112,4
6113,7
6114,4
6115,7
6116,4
6117,7
6118,4
6119,7
6120,4
6121,7
6122,4
6123,7
6124,4
6125,7
6126,4
6127,7
6128,4
6129,7
6130,4
6131,7
6132,4
6133,7
6134,4
6135,7
6136,4
6137,7
6138,4
6139,7
6140,4
6141,7
6142,4
6143,7
6144,4
6145,7
6146,4
6147,7
6148,4
6149,7
6150,4
6151,7
6152,4
6153,7
6154,4
6155,7
6156,4
6157,7
6158,4
6159,7
6160,4
6161,7
6162,4
6163,7
6164,4
6165,7
6166,4
6167,7
6168,4
6169,7
6170,4
6171,7
6172,4
6173,7
6174,4
6175,7
6176,4
6177,7
6178,4
6179,7
6180,4
6181,7
6182,4
6183,7
6184,4
6185,7
6186,4
6187,7
6188,4
6189,7
6190,4
6191,7
6192,4
6193,7
6194,4
6195,7
6196,4
6197,7
6198,4
6199,7
6200,4
6201,7
6202,4
6203,7
6204,4
6205,7
6206,4
6207,7
6208,4
6209,7
6210,4
6211,7
6212,4
6213,7
6214,4
6215,7
6216,4
6217,7
6218,4
6219,7
6220,4
6221,7
6222,4
6223,7
6224,4
6225,7
6226,4
6227,7
6228,4
6229,7
6230,4
6231,7
6232,4
6233,7
6234,4
6235,7
6236,4
6237,7
6238,4
6239,7
6240,4
6241,7
6242,4
6243,7
6244,4
6245,7
6246,4
6247,7
6248,4
6249,7
6250,4
6251,7
6252,4
6253,7
6254,4
6255,7
6256,4
6257,7
6258,4
6259,7
6260,4
6261,7
6262,4
6263,7
6264,4
6265,7
6266,4
6267,7
6268,4
6269,7
6270,4
6271,7
6272,4
6273,7
6274,4
6275,7
6276,4
6277,7
6278,4
6279,7
6280,4
6281,7
6282,4
6283,7
6284,4
6285,7
6286,4
6287,7
6288,4
6289,7
6290,4
6291,7
6292,4
6293,7
6294,4
6295,7
6296,4
6297,7
6298,4
6299,7
6300,4
6301,7
6302,4
6303,7
6304,4
6305,7
6306,4
6307,7
6308,4
6309,7
6310,4
6311,7
6312,4
6313,7
6314,4
6315,7
6316,4
6317,7
6318,4
6319,7
6320,4
6321,7
6322,4
6323,7
6324,4
6325,7
6326,4
6327,7
6328,4
6329,7
6330,4
6331,7
6332,4
6333,7
6334,4
6335,7
6336,4
6337,7
6338,4
6339,7
6340,4
6341,7
6342,4
6343,7
6344,4
6345,7
6346,4
6347,7
6348,4
6349,7
6350,4
6351,7
6352,4
6353,7
6354,4
6355,7
6356,4
6357,7
6358,4
6359,7
6360,4
6361,7
6362,4
6363,7
6364,4
6365,7
6366,4
6367,7
6368,4
6369,7
6370,4
6371,7
6372,4
6373,7
6374,4
6375,7
6376,4
6377,7
6378,4
6379,7
6380,4
6381,7
6382,4
6383,7
6384,4
6385,7
6386,4
6387,7
6388,4
6389,7
6390,4
6391,7
6392,4
6393,7
6394,4
6395,7
6396,4
6397,7
6398,4
6399,7
6400,4
6401,7
6402,4
6403,7
6404,4
6405,7
6406,4
6407,7
6408,4
6409,7
6410,4
6411,7
6412,4
6413,7
6414,4
6415,7
6416,4
6417,7
6418,4
6419,7
6420,4
6421,7
6422,4
6423,7
6424,4
6425,7
6426,4
6427,7
6428,4
6429,7
6430,4
6431,7
6432,4
6433,7
6434,4
6435,7
6436,4
6437,7
6438,4
6439,7
6440,4
6441,7
6442,4
6443,7
6444,4
6445,7
6446,4
6447,7
6448,4
6449,7
6450,4
6451,7
6452,4
6453,7
6454,4
6455,7
6456,4
6457,7
6458,4
6459,7
6460,4
6461,7
6462,4
6463,7
6464,4
6465,7
6466,4
6467,7
6468,4
6469,7
6470,4
6471,7
6472,4
6473,7
6474,4
6475,7
6476,4
6477,7
6478,4
6479,2
6480,8
6481,2
6482,8
6483,2
6484,8
6485,2
6486,8
6487,2
6488,8
6489,2
6490,8
6491,2
6492,8
6493,2
6494,8
6495,2
6496,8
6497,2
6498,8
6499,2
6500,8
6501,2
6502,8
6503,2
6504,8
6505,2
6506,8
6507,2
6508,8
6509,2
6510,8
6511,2
6512,8
6513,2
6514,8
6515,2
6516,8
6517,2
6518,8
6519,2
6520,8
6521,2
6522,8
6523,2
6524,8
6525,2
6526,8
6527,2
6528,8
6529,2
6530,8
6531,2
6532,8
6533,2
6534,8
6535,2
6536,8
6537,2
6538,8
6539,2
6540,8
6541,2
6542,8
6543,2
6544,8
6545,2
6546,8
6547,2
6548,8
6549,2
6550,8
6551,2
6552,8
6553,2
6554,8
6555,2
6556,8
6557,2
6558,8
6559,2
6560,8
6561,2
6562,8
6563,2
6564,8
6565,2
6566,8
6567,2
6568,8
6569,2
6570,8
6571,2
6572,8
6573,2
6574,8
6575,2
6576,8
6577,2
6578,8
6579,2
6580,8
6581,2
6582,8
6583,2
6584,8
6585,2
6586,8
6587,2
6588,8
6589,2
6590,8
6591,2
6592,8
6593,2
6594,8
6595,2
6596,8
6597,2
6598,8
6599,2
6600,8
6601,2
6602,8
6603,2
6604,8
6605,2
6606,8
6607,2
6608,8
6609,2
6610,8
6611,2
6612,8
6613,2
6614,8
6615,2
6616,8
6617,2
6618,8
6619,2
6620,8
6621,2
6622,8
6623,2
6624,8
6625,2
6626,8
6627,2
6628,8
6629,2
6630,8
6631,2
6632,8
6633,2
6634,8
6635,2
6636,8
6637,2
6638,8
6639,2
6640,8
6641,2
6642,8
6643,2
6644,8
6645,2
6646,8
6647,2
6648,8
6649,2
6650,8
6651,2
6652,8
6653,2
6654,8
6655,2
6656,8
6657,2
6658,8
6659,2
6660,8
6661,2
6662,8
6663,2
6664,8
6665,2
6666,8
6667,2
6668,8
6669,2
6670,8
6671,2
6672,8
6673,2
6674,8
6675,2
6676,8
6677,2
6678,8
6679,2
6680,8
6681,2
6682,8
6683,2
6684,8
6685,2
6686,8
6687,2
6688,8
6689,2
6690,8
6691,2
6692,8
6693,2
6694,8
6695,2
6696,8
6697,2
6698,8
6699,2
6700,8
6701,2
6702,8
6703,2
6704,8
6705,2
6706,8
6707,2
6708,8
6709,2
6710,8
6711,2
6712,8
6713,2
6714,8
6715,2
6716,8
6717,2
6718,8
6719,2
6720,8
6721,2
6722,8
6723,2
6724,8
6725,2
6726,8
6727,2
6728,8
6729,2
6730,8
6731,2
6732,8
6733,2
6734,8
6735,2
6736,8
6737,2
6738,8
6739,2
6740,8
6741,2
6742,8
6743,2
6744,8
6745,2
6746,8
6747,2
6748,8
6749,2
6750,8
6751,2
6752,8
6753,2
6754,8
6755,2
6756,8
6757,2
6758,8
6759,2
6760,8
6761,2
6762,8
6763,2
6764,8
6765,2
6766,8
6767,2
6768,8
6769,2
6770,8
6771,2
6772,8
6773,2
6774,8
6775,2
6776,8
6777,2
6778,8
6779,2
6780,8
6781,2
6782,8
6783,2
6784,8
6785,2
6786,8
6787,2
6788,8
6789,2
6790,8
6791,2
6792,8
6793,2
6794,8
6795,2
6796,8
6797,2
6798,8
6799,2
6800,8
6801,2
6802,8
6803,2
6804,8
6805,2
6806,8
6807,2
6808,8
6809,2
6810,8
6811,2
6812,8
6813,2
6814,8
6815,2
6816,8
6817,2
6818,8
6819,2
6820,8
6821,2
6822,8
6823,2
6824,8
6825,2
6826,8
6827,2
6828,8
6829,2
6830,8
6831,2
6832,8
6833,2
6834,8
6835,2
6836,8
6837,2
6838,8
6839,2
6840,8
6841,2
6842,8
6843,2
6844,8
6845,2
6846,8
6847,2
6848,8
6849,2
6850,8
6851,2
6852,8
6853,2
6854,8
6855,2
6856,8
6857,2
6858,8
6859,2
6860,8
6861,2
6862,8
6863,2
6864,8
6865,2
6866,8
6867,2
6868,8
6869,2
6870,8
6871,2
6872,8
6873,2
6874,8
6875,2
6876,8
6877,2
6878,8
6879,2
6880,8
6881,2
6882,8
6883,2
6884,8
6885,2
6886,8
6887,2
6888,8
6889,2
6890,8
6891,2
6892,8
6893,2
6894,8
6895,2
6896,8
6897,2
6898,8
6899,2
6900,8
6901,2
6902,8
6903,2
6904,8
6905,2
6906,8
6907,2
6908,8
6909,2
6910,8
6911,2
6912,8
6913,2
6914,8
6915,2
6916,8
6917,2
6918,8
6919,2
6920,8
6921,2
6922,8
6923,2
6924,8
6925,2
6926,8
6927,2
6928,8
6929,2
6930,8
6931,2
6932,8
6933,2
6934,8
6935,2
6936,8
6937,2
6938,8
6939,2
6940,8
6941,2
6942,8
6943,2
6944,8
6945,2
6946,8
6947,2
6948,8
6949,2
6950,8
6951,2
6952,8
6953,2
6954,8
6955,2
6956,8
6957,2
6958,8
6959,2
6960,8
6961,2
6962,8
6963,2
6964,8
6965,2
6966,8
6967,2
6968,8
6969,2
6970,8
6971,2
6972,8
6973,2
6974,8
6975,2
6976,8
6977,2
6978,8
6979,2
6980,8
6981,2
6982,8
6983,2
6984,8
6985,2
6986,8
6987,2
6988,8
6989,2
6990,8
6991,2
6992,8
6993,2
6994,8
6995,2
6996,8
6997,2
6998,8
6999,2
7000,8
7001,2
7002,8
7003,2
7004,8
7005,2
7006,8
7007,2
7008,8
7009,2
7010,8
7011,2
7012,8
7013,2
7014,8
7015,2
7016,8
7017,2
7018,8
7019,2
7020,8
7021,2
7022,8
7023,2
7024,8
7025,2
7026,8
7027,2
7028,8
7029,2
7030,8
7031,2
7032,8
7033,2
7034,8
7035,2
7036,8
7037,2
7038,8
7039,2
7040,8
7041,2
7042,8
7043,2
7044,8
7045,2
7046,8
7047,2
7048,8
7049,2
7050,8
7051,2
7052,8
7053,2
7054,8
7055,2
7056,8
7057,2
7058,8
7059,2
7060,8
7061,2
7062,8
7063,2
7064,8
7065,2
7066,8
7067,2
7068,8
7069,2
7070,8
7071,2
7072,8
7073,2
7074,8
7075,2
7076,8
7077,2
7078,8
7079,2
7080,8
7081,2
7082,8
7083,2
7084,8
7085,2
7086,8
7087,2
7088,8
7089,2
7090,8
7091,2
7092,8
7093,2
7094,8
7095,2
7096,8
7097,2
7098,8
7099,2
7100,8
7101,2
7102,8
7103,2
7104,8
7105,2
7106,8
7107,2
7108,8
7109,2
7110,8
7111,2
7112,8
7113,2
7114,8
7115,2
7116,8
7117,2
7118,8
7119,2
7120,8
7121,2
7122,8
7123,12
7124,15
7125,12
7126,15
7127,12
7128,15
7129,12
7130,15
7131,12
7132,15
7133,12
7134,15
7135,12
7136,15
7137,12
7138,15
7139,12
7140,15
7141,12
7142,15
7143,12
7144,15
7145,12
7146,15
7147,12
7148,15
7149,12
7150,15
7151,12
7152,15
7153,12
7154,15
7155,12
7156,15
7157,12
7158,15
7159,12
7160,15
7161,12
7162,15
7163,12
7164,15
7165,12
7166,15
7167,12
7168,15
7169,12
7170,15
7171,12
7172,15
7173,12
7174,15
7175,12
7176,15
7177,12
7178,15
7179,12
7180,15
7181,12
7182,15
7183,12
7184,15
7185,12
7186,15
7187,12
7188,15
7189,12
7190,15
7191,12
7192,15
7193,12
7194,15
7195,12
7196,15
7197,12
7198,15
7199,12
7200,15
7201,12
7202,15
7203,12
7204,15
7205,12
7206,15
7207,12
7208,15
7209,12
7210,15
7211,12
7212,15
7213,12
7214,15
7215,12
7216,15
7217,12
7218,15
7219,12
7220,15
7221,12
7222,15
7223,12
7224,15
7225,12
7226,15
7227,12
7228,15
7229,12
7230,15
7231,12
7232,15
7233,12
7234,15
7235,12
7236,15
7237,12
7238,15
7239,12
7240,15
7241,12
7242,15
7243,12
7244,15
7245,12
7246,15
7247,12
7248,15
7249,12
7250,15
7251,12
7252,15
7253,12
7254,15
7255,12
7256,15
7257,12
7258,15
7259,12
7260,15
7261,12
7262,15
7263,12
7264,15
7265,12
7266,15
7267,12
7268,15
7269,12
7270,15
7271,12
7272,15
7273,12
7274,15
7275,12
7276,15
7277,12
7278,15
7279,12
7280,15
7281,12
7282,15
7283,12
7284,15
7285,12
7286,15
7287,12
7288,15
7289,12
7290,15
7291,12
7292,15
7293,12
7294,15
7295,12
7296,15
7297,12
7298,15
7299,12
7300,15
7301,12
7302,15
7303,12
7304,15
7305,12
7306,15
7307,12
7308,15
7309,12
7310,15
7311,12
7312,15
7313,12
7314,15
7315,12
7316,15
7317,12
7318,15
7319,12
7320,15
7321,12
7322,15
7323,12
7324,15
7325,12
7326,15
7327,12
7328,15
7329,12
7330,15
7331,12
7332,15
7333,12
7334,15
7335,12
7336,15
7337,12
7338,15
7339,12
7340,15
7341,12
7342,15
7343,12
7344,15
7345,12
7346,15
7347,12
7348,15
7349,12
7350,15
7351,12
7352,15
7353,12
7354,15
7355,12
7356,15
7357,12
7358,15
7359,12
7360,15
7361,12
7362,15
7363,12
7364,15
7365,12
7366,15
7367,12
7368,15
7369,12
7370,15
7371,12
7372,15
7373,12
7374,15
7375,12
7376,15
7377,12
7378,15
7379,12
7380,15
7381,12
7382,15
7383,12
7384,15
7385,12
7386,15
7387,12
7388,15
7389,12
7390,15
7391,12
7392,15
7393,12
7394,15
7395,12
7396,15
7397,12
7398,15
7399,12
7400,15
7401,12
7402,15
7403,12
7404,15
7405,12
7406,15
7407,12
7408,15
7409,12
7410,15
7411,5
7412,7
7413,5
7414,7
7415,5
7416,7
7417,5
7418,7
7419,5
7420,7
7421,5
7422,7
7423,5
7424,7
7425,5
7426,7
7427,5
7428,7
7429,5
7430,7
7431,5
7432,7
7433,5
7434,7
7435,5
7436,7
7437,5
7438,7
7439,5
7440,7
7441,5
7442,7
7443,5
7444,7
7445,5
7446,7
7447,5
7448,7
7449,5
7450,7
7451,5
7452,7
7453,5
7454,7
7455,5
7456,7
7457,5
7458,7
7459,5
7460,7
7461,5
7462,7
7463,5
7464,7
7465,5
7466,7
7467,5
7468,7
7469,5
7470,7
7471,5
7472,7
7473,5
7474,7
7475,5
7476,7
7477,5
7478,7
7479,5
7480,7
7481,5
7482,7
7483,5
7484,7
7485,5
7486,7
7487,5
7488,7
7489,5
7490,7
7491,5
7492,7
7493,5
7494,7
7495,5
7496,7
7497,5
7498,7
7499,5
7500,7
7501,5
7502,7
7503,5
7504,7
7505,5
7506,7
7507,5
7508,7
7509,5
7510,7
7511,5
7512,7
7513,5
7514,7
7515,5
7516,7
7517,5
7518,7
7519,5
7520,7
7521,5
7522,7
7523,5
7524,7
7525,5
7526,7
7527,5
7528,7
7529,5
7530,7
7531,5
7532,7
7533,5
7534,7
7535,5
7536,7
7537,5
7538,7
7539,5
7540,7
7541,5
7542,7
7543,5
7544,7
7545,5
7546,7
7547,5
7548,7
7549,5
7550,7
7551,5
7552,7
7553,5
7554,7
7555,5
7556,7
7557,5
7558,7
7559,5
7560,7
7561,5
7562,7
7563,5
7564,7
7565,5
7566,7
7567,5
7568,7
7569,5
7570,7
7571,5
7572,7
7573,5
7574,7
7575,5
7576,7
7577,5
7578,7
7579,5
7580,7
7581,5
7582,7
7583,5
7584,7
7585,5
7586,7
7587,5
7588,7
7589,5
7590,7
7591,5
7592,7
7593,5
7594,7
7595,5
7596,7
7597,5
7598,7
7599,5
7600,7
7601,5
7602,7
7603,5
7604,7
7605,5
7606,7
7607,5
7608,7
7609,5
7610,7
7611,5
7612,7
7613,5
7614,7
7615,5
7616,7
7617,5
7618,7
7619,5
7620,7
7621,5
7622,7
7623,5
7624,7
7625,5
7626,7
7627,5
7628,7
7629,5
7630,7
7631,5
7632,7
7633,5
7634,7
7635,5
7636,7
7637,5
7638,7
7639,5
7640,7
7641,5
7642,7
7643,5
7644,7
7645,5
7646,7
7647,5
7648,7
7649,5
7650,7
7651,5
7652,7
7653,5
7654,7
7655,5
7656,7
7657,5
7658,7
7659,5
7660,7
7661,5
7662,7
7663,5
7664,7
7665,5
7666,7
7667,5
7668,7
7669,5
7670,7
7671,5
7672,7
7673,5
7674,7
7675,5
7676,7
7677,5
7678,7
7679,5
7680,7
7681,5
7682,7
7683,5
7684,7
7685,5
7686,7
7687,5
7688,7
7689,5
7690,7
7691,5
7692,7
7693,5
7694,7
7695,5
7696,7
7697,5
7698,7
7699,5
7700,7
7701,5
7702,7
7703,5
7704,7
7705,5
7706,7
7707,5
7708,7
7709,5
7710,7
7711,5
7712,7
7713,5
7714,7
7715,5
7716,7
7717,5
7718,7
7719,5
7720,7
7721,5
7722,7
7723,5
7724,7
7725,5
7726,7
7727,5
7728,7
7729,5
7730,7
7731,5
7732,7
7733,5
7734,7
7735,5
7736,7
7737,5
7738,7
7739,5
7740,7
7741,5
7742,7
7743,5
7744,7
7745,5
7746,7
7747,5
7748,7
7749,5
7750,7
7751,5
7752,7
7753,5
7754,7
7755,5
7756,7
7757,5
7758,7
7759,5
7760,7
7761,5
7762,7
7763,5
7764,7
7765,5
7766,7
7767,5
7768,7
7769,5
7770,7
7771,5
7772,7
7773,5
7774,7
7775,5
7776,7
7777,5
7778,7
7779,5
7780,7
7781,5
7782,7
7783,5
7784,7
7785,5
7786,7
7787,5
7788,7
7789,5
7790,7
7791,5
7792,7
7793,5
7794,7
7795,5
7796,7
7797,5
7798,7
7799,5
7800,7
7801,5
7802,7
7803,5
7804,7
7805,5
7806,7
7807,5
7808,7
7809,5
7810,7
7811,5
7812,7
7813,5
7814,7
7815,5
7816,7
7817,5
7818,7
7819,5
7820,7
7821,5
7822,7
7823,5
7824,7
7825,5
7826,7
7827,5
7828,7
7829,5
7830,7
7831,5
7832,7
7833,5
7834,7
7835,5
7836,7
7837,5
7838,7
7839,5
7840,7
7841,5
7842,7
7843,5
7844,7
7845,5
7846,7
7847,5
7848,7
7849,5
7850,7
7851,5
7852,7
7853,5
7854,7
7855,5
7856,7
7857,5
7858,7
7859,5
7860,7
7861,5
7862,7
7863,5
7864,7
7865,5
7866,7
7867,5
7868,7
7869,5
7870,7
7871,5
7872,7
7873,5
7874,7
7875,5
7876,7
7877,5
7878,7
7879,5
7880,7
7881,5
7882,7
7883,5
7884,7
7885,5
7886,7
7887,5
7888,7
7889,5
7890,7
7891,5
7892,7
7893,5
7894,7
7895,5
7896,7
7897,5
7898,7
7899,5
7900,7
7901,5
7902,7
7903,5
7904,7
7905,5
7906,7
7907,5
7908,7
7909,5
7910,7
7911,5
7912,7
7913,5
7914,7
7915,5
7916,7
7917,5
7918,7
7919,5
7920,7
7921,5
7922,7
7923,5
7924,7
7925,5
7926,7
7927,5
7928,7
7929,5
7930,7
7931,5
7932,7
7933,5
7934,7
7935,5
7936,7
7937,5
7938,7
7939,5
7940,7
7941,5
7942,7
7943,5
7944,7
7945,5
7946,7
7947,5
7948,7
7949,5
7950,7
7951,5
7952,7
7953,5
7954,7
7955,5
7956,7
7957,5
7958,7
7959,5
7960,7
7961,5
7962,7
7963,5
7964,7
7965,5
7966,7
7967,5
7968,7
7969,5
7970,7
7971,5
7972,7
7973,5
7974,7
7975,5
7976,7
7977,5
7978,7
7979,5
7980,7
7981,5
7982,7
7983,5
7984,7
7985,5
7986,7
7987,5
7988,7
7989,5
7990,7
7991,5
7992,7
7993,5
7994,7
7995,5
7996,7
7997,5
7998,7
7999,5
8000,7
8001,5
8002,7
8003,5
8004,7
8005,5
8006,7
8007,5
8008,7
8009,5
8010,7
8011,5
8012,7
8013,5
8014,7
8015,5
8016,7
8017,5
8018,7
8019,5
8020,7
8021,5
8022,7
8023,5
8024,7
8025,5
8026,7
8027,5
8028,7
8029,5
8030,7
8031,5
8032,7
8033,5
8034,7
8035,5
8036,7
8037,5
8038,7
8039,5
8040,7
8041,5
8042,7
8043,5
8044,7
8045,5
8046,7
8047,5
8048,7
8049,5
8050,7
8051,5
8052,7
8053,5
8054,7
8055,5
8056,7
8057,5
8058,7
8059,5
8060,7
8061,5
8062,7
8063,5
8064,7
8065,5
8066,7
8067,5
8068,7
8069,5
8070,7
8071,5
8072,7
8073,5
8074,7
8075,5
8076,7
8077,5
8078,7
8079,5
8080,7
8081,5
8082,7
8083,5
8084,7
8085,5
8086,7
8087,5
8088,7
8089,5
8090,7
8091,5
8092,7
8093,5
8094,7
8095,5
8096,7
8097,5
8098,7
8099,5
8100,7
8101,5
8102,7
8103,5
8104,7
8105,5
8106,7
8107,5
8108,7
8109,5
8110,7
8111,5
8112,7
8113,5
8114,7
8115,5
8116,7
8117,5
8118,7
8119,5
8120,7
8121,5
8122,7
8123,5
8124,7
8125,5
8126,7
8127,5
8128,7
8129,5
8130,7
8131,5
8132,7
8133,5
8134,7
8135,5
8136,7
8137,5
8138,7
8139,5
8140,7
8141,5
8142,7
8143,5
8144,7
8145,5
8146,7
8147,5
8148,7
8149,5
8150,7
8151,5
8152,7
8153,5
8154,7
8155,5
8156,7
8157,5
8158,7
8159,5
8160,7
8161,5
8162,7
8163,5
8164,7
8165,5
8166,7
8167,5
8168,7
8169,5
8170,7
8171,5
8172,7
8173,5
8174,7
8175,5
8176,7
8177,5
8178,7
8179,5
8180,7
8181,5
8182,7
8183,5
8184,7
8185,5
8186,7
8187,5
8188,7
8189,5
8190,7
8191,5
8192,7
8193,5
8194,7
8195,5
8196,7
8197,5
8198,7
8199,5
8200,7
8201,5
8202,7
8203,5
8204,7
8205,5
8206,7
8207,5
8208,7
8209,5
8210,7
8211,5
8212,7
8213,5
8214,7
8215,5
8216,7
8217,5
8218,7
8219,5
8220,7
8221,5
8222,7
8223,5
8224,7
8225,5
8226,7
8227,5
8228,7
8229,5
8230,7
8231,5
8232,7
8233,5
8234,7
8235,5
8236,7
8237,5
8238,7
8239,5
8240,7
8241,5
8242,7
8243,5
8244,7
8245,5
8246,7
8247,5
8248,7
8249,5
8250,7
8251,5
8252,7
8253,5
8254,7
8255,5
8256,7
8257,5
8258,7
8259,5
8260,7
8261,5
8262,7
8263,5
8264,7
8265,5
8266,7
8267,5
8268,7
8269,5
8270,7
8271,5
8272,7
8273,5
8274,7
8275,5
8276,7
8277,5
8278,7
8279,5
8280,7
8281,5
8282,7
8283,5
8284,7
8285,5
8286,7
8287,5
8288,7
8289,5
8290,7
8291,5
8292,7
8293,5
8294,7
8295,5
8296,7
8297,5
8298,7
8299,5
8300,7
8301,5
8302,7
8303,5
8304,7
8305,5
8306,7
8307,5
8308,7
8309,5
8310,7
8311,5
8312,7
8313,5
8314,7
8315,5
8316,7
8317,5
8318,7
8319,5
8320,7
8321,5
8322,7
8323,5
8324,7
8325,5
8326,7
8327,5
8328,7
8329,5
8330,7
8331,5
8332,7
8333,5
8334,7
8335,5
8336,7
8337,5
8338,7
8339,5
8340,7
8341,5
8342,7
8343,5
8344,7
8345,5
8346,7
8347,5
8348,7
8349,5
8350,7
8351,5
8352,7
8353,5
8354,7
8355,5
8356,7
8357,5
8358,7
8359,5
8360,7
8361,5
8362,7
8363,5
8364,7
8365,5
8366,7
8367,5
8368,7
8369,5
8370,7
8371,5
8372,7
8373,5
8374,7
8375,5
8376,7
8377,5
8378,7
8379,5
8380,7
8381,5
8382,7
8383,5
8384,7
8385,5
8386,7
8387,5
8388,7
8389,5
8390,7
8391,5
8392,7
8393,5
8394,7
8395,5
8396,7
8397,5
8398,7
8399,5
8400,7
8401,5
8402,7
8403,5
8404,7
8405,5
8406,7
8407,5
8408,7
8409,5
8410,7
8411,5
8412,7
8413,5
8414,7
8415,5
8416,7
8417,5
8418,7
8419,5
8420,7
8421,5
8422,7
8423,5
8424,7
8425,5
8426,7
8427,5
8428,7
8429,5
8430,7
8431,5
8432,7
8433,5
8434,7
8435,5
8436,7
8437,5
8438,7
8439,5
8440,7
8441,5
8442,7
8443,5
8444,7
8445,5
8446,7
8447,5
8448,7
8449,5
8450,7
8451,5
8452,7
8453,5
8454,7
8455,5
8456,7
8457,5
8458,7
8459,5
8460,7
8461,5
8462,7
8463,5
8464,7
8465,5
8466,7
8467,5
8468,7
8469,5
8470,7
8471,5
8472,7
8473,5
8474,7
8475,5
8476,7
8477,5
8478,7
8479,5
8480,7
8481,5
8482,7
8483,5
8484,7
8485,5
8486,7
8487,5
8488,7
8489,5
8490,7
8491,5
8492,7
8493,5
8494,7
8495,5
8496,7
8497,5
8498,7
8499,5
8500,7
8501,5
8502,7
8503,5
8504,7
8505,5
8506,7
8507,5
8508,7
8509,5
8510,7
8511,5
8512,7
8513,5
8514,7
8515,5
8516,7
8517,5
8518,7
8519,5
8520,7
8521,5
8522,7
8523,5
8524,7
8525,5
8526,7
8527,5
8528,7
8529,5
8530,7
8531,5
8532,7
8533,5
8534,7
8535,5
8536,7
8537,5
8538,7
8539,5
8540,7
8541,5
8542,7
8543,5
8544,7
8545,5
8546,7
8547,5
8548,7
8549,5
8550,7
8551,5
8552,7
8553,5
8554,7
8555,5
8556,7
8557,5
8558,7
8559,5
8560,7
8561,5
8562,7
8563,5
8564,7
8565,5
8566,7
8567,5
8568,7
8569,5
8570,7
8571,5
8572,7
8573,5
8574,7
8575,5
8576,7
8577,5
8578,7
8579,5
8580,7
8581,5
8582,7
8583,5
8584,7
8585,5
8586,7
8587,5
8588,7
8589,5
8590,7
8591,5
8592,7
8593,5
8594,7
8595,5
8596,7
8597,5
8598,7
8599,5
8600,7
8601,5
8602,7
8603,5
8604,7
8605,5
8606,7
8607,5
8608,7
8609,5
8610,7
8611,5
8612,7
8613,5
8614,7
8615,5
8616,7
8617,5
8618,7
8619,5
8620,7
8621,5
8622,7
8623,5
8624,7
8625,5
8626,7
8627,5
8628,7
8629,5
8630,7
8631,5
8632,7
8633,5
8634,7
8635,5
8636,7
8637,5
8638,7
8639,5
8640,7
8641,5
8642,7
8643,5
8644,7
8645,5
8646,7
8647,5
8648,7
8649,5
8650,7
8651,5
8652,7
8653,5
8654,7
8655,5
8656,7
8657,5
8658,7
8659,5
8660,7
8661,5
8662,7
8663,5
8664,7
8665,5
8666,7
8667,5
8668,7
8669,5
8670,7
8671,5
8672,7
8673,5
8674,7
8675,5
8676,7
8677,5
8678,7
8679,5
8680,7
8681,5
8682,7
8683,5
8684,7
8685,5
8686,7
8687,5
8688,7
8689,5
8690,7
8691,5
8692,7
8693,5
8694,7
8695,5
8696,7
8697,5
8698,7
8699,5
8700,7
8701,5
8702,7
8703,5
8704,7
8705,5
8706,7
8707,5
8708,7
8709,5
8710,7
8711,5
8712,7
8713,5
8714,7
8715,5
8716,7
8717,5
8718,7
8719,5
8720,7
8721,5
8722,7
8723,5
8724,7
8725,5
8726,7
8727,5
8728,7
8729,5
8730,7
8731,5
8732,7
8733,5
8734,7
8735,5
8736,7
8737,5
8738,7
8739,5
8740,7
8741,5
8742,7
8743,5
8744,7
8745,5
8746,7
8747,5
8748,7
8749,5
8750,7
8751,5
8752,7
8753,5
8754,7
8755,5
8756,7
8757,5
8758,7
8759,5
8760,7
8761,5
8762,7
8763,5
8764,7
8765,5
8766,7
8767,5
8768,7
8769,5
8770,7
8771,5
8772,7
8773,5
8774,7
8775,5
8776,7
8777,5
8778,7
8779,5
8780,7
8781,5
8782,7
8783,5
8784,7
8785,5
8786,7
8787,5
8788,7
8789,5
8790,7
8791,5
8792,7
8793,5
8794,7
8795,5
8796,7
8797,5
8798,7
8799,5
8800,7
8801,5
8802,7
8803,5
8804,7
8805,5
8806,7
8807,5
8808,7
8809,5
8810,7
8811,5
8812,7
8813,5
8814,7
8815,5
8816,7
8817,5
8818,7
8819,5
8820,7
8821,5
8822,7
8823,5
8824,7
8825,5
8826,7
8827,5
8828,7
8829,5
8830,7
8831,5
8832,7
8833,5
8834,7
8835,5
8836,7
8837,5
8838,7
8839,5
8840,7
8841,5
8842,7
8843,5
8844,7
8845,5
8846,7
8847,5
8848,7
8849,5
8850,7
8851,5
8852,7
8853,5
8854,7
8855,5
8856,7
8857,5
8858,7
8859,5
8860,7
8861,5
8862,7
8863,5
8864,7
8865,5
8866,7
8867,5
8868,7
8869,5
8870,7
8871,5
8872,7
8873,5
8874,7
8875,5
8876,7
8877,5
8878,7
8879,5
8880,7
8881,5
8882,7
8883,5
8884,7
8885,5
8886,7
8887,5
8888,7
8889,5
8890,7
8891,5
8892,7
8893,5
8894,7
8895,5
8896,7
8897,5
8898,7
8899,5
8900,7
8901,5
8902,7
8903,5
8904,7
8905,5
8906,7
8907,5
8908,7
8909,5
8910,7
8911,5
8912,7
8913,5
8914,7
8915,5
8916,7
8917,5
8918,7
8919,5
8920,7
8921,5
8922,7
8923,5
8924,7
8925,5
8926,7
8927,5
8928,7
8929,5
8930,7
8931,5
8932,7
8933,5
8934,7
8935,5
8936,7
8937,5
8938,7
8939,5
8940,7
8941,5
8942,7
8943,5
8944,7
8945,5
8946,7
8947,5
8948,7
8949,5
8950,7
8951,5
8952,7
8953,5
8954,7
8955,5
8956,7
8957,5
8958,7
8959,5
8960,7
8961,5
8962,7
8963,5
8964,7
8965,5
8966,7
8967,5
8968,7
8969,5
8970,7
8971,5
8972,7
8973,5
8974,7
8975,5
8976,7
8977,5
8978,7
8979,5
8980,7
8981,5
8982,7
8983,5
8984,7
8985,5
8986,7
8987,5
8988,7
8989,5
8990,7
8991,5
8992,7
8993,5
8994,7
8995,5
8996,7
8997,5
8998,7
8999,5
9000,7
9001,5
9002,7
