user_id,course_id,due,experience,hours,location,resp_time,datetime_utc
u00,"cs65
",2,3,1,"43.70544533,-72.28679012",1364271993,2013-03-26 04:26:33+00:00
u00,,1,1,1,"43.75932116,-72.32890406",1364357271,2013-03-27 04:07:51+00:00
u00,c65,2,3,2,"43.70465788,-72.2887224",1364429426,2013-03-28 00:10:26+00:00
u00,cs65,2,2,1,"43.70033175,-72.28949659",1364509180,2013-03-28 22:19:40+00:00
u00,cs65,2,3,2,"43.70688502,-72.28755706",1364516771,2013-03-29 00:26:11+00:00
u00,cs65,2,3,1,"43.70777831,-72.28510534",1364583727,2013-03-29 19:02:07+00:00
u00,cs66,2,3,3,"43.70587194,-72.28717655",1364601962,2013-03-30 00:06:02+00:00
u00,,2,1,1,"43.76243366,-72.32615434",1364779548,2013-04-01 01:25:48+00:00
u00,cs65,1,2,4,"43.70534371,-72.28812527",1364857571,2013-04-01 23:06:11+00:00
u00,"cs65
",2,3,3,Unknown,1364940107,2013-04-02 22:01:47+00:00
u00,cs65,2,3,7,"43.70708859,-72.28753397",1365115495,2013-04-04 22:44:55+00:00
u00,"cs65
",1,2,6,"43.70708859,-72.28753397",1365194241,2013-04-05 20:37:21+00:00
u00,"econ 112

",2,3,6,"43.70708859,-72.28753397",1365203028,2013-04-05 23:03:48+00:00
u00,cs65,2,3,7,"43.75927189,-72.32919082",1365416712,2013-04-08 10:25:12+00:00
u00,cs65,1,3,7,"43.70664656,-72.28802135",1365552178,2013-04-10 00:02:58+00:00
u00,"cs65
",2,3,7,"43.70112711,-72.28654942",1365724838,2013-04-12 00:00:38+00:00
u00,cs65,1,2,6,Unknown,1365897927,2013-04-14 00:05:27+00:00
u00,cs65,1,1,9,"43.70527272,-72.28801274",1366070489,2013-04-16 00:01:29+00:00
u00,cs65,2,3,5,"43.70564911,-72.28828499",1366311241,2013-04-18 18:54:01+00:00
u00,cs65,1,3,7,"43.17964043,-71.53319806",1366419650,2013-04-20 01:00:50+00:00
u00,cs65,2,4,7,"43.7066689,-72.28741879",1366769156,2013-04-24 02:05:56+00:00
u00,cs65,2,3,11,"43.70188823,-72.28930991",1367008835,2013-04-26 20:40:35+00:00
u01,no class today,2,1,1,"43.70715076,-72.28896815",1364359547,2013-03-27 04:45:47+00:00
u01,Engs22,2,4,2,"43.70584333,-72.29017652",1364407589,2013-03-27 18:06:29+00:00
u01,Cs65,2,3,1,"43.70678239,-72.28918145",1364423919,2013-03-27 22:38:39+00:00
u01,Anth12,1,4,2,"43.70678414,-72.28915682",1364423966,2013-03-27 22:39:26+00:00
u01,Anth12 ,1,4,2,"43.70678554,-72.2892457",1364428849,2013-03-28 00:00:49+00:00
u01,Engs22,2,5,1,"43.70670639,-72.28914746",1364603520,2013-03-30 00:32:00+00:00
u01,Cs65,2,3,1,"43.7067041,-72.28916968",1364603539,2013-03-30 00:32:19+00:00
u01,Anth12,2,5,2,"43.70672295,-72.28910432",1364603572,2013-03-30 00:32:52+00:00
u01,Anth12 ,2,4,1,"43.70684413,-72.2891193",1364882607,2013-04-02 06:03:27+00:00
u01,Engs22,1,5,6,"43.70517994,-72.29245008",1365011646,2013-04-03 17:54:06+00:00
u01,Cs65 ,2,3,1,"43.70609229,-72.28950805",1365017165,2013-04-03 19:26:05+00:00
u01,Anth12 ,1,5,2,"43.70508217,-72.29054506",1365029096,2013-04-03 22:44:56+00:00
u01,Cs65 ,2,3,1,"43.70859285,-72.28442358",1365108818,2013-04-04 20:53:38+00:00
u01,Anth12 ,2,4,1,"43.70691657,-72.28849213",1365195585,2013-04-05 20:59:45+00:00
u01,Engs22 ,1,1,1,"43.70542081,-72.29035437",1365449098,2013-04-08 19:24:58+00:00
u01,Cs65 ,2,1,1,"43.70542015,-72.29039125",1365449224,2013-04-08 19:27:04+00:00
u01,Anth12 ,1,5,2,"43.70424475,-72.28958517",1365469062,2013-04-09 00:57:42+00:00
u01,Engs22 ,1,1,6,"43.70687149,-72.28907564",1365623549,2013-04-10 19:52:29+00:00
u01,Cs65 ,2,3,1,"43.70687149,-72.28907564",1365623572,2013-04-10 19:52:52+00:00
u01,Anth12 ,2,5,1,"43.70686233,-72.28905565",1365625554,2013-04-10 20:25:54+00:00
u01,Engs22 ,1,4,4,"43.70459772,-72.28955104",1365729171,2013-04-12 01:12:51+00:00
u01,Engs22 ,1,4,4,"43.70684932,-72.28899775",1365796156,2013-04-12 19:49:16+00:00
u01,Cs65 ,2,1,1,"43.70684932,-72.28899775",1365796166,2013-04-12 19:49:26+00:00
u01,Anth12 ,2,4,1,"43.70684932,-72.28899775",1365796181,2013-04-12 19:49:41+00:00
u01,Anth12 ,1,4,2,"43.70669691,-72.28928735",1366077162,2013-04-16 01:52:42+00:00
u01,Anth12 ,2,5,1,"43.70688489,-72.28909386",1366244469,2013-04-18 00:21:09+00:00
u01,Cs65 ,1,3,12,"43.7068808,-72.28924366",1366244509,2013-04-18 00:21:49+00:00
u01,Cs65 ,2,3,1,"43.70708493,-72.285807",1366318516,2013-04-18 20:55:16+00:00
u01,Anth12 ,2,5,1,"43.70700605,-72.28906778",1366440365,2013-04-20 06:46:05+00:00
u01,Cs65 ,2,3,1,"43.70700605,-72.28906778",1366440375,2013-04-20 06:46:15+00:00
u02,cs77,2,3,1,"43.70728013,-72.29334991",1364356854,2013-03-27 04:00:54+00:00
u02,cs65,1,3,3,"43.70834437,-72.28451848",1364428852,2013-03-28 00:00:52+00:00
u02,cs77,2,1,4,"43.70645754,-72.28704395",1364515256,2013-03-29 00:00:56+00:00
u02,cs65,2,3,2,"43.70615034,-72.29157989",1364601950,2013-03-30 00:05:50+00:00
u02,cs64,2,1,4,"43.70662942,-72.29294684",1364860888,2013-04-02 00:01:28+00:00
u02,cs77,1,3,3,"43.70704982,-72.29255631",1364943761,2013-04-02 23:02:41+00:00
u02,cs65,2,1,2,"43.70499743,-72.29064046",1365194661,2013-04-05 20:44:21+00:00
u02,cs 65,2,1,2,"43.70509383,-72.2895205",1365200047,2013-04-05 22:14:07+00:00
u02,vs 77,2,3,4,"43.70624602,-72.28677483",1365562850,2013-04-10 03:00:50+00:00
u02,cs 65,2,1,5,"43.7070965,-72.29306421",1365672306,2013-04-11 09:25:06+00:00
u02,cs 65,2,3,3,"43.70686475,-72.28624548",1365715992,2013-04-11 21:33:12+00:00
u02,cs 77,2,2,6,"43.70686475,-72.28624548",1365724987,2013-04-12 00:03:07+00:00
u02,cs 65,2,1,3,"43.70708361,-72.29304453",1365833596,2013-04-13 06:13:16+00:00
u02,cs 65,1,3,12,"43.70306878,-72.28954152",1366073565,2013-04-16 00:52:45+00:00
u02,cs77,1,3,12,"43.70726923,-72.29346896",1366185917,2013-04-17 08:05:17+00:00
u02,cs 65,2,1,4,"43.70605802,-72.28864087",1366243323,2013-04-18 00:02:03+00:00
u02,cs 77,2,2,1,"43.70729603,-72.29327299",1366764959,2013-04-24 00:55:59+00:00
u02,cs 65,1,3,7,"43.70766743,-72.28599728",1368211853,2013-05-10 18:50:53+00:00
u03,cs65,2,3,10,"43.70549189,-72.28323121",1364410074,2013-03-27 18:47:54+00:00
u03,"cs57 cs65
",2,2,8,"43.70531971,-72.28309652",1364773833,2013-03-31 23:50:33+00:00
u03,"cs65
",2,1,3,"43.70545024,-72.28315791",1364773837,2013-03-31 23:50:37+00:00
u03,cs57 cs65,2,1,2,"43.70535793,-72.28311321",1364773840,2013-03-31 23:50:40+00:00
u03,cs65 cs57,2,2,5,"43.70526542,-72.28302405",1365264628,2013-04-06 16:10:28+00:00
u03,cs57 cs65,1,1,12,"43.7054001,-72.28311069",1365465991,2013-04-09 00:06:31+00:00
u03,cs165,2,1,12,"43.70513656,-72.2831101",1365617916,2013-04-10 18:18:36+00:00
u03,cs57,2,3,11,"43.70527048,-72.2830645",1366271455,2013-04-18 07:50:55+00:00
u04,cs91,2,1,5,"43.70200674,-72.28525688",1364359256,2013-03-27 04:40:56+00:00
u04,cs99,2,1,3,"43.70437389,-72.28688493",1364529717,2013-03-29 04:01:57+00:00
u04,cs65,2,3,3,"43.70414142,-72.28932127",1364583749,2013-03-29 19:02:29+00:00
u04,cs65,2,3,2,"43.70522558,-72.29116765",1364606949,2013-03-30 01:29:09+00:00
u04,cs65,2,1,3,"43.70315377,-72.28626052",1364690897,2013-03-31 00:48:17+00:00
u04,cs65,1,1,4,"43.7058173,-72.29660835",1364869039,2013-04-02 02:17:19+00:00
u04,cs65,2,1,3,"43.70620355,-72.28887883",1365016660,2013-04-03 19:17:40+00:00
u04,cs65,2,1,3,"43.70321906,-72.28981496",1365029733,2013-04-03 22:55:33+00:00
u04,cs65,2,3,3,"43.70333552,-72.28845129",1365109748,2013-04-04 21:09:08+00:00
u04,cs65,2,3,3,"43.70410935,-72.28983199",1365189572,2013-04-05 19:19:32+00:00
u04,cs65,2,3,3,"43.70472132,-72.28861869",1365202171,2013-04-05 22:49:31+00:00
u04,cs65,2,3,3,"43.70472132,-72.28861869",1365202209,2013-04-05 22:50:09+00:00
u04,cs65,1,1,9,"43.70575201,-72.29596181",1365474864,2013-04-09 02:34:24+00:00
u04,cs65,2,1,1,"43.70493208,-72.28856946",1365567260,2013-04-10 04:14:20+00:00
u04,cs65,2,3,2,"43.70493208,-72.28856946",1365658856,2013-04-11 05:40:56+00:00
u04,cs65,2,1,1,"43.70417131,-72.28591047",1365713326,2013-04-11 20:48:46+00:00
u04,cs65,2,1,2,"43.70417131,-72.28591047",1365730409,2013-04-12 01:33:29+00:00
u04,cs65,2,1,2,"43.7041984,-72.28652356",1365814099,2013-04-13 00:48:19+00:00
u04,cs65,1,1,2,"43.70596983,-72.29501146",1366080639,2013-04-16 02:50:39+00:00
u04,cs65,2,1,2,"43.70546857,-72.28752275",1366327615,2013-04-18 23:26:55+00:00
u04,cs65,2,1,1,"43.702712149999996,-72.28760414",1366609454,2013-04-22 05:44:14+00:00
u04,cs65,1,1,12,"43.70431008,-72.28573285",1366761721,2013-04-24 00:02:01+00:00
u05,CS50,2,3,1,"43.70751491,-72.28694759",1364409301,2013-03-27 18:35:01+00:00
u05,cs65,2,3,1,"43.70751491,-72.28694759",1364415125,2013-03-27 20:12:05+00:00
u05,cs50,2,1,2,"43.70751491,-72.28694759",1364429238,2013-03-28 00:07:18+00:00
u05,cs65,2,3,1,"43.70751491,-72.28694759",1364517679,2013-03-29 00:41:19+00:00
u05,cs65,2,1,1,"43.70751491,-72.28694759",1364605380,2013-03-30 01:03:00+00:00
u07,cs65,2,3,3,"43.7040066,-72.28391899",1364411267,2013-03-27 19:07:47+00:00
u07,cs60,2,2,3,"43.70853656,-72.28421485",1364424839,2013-03-27 22:53:59+00:00
u07,cs65,2,3,2,"43.70432208,-72.28794944",1364504445,2013-03-28 21:00:45+00:00
u07,cs77,2,4,1,"43.70200398,-72.28793859",1364513669,2013-03-28 23:34:29+00:00
u07,cs65,2,3,1,"43.70392608,-72.28391071",1364583711,2013-03-29 19:01:51+00:00
u07,cs65,2,3,4,"43.70878398,-72.28424859",1364843219,2013-04-01 19:06:59+00:00
u07,cs60,2,3,2,"43.70302271,-72.28557646",1364857255,2013-04-01 23:00:55+00:00
u07,cs77,2,4,2,"43.70393516,-72.28368383",1364946243,2013-04-02 23:44:03+00:00
u07,cs 65,2,1,3,"43.70910489,-72.2849146",1365018952,2013-04-03 19:55:52+00:00
u07,cs 60,2,2,3,"43.70410765,-72.28384747",1365029941,2013-04-03 22:59:01+00:00
u07,cs77,2,4,1,"43.70387324,-72.2836399",1365616636,2013-04-10 17:57:16+00:00
u07,cs65,2,3,1,"43.70416133,-72.28362449",1365672710,2013-04-11 09:31:50+00:00
u07,cs65,2,3,1,"43.70829698,-72.28430122",1365713542,2013-04-11 20:52:22+00:00
u07,cs60,2,4,1,"43.70829698,-72.28430122",1365716115,2013-04-11 21:35:15+00:00
u07,cs77,2,3,4,"43.70829698,-72.28430122",1365734632,2013-04-12 02:43:52+00:00
u07,cs60,1,2,12,"43.70846713,-72.28425547",1366070080,2013-04-15 23:54:40+00:00
u07,cs 60,2,2,3,"43.70416614,-72.28370053",1366244987,2013-04-18 00:29:47+00:00
u07,cs65,2,3,3,"43.70412254,-72.28381654",1366245005,2013-04-18 00:30:05+00:00
u07,cs 65,2,3,2,"43.70366889,-72.28404405",1366328278,2013-04-18 23:37:58+00:00
u07,cs 77,1,4,7,"43.70366889,-72.28404405",1366328279,2013-04-18 23:37:59+00:00
u07,cs 65,2,3,1,"43.70375498,-72.28370087",1366398046,2013-04-19 19:00:46+00:00
u07,cs 60,2,3,5,"43.70413027,-72.28378295",1366440550,2013-04-20 06:49:10+00:00
u07,cs 65,1,1,9,"43.70425769,-72.28391582",1366752567,2013-04-23 21:29:27+00:00
u07,cs 65,1,3,11,"43.70425769,-72.28391582",1366752585,2013-04-23 21:29:45+00:00
u07,cs77,2,1,2,"43.70425769,-72.28391582",1366761481,2013-04-23 23:58:01+00:00
u08,rel 038,1,2,1,Unknown,1364354109,2013-03-27 03:15:09+00:00
u08,chin 62,2,2,1,Unknown,1364354128,2013-03-27 03:15:28+00:00
u08,cs 65,2,3,1,"43.70227295,-72.28989198",1364418493,2013-03-27 21:08:13+00:00
u08,cs 89,2,1,1,"43.70227295,-72.28989198",1364418506,2013-03-27 21:08:26+00:00
u08,cs 65,2,3,1,"43.70582719,-72.28937924",1364505545,2013-03-28 21:19:05+00:00
u08,chin 62,2,1,2,"43.70582719,-72.28937924",1364515796,2013-03-29 00:09:56+00:00
u08,cs65,2,1,1,"43.70350954,-72.28608081",1364591097,2013-03-29 21:04:57+00:00
u08,cs89,2,1,1,"43.70350954,-72.28608081",1364591105,2013-03-29 21:05:05+00:00
u08,no class today,2,1,1,"43.70350954,-72.28608081",1364688418,2013-03-31 00:06:58+00:00
u08,no class,2,1,1,"43.70316589,-72.2862713",1364774709,2013-04-01 00:05:09+00:00
u08,cs 89,2,3,1,"43.70516598,-72.29089148",1364848162,2013-04-01 20:29:22+00:00
u08,cs 65,2,3,1,"43.70538133,-72.29099059",1364848181,2013-04-01 20:29:41+00:00
u08,cs 50 ta,2,1,3,"43.7029938,-72.28634884",1364940789,2013-04-02 22:13:09+00:00
u08,chin 62,2,3,1,"43.70237031,-72.28787598",1364956272,2013-04-03 02:31:12+00:00
u08,cs65 section,2,1,1,"43.70237031,-72.28787598",1364959564,2013-04-03 03:26:04+00:00
u08,cs65,2,3,2,"43.70644629,-72.28641042",1365020445,2013-04-03 20:20:45+00:00
u08,cs89,2,1,1,"43.70644629,-72.28641042",1365020455,2013-04-03 20:20:55+00:00
u08,chin 62,2,1,1,"43.70342734,-72.28638739",1365127907,2013-04-05 02:11:47+00:00
u08,cs 65,2,3,2,"43.70410077,-72.28719868",1365212013,2013-04-06 01:33:33+00:00
u08,cs 89,2,1,1,"43.70410077,-72.28719868",1365212028,2013-04-06 01:33:48+00:00
u08,cs 65,1,1,5,"43.70364811,-72.28649081",1365500111,2013-04-09 09:35:11+00:00
u08,cs 89,2,1,5,"43.70364811,-72.28649081",1365500126,2013-04-09 09:35:26+00:00
u08,chin 62,1,1,4,"43.70731779,-72.2868045",1365590006,2013-04-10 10:33:26+00:00
u08,cs65,2,1,1,"43.70370174,-72.28680811",1365621357,2013-04-10 19:15:57+00:00
u08,cs 89,2,1,4,"43.70370174,-72.28680811",1365651461,2013-04-11 03:37:41+00:00
u08,cs 65,2,1,2,"43.70370174,-72.28680811",1365651462,2013-04-11 03:37:42+00:00
u08,chin 62,2,1,2,"43.70314121,-72.28659035",1365733201,2013-04-12 02:20:01+00:00
u08,cs 65,2,1,1,"43.70385469,-72.28643647",1365818197,2013-04-13 01:56:37+00:00
u08,cs 89,1,1,6,"43.70385469,-72.28643647",1365818208,2013-04-13 01:56:48+00:00
u08,cs 89,2,1,1,"43.70396504,-72.28927469",1366085547,2013-04-16 04:12:27+00:00
u08,chin 62,1,1,1,"43.70341363,-72.2866024",1366163763,2013-04-17 01:56:03+00:00
u08,cs 65,2,1,1,"43.70430223,-72.29046297",1366265121,2013-04-18 06:05:21+00:00
u08,cs 89,2,1,5,"43.70430223,-72.29046297",1366265132,2013-04-18 06:05:32+00:00
u08,cs 65,2,1,1,"43.70566291,-72.2881436",1366337083,2013-04-19 02:04:43+00:00
u08,chin 62,2,1,4,"43.70566291,-72.2881436",1366337091,2013-04-19 02:04:51+00:00
u08,cs 65,1,3,12,"43.7052687,-72.28811786",1366698514,2013-04-23 06:28:34+00:00
u08,cs 89,1,1,12,"43.7052687,-72.28811786",1366698529,2013-04-23 06:28:49+00:00
u08,chin 062,2,3,1,"43.70277439,-72.28880163",1366960476,2013-04-26 07:14:36+00:00
u08,cs 65,2,1,4,"43.70295661,-72.28995533",1367022561,2013-04-27 00:29:21+00:00
u08,cs 89,2,4,1,"43.70295661,-72.28995533",1367022576,2013-04-27 00:29:36+00:00
u08,chin 62,1,3,4,"43.70708811,-72.28767562",1367399773,2013-05-01 09:16:13+00:00
u08,cs 89,2,1,1,"43.70708811,-72.28767562",1367445434,2013-05-01 21:57:14+00:00
u08,cs 89,2,5,1,"43.7037094,-72.28660102",1367745552,2013-05-05 09:19:12+00:00
u08,cs 89,2,1,1,"43.7049437,-72.28880281",1367898671,2013-05-07 03:51:11+00:00
u08,cs 89,1,5,12,"43.70447785,-72.29155849",1369316318,2013-05-23 13:38:38+00:00
u09,CS65,2,1,1,"43.70687224,-72.28858677",1364434343,2013-03-28 01:32:23+00:00
u09,CS65,2,3,2,"43.70741873,-72.28632201",1364517383,2013-03-29 00:36:23+00:00
u09,JAPN61,1,3,5,"43.70688362,-72.28814599",1364614365,2013-03-30 03:32:45+00:00
u10,cs65,2,3,2,"43.70582994,-72.28763412",1364411483,2013-03-27 19:11:23+00:00
u10,cs 65,2,1,5,"43.70647211,-72.28802604",1364609265,2013-03-30 02:07:45+00:00
u10,cs65,2,1,3,"43.70645395,-72.28818327",1364609267,2013-03-30 02:07:47+00:00
u10,cs50,2,3,2,"43.70644884,-72.28820168",1364609270,2013-03-30 02:07:50+00:00
u10,bio4,2,3,3,"43.70312458,-72.28787646",1364693896,2013-03-31 01:38:16+00:00
u10,cs65,2,3,6,"43.70243257,-72.28772434",1364785997,2013-04-01 03:13:17+00:00
u10,cs65,2,1,4,"43.70710471,-72.28730696",1364843535,2013-04-01 19:12:15+00:00
u10,cs50,2,3,4,"43.70710471,-72.28730696",1364867015,2013-04-02 01:43:35+00:00
u10,bio4,2,3,2,"43.70679334,-72.28767766",1364947307,2013-04-03 00:01:47+00:00
u10,cs65,2,4,2,"43.70613435,-72.28844824",1365030222,2013-04-03 23:03:42+00:00
u10,cs50,2,3,7,"43.70168352,-72.28807511",1365041229,2013-04-04 02:07:09+00:00
u10,cs65,2,3,2,"43.70785919,-72.28512608",1365114368,2013-04-04 22:26:08+00:00
u10,bio4,2,1,3,"43.70173422,-72.28775943",1365125451,2013-04-05 01:30:51+00:00
u10,cs50,2,1,6,"43.70173422,-72.28775943",1365201066,2013-04-05 22:31:06+00:00
u10,cs65,1,3,4,"43.70238375,-72.28772441",1365468590,2013-04-09 00:49:50+00:00
u10,cs50,2,3,4,"43.70278942,-72.28658418",1365473729,2013-04-09 02:15:29+00:00
u10,bio4,2,5,1,"43.70278942,-72.28658418",1365553987,2013-04-10 00:33:07+00:00
u10,cs65,2,1,3,"43.70278942,-72.28658418",1365641932,2013-04-11 00:58:52+00:00
u10,cs50,2,3,6,"43.70278942,-72.28658418",1365656966,2013-04-11 05:09:26+00:00
u10,bio4,2,4,3,"43.70278942,-72.28658418",1365726192,2013-04-12 00:23:12+00:00
u10,cs65,2,3,4,"43.70278942,-72.28658418",1365819308,2013-04-13 02:15:08+00:00
u10,cs50,2,4,6,"43.70278942,-72.28658418",1365834098,2013-04-13 06:21:38+00:00
u10,cs50,2,1,6,"43.70278942,-72.28658418",1365897952,2013-04-14 00:05:52+00:00
u10,cs65,1,2,1,"43.7050225,-72.28939767",1366093088,2013-04-16 06:18:08+00:00
u10,cs50,2,3,7,"43.7050225,-72.28939767",1366093117,2013-04-16 06:18:37+00:00
u10,cs50,2,3,2,"43.7050225,-72.28939767",1366159124,2013-04-17 00:38:44+00:00
u10,cs64,2,3,3,"43.7050225,-72.28939767",1366247116,2013-04-18 01:05:16+00:00
u10,cs50,2,3,4,"43.7050225,-72.28939767",1366259427,2013-04-18 04:30:27+00:00
u10,cs65,2,1,6,"43.70665284,-72.28802865",1366409018,2013-04-19 22:03:38+00:00
u10,cs50,2,3,1,"43.70665284,-72.28802865",1366409036,2013-04-19 22:03:56+00:00
u10,cs65,1,1,1,"43.70405592,-72.28746765",1366595754,2013-04-22 01:55:54+00:00
u10,cs65,1,3,1,"43.70324408,-72.28961597",1366661859,2013-04-22 20:17:39+00:00
u10,cs50,2,2,5,"43.70324408,-72.28961597",1366683615,2013-04-23 02:20:15+00:00
u10,bio4,2,1,1,"43.70324408,-72.28961597",1366757405,2013-04-23 22:50:05+00:00
u10,cs50,2,3,6,"43.70324408,-72.28961597",1366768073,2013-04-24 01:47:53+00:00
u10,cs50,2,1,10,"43.70324408,-72.28961597",1366855284,2013-04-25 02:01:24+00:00
u12,"GH
",1,1,1,"43.70618903,-72.28722948",1364359282,2013-03-27 04:41:22+00:00
u12,cs50,2,3,1,"43.70640895,-72.2882317",1364420335,2013-03-27 21:38:55+00:00
u12,cs 89,2,3,1,"43.637604,-72.24834382",1364430343,2013-03-28 00:25:43+00:00
u12,cs66,2,3,7,"43.68470585,-72.26924658",1364516556,2013-03-29 00:22:36+00:00
u12,tuck 003,2,1,1,"43.63731604,-72.24852742",1364537813,2013-03-29 06:16:53+00:00
u12,cs89,2,3,4,"43.70977927,-72.28303993",1364588764,2013-03-29 20:26:04+00:00
u12,tuck3,2,4,3,"43.63745411,-72.24846941",1365003202,2013-04-03 15:33:22+00:00
u12,cs50,2,3,7,"42.63750503,-71.18233284",1365219636,2013-04-06 03:40:36+00:00
u12,tuck 3,2,4,1,"43.63747443,-72.24856045",1366157441,2013-04-17 00:10:41+00:00
u14,COSC 065,2,3,2,"43.70612113,-72.28723353",1364426372,2013-03-27 23:19:32+00:00
u14,cs 20,2,1,1,"43.70585573,-72.28782999",1364515224,2013-03-29 00:00:24+00:00
u14,cs65,2,1,1,"43.70509271,-72.28680761",1364583722,2013-03-29 19:02:02+00:00
u14,cs 65,2,1,1,"43.70468907,-72.28757152",1364602116,2013-03-30 00:08:36+00:00
u14,vs 65,1,2,7,"43.70695164,-72.28693335",1364846623,2013-04-01 20:03:43+00:00
u14,cs 27,1,1,6,"43.70589684,-72.28776778",1364867409,2013-04-02 01:50:09+00:00
u14,cs 20,1,1,5,"43.70481251,-72.28700429",1364948516,2013-04-03 00:21:56+00:00
u14,cs 65,2,2,1,"43.7049256,-72.28632081",1365026494,2013-04-03 22:01:34+00:00
u14,cs 20,2,1,2,"43.70586941,-72.2877982",1365040984,2013-04-04 02:03:04+00:00
u14,cs 65,2,1,3,"43.70645868,-72.28793942",1365125682,2013-04-05 01:34:42+00:00
u14,cs 20,2,1,3,"43.70645868,-72.28793942",1365125724,2013-04-05 01:35:24+00:00
u14,cs 27,2,1,3,"43.70645868,-72.28793942",1365125744,2013-04-05 01:35:44+00:00
u14,cs 65,2,3,1,"43.70491826,-72.28692692",1365211284,2013-04-06 01:21:24+00:00
u14,cs 65,1,1,5,"43.70477259,-72.28698419",1365475963,2013-04-09 02:52:43+00:00
u14,cs 27,1,1,5,"43.70477259,-72.28698419",1365475978,2013-04-09 02:52:58+00:00
u14,cs20,1,2,9,"43.70590328,-72.28775889",1365559598,2013-04-10 02:06:38+00:00
u14,cs65,2,4,1,"43.70498939,-72.28699053",1365627847,2013-04-10 21:04:07+00:00
u14,cs65,2,2,2,"43.70511041,-72.28702345",1365720489,2013-04-11 22:48:09+00:00
u14,cs65,2,1,2,"43.70460577,-72.28671025",1365811216,2013-04-13 00:00:16+00:00
u14,cs65,1,2,9,"43.70545641,-72.28669002",1366059324,2013-04-15 20:55:24+00:00
u14,cs65,1,3,7,"43.70600151,-72.28720407",1366073324,2013-04-16 00:48:44+00:00
u14,cs 20,1,2,5,"43.70592555,-72.28768582",1366158662,2013-04-17 00:31:02+00:00
u14,cs 65,2,1,2,"43.70479742,-72.28842704",1366246201,2013-04-18 00:50:01+00:00
u15,EARS3,2,1,1,"43.70570121,-72.29643446",1364546202,2013-03-29 08:36:42+00:00
u15,"cs65
",2,1,2,Unknown,1364546204,2013-03-29 08:36:44+00:00
u15,cs65,2,1,1,"43.70402365,-72.29064013",1364615509,2013-03-30 03:51:49+00:00
u15,span3,2,1,1,"43.70428082,-72.28776631",1365012151,2013-04-03 18:02:31+00:00
u15,cs65,2,1,4,"43.70428082,-72.28776631",1365016457,2013-04-03 19:14:17+00:00
u15,ears3,2,1,1,"43.70306492,-72.29079677",1365023616,2013-04-03 21:13:36+00:00
u15,span3,2,1,1,"41.49583437,-71.45812765",1365395363,2013-04-08 04:29:23+00:00
u15,cs65,2,1,2,"41.49583437,-71.45812765",1365395364,2013-04-08 04:29:24+00:00
u15,span3,2,1,1,"43.70384519,-72.28717248",1365444320,2013-04-08 18:05:20+00:00
u15,cs65,2,1,1,Unknown,1365488061,2013-04-09 06:14:21+00:00
u15,ears3,1,1,2,Unknown,1365488072,2013-04-09 06:14:32+00:00
u15,span3,2,1,1,"43.70423505,-72.29046602",1365530070,2013-04-09 17:54:30+00:00
u15,span3,1,1,2,"43.70578547,-72.28703541",1365617112,2013-04-10 18:05:12+00:00
u15,cs65,1,1,4,"43.70578547,-72.28703541",1365621066,2013-04-10 19:11:06+00:00
u15,span3,1,1,2,Unknown,1365791284,2013-04-12 18:28:04+00:00
u15,cs65,2,1,1,Unknown,1365793928,2013-04-12 19:12:08+00:00
u15,span3,2,1,1,"43.70808053,-72.28506786",1366049032,2013-04-15 18:03:52+00:00
u15,cs65,2,1,9,"43.7052318,-72.29189415",1366075660,2013-04-16 01:27:40+00:00
u15,ears3,1,1,3,"43.7052318,-72.29189415",1366075673,2013-04-16 01:27:53+00:00
u15,ears3,1,1,3,"43.70591041,-72.28826857",1366167559,2013-04-17 02:59:19+00:00
u15,span3,1,1,2,Unknown,1366397947,2013-04-19 18:59:07+00:00
u15,cs65,2,1,3,Unknown,1366397965,2013-04-19 18:59:25+00:00
u16,"CS65
",2,3,1,"43.70282146,-72.29016985",1364414674,2013-03-27 20:04:34+00:00
u16,CS 65,2,3,5,"43.70535842,-72.28724963",1364513447,2013-03-28 23:30:47+00:00
u16,cs 65,2,3,5,"43.70724486,-72.28721651",1364594488,2013-03-29 22:01:28+00:00
u16,cs 27,2,1,3,"43.70708361,-72.29096924",1364688045,2013-03-31 00:00:45+00:00
u16,cs 27,1,4,4,"43.70358976,-72.29054215",1364871890,2013-04-02 03:04:50+00:00
u16,CS 65,2,3,3,"43.70450379,-72.28884561",1365018236,2013-04-03 19:43:56+00:00
u16,CS65,2,3,4,"43.70393687,-72.29111144",1365112848,2013-04-04 22:00:48+00:00
u16,CS 65,2,3,4,Unknown,1365200447,2013-04-05 22:20:47+00:00
u16,CS65,1,3,6,"43.70411779,-72.28816375",1365455947,2013-04-08 21:19:07+00:00
u16,CS27,1,4,6,"43.70592306,-72.28973692",1365480080,2013-04-09 04:01:20+00:00
u16,CS65,2,3,3,"43.70474513,-72.28856577",1365644262,2013-04-11 01:37:42+00:00
u16,CS65,2,3,4,"43.70673215,-72.28793418",1365733738,2013-04-12 02:28:58+00:00
u16,CS27,1,1,6,"43.70687381,-72.28768281",1365733738,2013-04-12 02:28:58+00:00
u16,CS65,2,3,4,"43.70364199,-72.29076278",1365811237,2013-04-13 00:00:37+00:00
u16,"CS65
",1,3,12,"43.70346314,-72.29066114",1366079919,2013-04-16 02:38:39+00:00
u16,cs27,1,4,1,"43.70346314,-72.29066114",1366079952,2013-04-16 02:39:12+00:00
u16,CS65,2,3,1,"43.70692473,-72.28664094",1366252482,2013-04-18 02:34:42+00:00
u16,CS65,2,1,5,"43.70381863,-72.2910568",1366476412,2013-04-20 16:46:52+00:00
u16,CS65,1,1,12,"43.70374144,-72.29182531",1366733850,2013-04-23 16:17:30+00:00
u16,CS27,2,4,6,"43.70373954,-72.29185672",1366733891,2013-04-23 16:18:11+00:00
u16,wild edibles pe class,2,2,1,"43.70373225,-72.29023983",1366770197,2013-04-24 02:23:17+00:00
u16,CS65,2,5,6,"43.70381392,-72.29084126",1367006734,2013-04-26 20:05:34+00:00
u16,CS65,1,1,12,"43.70688467,-72.28732802",1367280039,2013-04-30 00:00:39+00:00
u16,CS65,2,1,1,"43.70545477,-72.28953205",1367458852,2013-05-02 01:40:52+00:00
u16,CS65,2,1,1,"43.70376968,-72.29023129",1367628136,2013-05-04 00:42:16+00:00
u16,CS65,2,1,7,"43.70534496,-72.29049134",1367943168,2013-05-07 16:12:48+00:00
u16,CS27,1,1,5,"43.70534496,-72.29049134",1367943194,2013-05-07 16:13:14+00:00
u16,CS27,2,1,12,Unknown,1369104393,2013-05-21 02:46:33+00:00
u17,cs65,2,2,3,"43.70605071,-72.28863023",1364417767,2013-03-27 20:56:07+00:00
u17,cs89,2,2,6,"43.70605071,-72.28863023",1364417792,2013-03-27 20:56:32+00:00
u17,cs89,2,3,6,"43.70641004,-72.28743893",1364429006,2013-03-28 00:03:26+00:00
u17,cs65,2,3,2,"43.70648538,-72.28742777",1364518619,2013-03-29 00:56:59+00:00
u17,cs89,2,3,5,"43.70536412,-72.28973776",1364615967,2013-03-30 03:59:27+00:00
u17,cs65,2,1,8,"43.70406856,-72.29058126",1364688031,2013-03-31 00:00:31+00:00
u17,cs89,2,1,12,"43.70470793,-72.29118335",1364781555,2013-04-01 01:59:15+00:00
u17,cs65,2,2,8,"43.70740824,-72.28560311",1365010861,2013-04-03 17:41:01+00:00
u17,mus16,2,3,3,"43.70629105,-72.28869027",1365010864,2013-04-03 17:41:04+00:00
u17,cs89,2,3,3,"43.70487668,-72.29229973",1365486861,2013-04-09 05:54:21+00:00
u17,thesis,2,2,8,"43.70487668,-72.29229973",1365486862,2013-04-09 05:54:22+00:00
u17,cs65,2,2,5,"43.7049465,-72.28947488",1365486866,2013-04-09 05:54:26+00:00
u17,cs89,2,3,7,"43.70512967,-72.28920458",1365486866,2013-04-09 05:54:26+00:00
u17,cs65,2,3,7,"43.7046699,-72.29098352",1365486872,2013-04-09 05:54:32+00:00
u17,cs65,1,2,10,"43.70467368,-72.29087023",1365486874,2013-04-09 05:54:34+00:00
u17,mus16,2,3,3,"43.70467368,-72.29087023",1365553580,2013-04-10 00:26:20+00:00
u17,cs65,2,3,3,"43.70678195,-72.28738426",1365730762,2013-04-12 01:39:22+00:00
u17,cs65,2,3,11,"43.70459704,-72.29138802",1365911450,2013-04-14 03:50:50+00:00
u17,cs65,1,2,6,"43.70495522,-72.29090614",1366076442,2013-04-16 01:40:42+00:00
u17,mus 16,1,2,4,"43.70495522,-72.29090614",1366156260,2013-04-16 23:51:00+00:00
u17,thesis,2,3,12,"43.70495522,-72.29090614",1366156904,2013-04-17 00:01:44+00:00
u17,thesis,1,3,12,"43.70460031,-72.29111515",1366311465,2013-04-18 18:57:45+00:00
u17,cs65,2,2,8,"43.70237732,-72.28914013",1366338814,2013-04-19 02:33:34+00:00
u17,cs65,2,2,8,Unknown,1366487033,2013-04-20 19:43:53+00:00
u17,cs89,2,3,7,Unknown,1366487059,2013-04-20 19:44:19+00:00
u17,cs65,1,3,12,"43.70658046,-72.28733564",1366768915,2013-04-24 02:01:55+00:00
u17,cs65,2,3,4,"43.70436814,-72.29014514",1366844830,2013-04-24 23:07:10+00:00
u17,cs65,2,3,4,"43.7060191,-72.28758328",1366992276,2013-04-26 16:04:36+00:00
u17,cs89,1,3,12,Unknown,1367209783,2013-04-29 04:29:43+00:00
u17,cs65,1,3,12,Unknown,1367209796,2013-04-29 04:29:56+00:00
u17,mus16,2,3,5,Unknown,1367209808,2013-04-29 04:30:08+00:00
u17,thesis,1,3,12,Unknown,1367209818,2013-04-29 04:30:18+00:00
u18,Tuck 3,2,1,1,"43.70727405,-72.28860059",1364359743,2013-03-27 04:49:03+00:00
u18,cs65,2,3,2,"43.70750471,-72.28915323",1364432313,2013-03-28 00:58:33+00:00
u18,tuck 3,2,1,2,"43.70736033,-72.2891458",1364515882,2013-03-29 00:11:22+00:00
u18,cs65,1,3,2,"43.70738006,-72.28908542",1364602788,2013-03-30 00:19:48+00:00
u18,Chinese 33,1,1,2,"43.70741795,-72.28914941",1364630954,2013-03-30 08:09:14+00:00
u18,cs89,2,4,1,"43.70741061,-72.28914251",1364631019,2013-03-30 08:10:19+00:00
u18,cs65,2,3,3,"43.70664761,-72.2878935",1365027530,2013-04-03 22:18:50+00:00
u18,chin33,1,1,4,"43.70605791,-72.28694024",1365185590,2013-04-05 18:13:10+00:00
u18,cs65,2,1,3,"43.70727926,-72.28900758",1365468743,2013-04-09 00:52:23+00:00
u18,tuck3,2,3,3,"43.70740011,-72.28899929",1365551697,2013-04-09 23:54:57+00:00
u18,chin33,2,1,1,"43.70743215,-72.28912504",1365551718,2013-04-09 23:55:18+00:00
u18,tuck3,2,1,1,"43.70738991,-72.28912614",1365554888,2013-04-10 00:48:08+00:00
u18,cs65,2,3,1,"43.70146647,-72.28826534",1365650321,2013-04-11 03:18:41+00:00
u18,cs65,2,3,1,"43.70146647,-72.28826534",1365650347,2013-04-11 03:19:07+00:00
u18,chin33,1,1,3,"43.70730854,-72.287476",1365710871,2013-04-11 20:07:51+00:00
u18,cs65,2,3,1,"43.70730854,-72.287476",1365710882,2013-04-11 20:08:02+00:00
u18,tuck 3,2,4,2,"43.70730854,-72.287476",1365726464,2013-04-12 00:27:44+00:00
u18,cs89,1,3,10,"43.70728105,-72.2890411",1365832213,2013-04-13 05:50:13+00:00
u18,chin 33,1,1,3,"43.70264346,-72.28707",1366341899,2013-04-19 03:24:59+00:00
u18,tuck 3,1,4,4,"43.70264346,-72.28707",1366341900,2013-04-19 03:25:00+00:00
u18,cs65,2,1,1,"43.70264346,-72.28707",1366341900,2013-04-19 03:25:00+00:00
u18,cs65,2,1,1,"43.70264346,-72.28707",1366424560,2013-04-20 02:22:40+00:00
u18,cs89,2,3,1,"43.70264346,-72.28707",1366424581,2013-04-20 02:23:01+00:00
u18,chin33,1,4,3,"43.70724964,-72.28892471",1366424669,2013-04-20 02:24:29+00:00
u18,chin33,2,1,1,"43.70686672,-72.28679184",1366774462,2013-04-24 03:34:22+00:00
u19,film 51,2,3,1,"43.70690704,-72.28632015",1364368965,2013-03-27 07:22:45+00:00
u19,cs65,2,3,3,"43.70690704,-72.28632015",1364429003,2013-03-28 00:03:23+00:00
u19,cs6,2,1,2,"43.70704108,-72.28607855999999",1364515293,2013-03-29 00:01:33+00:00
u19,cs65,2,3,1,"43.70287094,-72.28989253",1364602436,2013-03-30 00:13:56+00:00
u19,cs65,1,3,1,"43.70682761,-72.28580473",1364847560,2013-04-01 20:19:20+00:00
u19,cs50,1,1,3,"43.70703814,-72.28709238",1364860960,2013-04-02 00:02:40+00:00
u19,film51,2,1,2,"43.70693078,-72.2855125",1364941269,2013-04-02 22:21:09+00:00
u19,cs65,2,1,3,"43.70699519,-72.2857657",1365016711,2013-04-03 19:18:31+00:00
u19,cs50,2,1,1,"43.70323136,-72.28785021",1365028283,2013-04-03 22:31:23+00:00
u19,film51,2,1,3,"43.70716892,-72.28610704",1365063219,2013-04-04 08:13:39+00:00
u19,film51,1,3,6,"43.70626833,-72.28858324",1365106365,2013-04-04 20:12:45+00:00
u19,cs65,2,1,1,"43.70577175,-72.28809302",1365111609,2013-04-04 21:40:09+00:00
u19,cs65,2,1,2,"43.70701786,-72.28610178",1365189704,2013-04-05 19:21:44+00:00
u19,cs50,2,1,3,"43.70701786,-72.28610178",1365199153,2013-04-05 21:59:13+00:00
u19,cs65,1,3,3,"43.70673487,-72.28562258",1365449458,2013-04-08 19:30:58+00:00
u19,cs50,1,1,12,"43.68326196,-72.28749992",1365476339,2013-04-09 02:58:59+00:00
u19,film51,1,3,3,"43.70307762,-72.28912529",1365554733,2013-04-10 00:45:33+00:00
u19,cs50,2,1,2,"43.70307762,-72.28912529",1365554745,2013-04-10 00:45:45+00:00
u19,cs65,2,3,3,"43.70629212,-72.28804473",1365627063,2013-04-10 20:51:03+00:00
u19,film52,2,3,2,"43.70335463,-72.29031856",1365653736,2013-04-11 04:15:36+00:00
u19,cs50,2,3,2,"43.70335463,-72.29031856",1365653777,2013-04-11 04:16:17+00:00
u19,cs65,2,3,1,"43.70300231,-72.28918281",1365714064,2013-04-11 21:01:04+00:00
u19,film52,2,3,4,"43.70300231,-72.28918281",1365714080,2013-04-11 21:01:20+00:00
u19,cs65,2,3,5,"43.70651205,-72.28555058",1365795454,2013-04-12 19:37:34+00:00
u19,cs50,2,3,6,"43.70646579,-72.28830733",1365803307,2013-04-12 21:48:27+00:00
u19,cs65,2,3,6,"43.70154751,-72.29133289",1366053209,2013-04-15 19:13:29+00:00
u19,cs65,1,3,6,"43.70154751,-72.29133289",1366053231,2013-04-15 19:13:51+00:00
u19,cs50,2,1,7,"43.70154751,-72.29133289",1366082311,2013-04-16 03:18:31+00:00
u19,film51,1,1,6,"43.70637595,-72.28640436",1366157106,2013-04-17 00:05:06+00:00
u19,cs50,2,1,6,"43.70637595,-72.28640436",1366157118,2013-04-17 00:05:18+00:00
u19,cs65,2,3,2,"43.70755427,-72.2855435",1366226616,2013-04-17 19:23:36+00:00
u19,cs50,2,1,6,"43.70755427,-72.2855435",1366234550,2013-04-17 21:35:50+00:00
u19,film51,2,1,2,"43.70226871,-72.29293538",1366251879,2013-04-18 02:24:39+00:00
u19,film51,2,1,2,"43.70226871,-72.29293538",1366251921,2013-04-18 02:25:21+00:00
u19,film51,1,3,5,"43.70734975,-72.28629956",1366361038,2013-04-19 08:43:58+00:00
u19,cs65,2,2,2,"43.70734975,-72.28629956",1366361067,2013-04-19 08:44:27+00:00
u19,cs65,2,3,5,"43.70710128,-72.28578159",1366400601,2013-04-19 19:43:21+00:00
u19,cs50,1,1,7,"43.70639664,-72.28857942",1366407080,2013-04-19 21:31:20+00:00
u19,cs65,1,3,9,"43.70706454,-72.2854433",1366658624,2013-04-22 19:23:44+00:00
u19,cs50,2,3,1,"43.70676468,-72.28542565",1366696862,2013-04-23 06:01:02+00:00
u19,film51,1,3,5,"43.70453889,-72.28787543",1366751359,2013-04-23 21:09:19+00:00
u19,cs50,2,1,1,"43.70453889,-72.28787543",1366761625,2013-04-24 00:00:25+00:00
u19,film51,1,3,5,"43.70266033,-72.289756",1366955647,2013-04-26 05:54:07+00:00
u19,cs65,2,3,5,"43.70711699,-72.28611745",1367011284,2013-04-26 21:21:24+00:00
u19,cs50,2,3,5,"43.70711699,-72.28611745",1367011296,2013-04-26 21:21:36+00:00
u19,cs65,1,3,12,"43.70581683,-72.28726988",1367265618,2013-04-29 20:00:18+00:00
u19,cs50,2,3,12,"43.70581683,-72.28726988",1367270378,2013-04-29 21:19:38+00:00
u19,film52,1,3,2,"43.70101204,-72.28677708",1367400407,2013-05-01 09:26:47+00:00
u19,cs65,2,3,7,"43.70704649,-72.28577054",1367438197,2013-05-01 19:56:37+00:00
u19,cs50,2,3,12,"43.70736468,-72.28658613",1367444422,2013-05-01 21:40:22+00:00
u19,film51,1,3,5,"43.70690988,-72.28699822",1367604118,2013-05-03 18:01:58+00:00
u19,cs66,2,1,5,"43.70690988,-72.28699822",1367607038,2013-05-03 18:50:38+00:00
u19,cs50,2,1,2,"43.70705362,-72.28594706",1367635682,2013-05-04 02:48:02+00:00
u19,film51,2,3,2,Unknown,1367957141,2013-05-07 20:05:41+00:00
u19,cs65,1,1,3,"43.70639951,-72.28840249",1368045044,2013-05-08 20:30:44+00:00
u19,film51,1,3,5,"43.70154413,-72.28815252",1368136980,2013-05-09 22:03:00+00:00
u19,cs65,2,3,2,"43.70680418,-72.28601166",1368217688,2013-05-10 20:28:08+00:00
u19,cs50,1,3,12,"43.70700456,-72.28598088",1368248826,2013-05-11 05:07:06+00:00
u19,cs50,2,3,11,"43.70670191,-72.28568105",1368504054,2013-05-14 04:00:54+00:00
u19,film51,1,1,6,"43.70714135,-72.28594665",1368775507,2013-05-17 07:25:07+00:00
u19,cs50,1,4,11,"43.70161344,-72.28714129",1368830139,2013-05-17 22:35:39+00:00
u19,film51,2,1,3,"43.7040776,-72.29042456",1369210155,2013-05-22 08:09:15+00:00
u19,film51,2,4,4,"43.70693856,-72.28579217",1369295068,2013-05-23 07:44:28+00:00
u19,film51,1,5,4,Unknown,1369383269,2013-05-24 08:14:29+00:00
u19,cs50 ,1,3,11,"43.70689977,-72.28714289",1369852327,2013-05-29 18:32:07+00:00
u19,cs65,1,3,12,"43.70689977,-72.28714289",1369852338,2013-05-29 18:32:18+00:00
u19,film51,1,3,11,"43.70689977,-72.28714289",1369852354,2013-05-29 18:32:34+00:00
u19,cs50,1,3,1,"43.70696465,-72.28583899",1369984272,2013-05-31 07:11:12+00:00
u20,CS 6,2,3,1,Unknown,1364425349,2013-03-27 23:02:29+00:00
u20,cs 65,2,3,2,Unknown,1364439413,2013-03-28 02:56:53+00:00
u20,cs 77 cs 85,2,3,4,Unknown,1364524427,2013-03-29 02:33:47+00:00
u20,cs65,1,3,1,"43.70505982,-72.2892041",1364861337,2013-04-02 00:08:57+00:00
u20,cs65 cs77,2,1,12,"43.70550912,-72.28316809",1365118884,2013-04-04 23:41:24+00:00
u20,cs65,2,1,5,"43.70542431,-72.28320441",1365640285,2013-04-11 00:31:25+00:00
u20,cs65,2,2,5,"43.70527536,-72.28314925",1365724899,2013-04-12 00:01:39+00:00
u20,"cs65
",2,1,1,"43.70595737,-72.28353965",1365811822,2013-04-13 00:10:22+00:00
u22,cs65,2,1,1,"43.70466197,-72.28980065",1364410955,2013-03-27 19:02:35+00:00
u22,nas35,2,1,1,"43.70297565,-72.29074642",1364421820,2013-03-27 22:03:40+00:00
u22,CS50,2,3,1,"43.70296715,-72.29077311",1364421838,2013-03-27 22:03:58+00:00
u22,cs65,2,3,1,"43.70399272,-72.29051569",1364510733,2013-03-28 22:45:33+00:00
u22,cs65,2,3,1,"43.70399272,-72.29051569",1364520026,2013-03-29 01:20:26+00:00
u22,cs65,2,3,3,"43.70414927,-72.29076226",1364583894,2013-03-29 19:04:54+00:00
u22,nas 35,2,1,2,"43.7086476,-72.28468996",1364602848,2013-03-30 00:20:48+00:00
u22,cs 50,2,3,3,"43.7086476,-72.28468996",1364602863,2013-03-30 00:21:03+00:00
u22,cs65,2,1,1,"43.7040117,-72.29030024",1364856723,2013-04-01 22:52:03+00:00
u22,nas 35,2,1,1,"43.7040117,-72.29030024",1364856736,2013-04-01 22:52:16+00:00
u22,cs 50,1,4,5,"43.7040117,-72.29030024",1364856755,2013-04-01 22:52:35+00:00
u22,cs65,2,4,2,"43.70594306,-72.28855419",1365038137,2013-04-04 01:15:37+00:00
u22,nas35,1,3,1,"43.70594306,-72.28855419",1365038149,2013-04-04 01:15:49+00:00
u22,cs50,2,3,4,"43.70594306,-72.28855419",1365038162,2013-04-04 01:16:02+00:00
u22,cs65,2,1,1,"43.70426694,-72.29029645",1365127278,2013-04-05 02:01:18+00:00
u22,cs 65,2,1,1,"43.70405335,-72.29024681",1365192373,2013-04-05 20:06:13+00:00
u22,cs65,2,1,2,"43.70594129,-72.28861531",1365457489,2013-04-08 21:44:49+00:00
u22,cs50,1,3,9,"43.70594129,-72.28861531",1365457502,2013-04-08 21:45:02+00:00
u22,nas35,2,1,2,"43.70594129,-72.28861531",1365457511,2013-04-08 21:45:11+00:00
u22,cs65,2,3,3,"43.70458274,-72.29070844",1365638826,2013-04-11 00:07:06+00:00
u22,nas35,2,1,1,"43.70458274,-72.29070844",1365638834,2013-04-11 00:07:14+00:00
u22,cs50,2,1,1,"43.70458274,-72.29070844",1365638840,2013-04-11 00:07:20+00:00
u22,cs65,2,3,1,"43.70387136,-72.29028439",1365724828,2013-04-12 00:00:28+00:00
u22,cs50,2,3,3,"43.70414838,-72.29074049",1365809099,2013-04-12 23:24:59+00:00
u22,nas35,2,3,1,"43.70414838,-72.29074049",1365809107,2013-04-12 23:25:07+00:00
u22,cs6 5,2,3,1,"43.70426635,-72.29067159",1366325614,2013-04-18 22:53:34+00:00
u22,cs50,2,3,8,"43.70433388,-72.29020625",1368051866,2013-05-08 22:24:26+00:00
u23,cs189,1,1,3,"43.7056123,-72.28333363",1364428290,2013-03-27 23:51:30+00:00
u23,cs77,1,4,2,"43.70562144,-72.28290055",1364524239,2013-03-29 02:30:39+00:00
u23,cs165,1,3,2,"43.70554669,-72.28317492",1364595270,2013-03-29 22:14:30+00:00
u23,cs,1,3,6,"43.70807671,-72.28484292",1364843355,2013-04-01 19:09:15+00:00
u23,cs65,1,3,4,"43.70535878,-72.28320481",1364862623,2013-04-02 00:30:23+00:00
u23,cocs77,1,4,2,"43.70543754,-72.28338833",1364949804,2013-04-03 00:43:24+00:00
u23,cocs 165,1,3,5,"43.7050465,-72.28312759",1365029519,2013-04-03 22:51:59+00:00
u23,cs 65,1,3,1,"43.70517326,-72.28657854",1365120216,2013-04-05 00:03:36+00:00
u23,cs 77,1,1,2,"43.70517326,-72.28657854",1365120243,2013-04-05 00:04:03+00:00
u23,cocs65,1,3,3,"43.70573813,-72.28325543",1365190753,2013-04-05 19:39:13+00:00
u23,cocs 65,1,3,4,"43.70649413,-72.28369421",1365466044,2013-04-09 00:07:24+00:00
u23,cs 77,1,1,1,"43.7056173,-72.2833203",1365561340,2013-04-10 02:35:40+00:00
u23,cocs 165,2,3,4,"43.7056173,-72.2833203",1365639416,2013-04-11 00:16:56+00:00
u23,cs65,1,3,1,"43.70534736,-72.2832336",1365724832,2013-04-12 00:00:32+00:00
u23,cocs 65,1,3,5,"43.7054476,-72.28326768",1365811515,2013-04-13 00:05:15+00:00
u23,cocs65,1,1,4,"43.70548559,-72.28326031",1366243580,2013-04-18 00:06:20+00:00
u24,math 22,2,1,1,"43.632408,-72.31682454",1364517555,2013-03-29 00:39:15+00:00
u24,CS 60,2,1,1,"43.70581146,-72.29026137",1364517557,2013-03-29 00:39:17+00:00
u24,math 22,2,4,1,"43.70633345,-72.29084334",1364590920,2013-03-29 21:02:00+00:00
u24,m&S's 45,2,3,1,"43.70588361,-72.29057766",1364601917,2013-03-30 00:05:17+00:00
u24,cs65,1,2,3,"43.7088764,-72.28421944",1364843123,2013-04-01 19:05:23+00:00
u24,math ,1,1,4,"43.70887046,-72.28422588",1364847716,2013-04-01 20:21:56+00:00
u24,M&SS 45,1,4,2,"43.70540107,-72.29128943",1364865954,2013-04-02 01:25:54+00:00
u24,math 22,2,4,1,"43.70677201,-72.29138349",1364937166,2013-04-02 21:12:46+00:00
u24,math 22,2,1,1,"43.7064761,-72.29088936",1365020011,2013-04-03 20:13:31+00:00
u24,cs65,2,1,1,"43.70610429,-72.29075771",1365192753,2013-04-05 20:12:33+00:00
u24,math22,2,3,2,"43.70610429,-72.29075771",1365192771,2013-04-05 20:12:51+00:00
u24,cs60,2,5,1,"43.70698178,-72.28714864",1365202671,2013-04-05 22:57:51+00:00
u24,cs65,1,1,1,"43.70613935,-72.29098339",1365447929,2013-04-08 19:05:29+00:00
u24,math22,1,4,6,"43.70613935,-72.29098339",1365452824,2013-04-08 20:27:04+00:00
u24,cs60,1,2,9,"43.70615324,-72.29155002",1365470081,2013-04-09 01:14:41+00:00
u24,math 22,2,4,1,"43.70615324,-72.29155002",1365470088,2013-04-09 01:14:48+00:00
u24,math22,2,4,1,"43.70622719,-72.29042601",1365552014,2013-04-10 00:00:14+00:00
u24,CS65,2,1,1,"43.70597871,-72.28908972",1365793713,2013-04-12 19:08:33+00:00
u24,math22,2,1,4,"43.706227,-72.29104106",1365799962,2013-04-12 20:52:42+00:00
u24,m&ss45,2,4,1,Unknown,1366244458,2013-04-18 00:20:58+00:00
u24,math 22,2,3,1,"43.70768728,-72.28472492",1366420866,2013-04-20 01:21:06+00:00
u25,English 28,1,3,2,"43.70105953,-72.28570525",1364429445,2013-03-28 00:10:45+00:00
u25,computer science 65,2,3,2,"43.70909673,-72.28432992",1364521721,2013-03-29 01:48:41+00:00
u25,cs65,2,3,3,"43.70042959,-72.2867107",1364602446,2013-03-30 00:14:06+00:00
u25,no class today,2,1,1,"43.70256973,-72.28784525",1364691524,2013-03-31 00:58:44+00:00
u25,cs65,1,3,2,"43.44242939,-72.06891831",1364868983,2013-04-02 02:16:23+00:00
u25,cs65 section,2,2,2,"43.70065679,-72.28685874",1364945517,2013-04-02 23:31:57+00:00
u25,nas8,1,4,1,"43.7078117,-72.28487208",1365027130,2013-04-03 22:12:10+00:00
u25,English 28,2,3,2,"43.70112268,-72.28657241",1365030879,2013-04-03 23:14:39+00:00
u25,English 28,1,3,2,"43.70866672,-72.28394883",1365104501,2013-04-04 19:41:41+00:00
u25,cs 65,2,3,2,"43.70866672,-72.28394883",1365109505,2013-04-04 21:05:05+00:00
u25,English 28,1,3,2,Unknown,1365188117,2013-04-05 18:55:17+00:00
u25,nas8,2,3,1,Unknown,1365205344,2013-04-05 23:42:24+00:00
u25,nas8,2,1,1,"43.70309694,-72.28992457",1365473793,2013-04-09 02:16:33+00:00
u25,English 28,1,3,2,Unknown,1365619470,2013-04-10 18:44:30+00:00
u25,cs65,2,1,2,Unknown,1365645252,2013-04-11 01:54:12+00:00
u25,cs65,2,2,2,"43.70902013,-72.28426928",1365730340,2013-04-12 01:32:20+00:00
u25,nas8,2,4,1,"43.70615155,-72.28799023",1365815018,2013-04-13 01:03:38+00:00
u25,nas8,2,3,1,"43.70609873,-72.28690685",1366078260,2013-04-16 02:11:00+00:00
u27,japn33,2,2,2,"43.70655446,-72.28713909",1364503039,2013-03-28 20:37:19+00:00
u27,film 42,2,3,4,"43.70274374,-72.28756665",1364541625,2013-03-29 07:20:25+00:00
u27,cs65,2,1,1,"43.70754161,-72.28527106",1364583738,2013-03-29 19:02:18+00:00
u27,cs 65,2,1,4,"43.70405331,-72.28579164",1364690401,2013-03-31 00:40:01+00:00
u27,econ 24,1,1,3,"43.70389316,-72.28575202",1364782076,2013-04-01 02:07:56+00:00
u27,cs65,2,1,4,"43.70413216,-72.28586105",1364849556,2013-04-01 20:52:36+00:00
u27,econ 24,1,1,3,"43.70413216,-72.28586105",1364860823,2013-04-02 00:00:23+00:00
u27,japn 33,1,3,2,"43.70388196,-72.28583882",1364942576,2013-04-02 22:42:56+00:00
u27,cs65,2,4,1,"43.70435602,-72.28669392",1365015557,2013-04-03 18:59:17+00:00
u27,japn33,1,3,4,"43.70360692,-72.28575871",1365027244,2013-04-03 22:14:04+00:00
u27,econ24,1,1,2,"43.70475035,-72.28638803",1365187438,2013-04-05 18:43:58+00:00
u27,econ24,1,1,5,"43.70586093,-72.28868897",1365447124,2013-04-08 18:52:04+00:00
u27,cs65,1,1,5,"43.70586093,-72.28868897",1365447142,2013-04-08 18:52:22+00:00
u27,cs65,2,1,1,"43.7040426,-72.28552632",1365818496,2013-04-13 02:01:36+00:00
u27,cs65,2,1,3,"43.70400104,-72.28585139",1366245784,2013-04-18 00:43:04+00:00
u27,econ 24,1,1,2,"43.70424431,-72.28559775",1366305406,2013-04-18 17:16:46+00:00
u27,cs65,2,1,1,"43.70494158,-72.28811294",1366419747,2013-04-20 01:02:27+00:00
u27,japn33,1,3,3,"43.70494158,-72.28811294",1366423092,2013-04-20 01:58:12+00:00
u27,econ24,1,1,4,"43.70494158,-72.28811294",1366423120,2013-04-20 01:58:40+00:00
u30,CS65,2,3,1,"43.70240618,-72.28732915",1364583786,2013-03-29 19:03:06+00:00
u30,CS50,2,1,3,"43.70240618,-72.28732915",1364593581,2013-03-29 21:46:21+00:00
u30,CS 50,2,3,7,"43.70216667,-72.2862385",1365015403,2013-04-03 18:56:43+00:00
u30,CS 65,1,2,3,"43.70216667,-72.2862385",1365015403,2013-04-03 18:56:43+00:00
u30,Music 3,2,3,2,"43.70324769,-72.29030293",1365015405,2013-04-03 18:56:45+00:00
u30,CS 65,2,3,1,"43.70294473,-72.28772261",1365285713,2013-04-06 22:01:53+00:00
u30,CS 50,2,3,3,"43.70294473,-72.28772261",1365285713,2013-04-06 22:01:53+00:00
u30,CS 50,2,3,2,"43.70294473,-72.28772261",1365285720,2013-04-06 22:02:00+00:00
u30,Music 3,1,3,4,"43.70294473,-72.28772261",1365285720,2013-04-06 22:02:00+00:00
u30,CS 65,2,2,1,"43.70294473,-72.28772261",1365285720,2013-04-06 22:02:00+00:00
u30,CS 50,2,3,1,"43.70260784,-72.28705135",1365566409,2013-04-10 04:00:09+00:00
u30,Music 3,2,3,3,"43.70260784,-72.28705135",1365566409,2013-04-10 04:00:09+00:00
u30,CS 50,2,3,1,"43.70377413,-72.29073246",1365675907,2013-04-11 10:25:07+00:00
u30,CS 65,2,3,2,"43.70377413,-72.29073246",1365675907,2013-04-11 10:25:07+00:00
u30,CS 65,2,3,1,"43.70232979,-72.28706023",1365725254,2013-04-12 00:07:34+00:00
u30,Music 3,2,3,3,"43.70232979,-72.28706023",1365725279,2013-04-12 00:07:59+00:00
u30,CS 50,2,3,2,"43.70301736,-72.28773771",1366159591,2013-04-17 00:46:31+00:00
u30,Music 3,2,3,1,"43.70301736,-72.28773771",1366159664,2013-04-17 00:47:44+00:00
u30,CS 50,2,3,5,"43.7024116,-72.28734492",1366246503,2013-04-18 00:55:03+00:00
u30,CS 65,2,3,1,"43.70267956,-72.28791803",1366246528,2013-04-18 00:55:28+00:00
u30,CS 65,2,3,3,"41.23064284,-73.0728831",1366710464,2013-04-23 09:47:44+00:00
u30,CS 50,2,3,10,"41.23064284,-73.0728831",1366710521,2013-04-23 09:48:41+00:00
u30,CS 65,2,3,1,"43.7024991,-72.28938342",1367562616,2013-05-03 06:30:16+00:00
u30,Music 3,2,2,1,"43.7024991,-72.28938342",1367562641,2013-05-03 06:30:41+00:00
u31,cs65,2,2,3,"43.68056536,-72.29343173",1364435176,2013-03-28 01:46:16+00:00
u31,cs77,2,1,2,"43.68060986,-72.29350695",1364515237,2013-03-29 00:00:37+00:00
u31,cs65,2,1,3,Unknown,1364867692,2013-04-02 01:54:52+00:00
u31,cs189,2,2,4,"43.70972726,-72.28442696",1365027719,2013-04-03 22:21:59+00:00
u31,cs77,2,3,3,"43.70544521,-72.28666208",1365112879,2013-04-04 22:01:19+00:00
u31,cs65,2,5,1,"43.68076836,-72.29354168",1365288294,2013-04-06 22:44:54+00:00
u31,cs77,2,4,11,"43.70752443,-72.28535807",1365638561,2013-04-11 00:02:41+00:00
u31,cs77,2,2,11,"43.70704622,-72.28681936",1365725818,2013-04-12 00:16:58+00:00
u32,cs65,2,3,2,"43.70819533,-72.28464859",1364843455,2013-04-01 19:10:55+00:00
u32,math23,2,1,1,"43.70574271,-72.28946233",1364855460,2013-04-01 22:31:00+00:00
u32,cs65,2,3,3,"43.7032657,-72.29045059",1364936375,2013-04-02 20:59:35+00:00
u32,math23,2,4,1,"43.7032657,-72.29045059",1364939852,2013-04-02 21:57:32+00:00
u32,cs69,1,1,3,"43.70348694,-72.29093353",1364955574,2013-04-03 02:19:34+00:00
u32,cs65,2,3,3,"43.70371584,-72.2909896",1365018344,2013-04-03 19:45:44+00:00
u32,math23,2,4,3,"43.70654748,-72.28919801",1365025253,2013-04-03 21:40:53+00:00
u32,cs60,2,2,1,"43.70367648,-72.29094557",1365031848,2013-04-03 23:30:48+00:00
u32,cs65,2,3,1,"43.70584223,-72.29075364",1365108624,2013-04-04 20:50:24+00:00
u32,cs69,1,1,4,"43.70584223,-72.29075364",1365153953,2013-04-05 09:25:53+00:00
u32,cs65,2,1,1,"43.70665195,-72.28627345",1365194085,2013-04-05 20:34:45+00:00
u32,math23,1,5,6,"43.70614862,-72.28934977",1365198011,2013-04-05 21:40:11+00:00
u32,cs60,2,3,1,"43.70614862,-72.28934977",1365202344,2013-04-05 22:52:24+00:00
u32,cs65,1,3,5,"43.70833514,-72.28446068",1365448353,2013-04-08 19:12:33+00:00
u32,math23,2,4,1,"43.7079626,-72.2845068",1365461644,2013-04-08 22:54:04+00:00
u32,cs60,2,1,1,"43.70826063,-72.28421526",1365461668,2013-04-08 22:54:28+00:00
u32,cs65,1,3,3,"43.70826063,-72.28421526",1365548843,2013-04-09 23:07:23+00:00
u32,math23,2,1,1,"43.70826063,-72.28421526",1365559676,2013-04-10 02:07:56+00:00
u32,cs69,2,3,8,"43.70340811,-72.29061712",1365568428,2013-04-10 04:33:48+00:00
u32,cs65,2,3,1,"43.70827877,-72.28438588",1365621132,2013-04-10 19:12:12+00:00
u32,math23,2,4,2,"43.70827877,-72.28438588",1365631748,2013-04-10 22:09:08+00:00
u32,cs60,2,3,1,"43.70827877,-72.28438588",1365634647,2013-04-10 22:57:27+00:00
u32,cs65,2,3,1,"43.70845191,-72.28419384",1365720716,2013-04-11 22:51:56+00:00
u32,cs69,1,1,8,"43.70845191,-72.28419384",1365758855,2013-04-12 09:27:35+00:00
u32,cs65,2,3,1,"43.71906267,-72.27262809",1365795000,2013-04-12 19:30:00+00:00
u32,math23,1,1,6,"43.7062746,-72.28944936",1365803141,2013-04-12 21:45:41+00:00
u32,cs65,1,4,9,"43.71713165,-72.27145544",1366053147,2013-04-15 19:12:27+00:00
u32,math23,2,1,1,"43.70635829,-72.28923585",1366061839,2013-04-15 21:37:19+00:00
u32,cs60,2,3,1,"43.70635749,-72.28923654",1366072980,2013-04-16 00:43:00+00:00
u32,cs65,1,3,3,"43.70710027,-72.28737661",1366157793,2013-04-17 00:16:33+00:00
u32,math23,2,4,5,"43.70710027,-72.28737661",1366157839,2013-04-17 00:17:19+00:00
u32,cs69,2,1,2,"43.70285908,-72.29002745",1366174008,2013-04-17 04:46:48+00:00
u32,cs65,2,1,1,"43.70285908,-72.29002745",1366225489,2013-04-17 19:04:49+00:00
u32,math23,1,4,10,"43.70261834,-72.28972009",1366236371,2013-04-17 22:06:11+00:00
u32,cs65,2,1,1,Unknown,1366318695,2013-04-18 20:58:15+00:00
u32,cs65,2,1,1,"43.70300607,-72.29026873",1366402410,2013-04-19 20:13:30+00:00
u32,math23,1,1,2,"43.70300607,-72.29026873",1366409367,2013-04-19 22:09:27+00:00
u32,cs60,2,3,1,"43.70300607,-72.29026873",1366411867,2013-04-19 22:51:07+00:00
u32,cs65,1,1,12,"43.7031993,-72.2904444",1366665190,2013-04-22 21:13:10+00:00
u32,math23,2,1,1,"43.7031993,-72.2904444",1366666989,2013-04-22 21:43:09+00:00
u32,cs60,2,1,1,"43.7031993,-72.2904444",1366671079,2013-04-22 22:51:19+00:00
u32,cs65,1,1,3,"43.70635966,-72.28846146",1366750429,2013-04-23 20:53:49+00:00
u32,math23,2,5,1,"43.70635966,-72.28846146",1366754318,2013-04-23 21:58:38+00:00
u32,cs65,2,1,1,"43.70608389,-72.29104393",1366935190,2013-04-26 00:13:10+00:00
u32,cs69,1,1,7,"43.70608389,-72.29104393",1366949950,2013-04-26 04:19:10+00:00
u32,cs65,2,1,1,"43.70608389,-72.29104393",1367003166,2013-04-26 19:06:06+00:00
u32,cs65,1,3,12,"43.70894401,-72.28431547",1367262393,2013-04-29 19:06:33+00:00
u32,math23,2,4,1,"43.47216071,-71.99885894",1367364255,2013-04-30 23:24:15+00:00
u32,cs69,2,1,5,"43.47216071,-71.99885894",1367379729,2013-05-01 03:42:09+00:00
u32,cs65,2,1,2,"43.47216071,-71.99885894",1367435862,2013-05-01 19:17:42+00:00
u32,math23,2,4,4,"43.70211393,-72.28994529",1367444694,2013-05-01 21:44:54+00:00
u32,cs69,2,1,6,"43.70211393,-72.28994529",1367566719,2013-05-03 07:38:39+00:00
u32,cs65,2,1,1,"43.70633694,-72.29112078",1367643460,2013-05-04 04:57:40+00:00
u32,math23,1,4,6,"43.70633694,-72.29112078",1367643460,2013-05-04 04:57:40+00:00
u32,cs65,2,5,1,"43.7089232,-72.28415444",1368040450,2013-05-08 19:14:10+00:00
u32,math23,2,4,1,"43.7089232,-72.28415444",1368049435,2013-05-08 21:43:55+00:00
u32,cs69,1,3,6,"43.70651717,-72.2879345",1368155551,2013-05-10 03:12:31+00:00
u32,cs65,1,1,6,"43.719082,-72.2724696",1368211853,2013-05-10 18:50:53+00:00
u32,math23,1,4,8,"43.719082,-72.2724696",1368221865,2013-05-10 21:37:45+00:00
u32,math23,2,4,1,"43.70680906,-72.28749051",1369189149,2013-05-22 02:19:09+00:00
u33,CS65,2,1,2,Unknown,1364515429,2013-03-29 00:03:49+00:00
u33,CS65,2,3,3,"43.70360724,-72.29640518",1364603465,2013-03-30 00:31:05+00:00
u33,ENGS93,2,1,1,"43.7037725,-72.29602645",1364697770,2013-03-31 02:42:50+00:00
u33,CS65,1,1,1,"43.70857509,-72.28453841",1364843136,2013-04-01 19:05:36+00:00
u33,ENGS93,2,4,1,"43.70455321,-72.29195283",1364865778,2013-04-02 01:22:58+00:00
u33,ENGS25,2,3,1,"43.70371798,-72.29605868",1364865789,2013-04-02 01:23:09+00:00
u33,CS65,2,3,3,"43.70799826,-72.28495732",1365026944,2013-04-03 22:09:04+00:00
u33,ENGS93,1,1,6,"43.70799826,-72.28495732",1365026965,2013-04-03 22:09:25+00:00
u33,ENGS25,1,3,5,"43.70799826,-72.28495732",1365029766,2013-04-03 22:56:06+00:00
u33,CS65,2,3,1,"43.70378631,-72.29590104",1365112666,2013-04-04 21:57:46+00:00
u33,CS65,2,3,2,"43.70274179,-72.28911003",1365189417,2013-04-05 19:16:57+00:00
u33,ENGS93,2,3,1,"43.70148828,-72.28937515",1365199408,2013-04-05 22:03:28+00:00
u33,ENGS25,2,3,1,"43.7058539,-72.28945952",1365202937,2013-04-05 23:02:17+00:00
u33,CS65,1,2,11,"43.70711139,-72.28597263",1365449380,2013-04-08 19:29:40+00:00
u33,ENGS93,2,1,2,"43.70220819,-72.28927939",1365456665,2013-04-08 21:31:05+00:00
u33,ENGS25,2,4,1,"43.70487736,-72.29204865",1365462613,2013-04-08 23:10:13+00:00
u33,CS65,2,1,3,"43.70332015,-72.29598121",1365624221,2013-04-10 20:03:41+00:00
u33,ENGS93,1,1,7,"43.70332015,-72.29598121",1365631818,2013-04-10 22:10:18+00:00
u33,ENGS25,1,1,10,"43.70589943,-72.28947338",1365635270,2013-04-10 23:07:50+00:00
u33,CS65,2,3,3,"43.70730744,-72.28556254",1365713782,2013-04-11 20:56:22+00:00
u33,ENGS93,2,3,2,"43.70368617,-72.29580241",1365802600,2013-04-12 21:36:40+00:00
u33,ENGS25,1,4,3,"43.70403496,-72.2946836",1365808083,2013-04-12 23:08:03+00:00
u33,CS65,1,3,10,"43.70369666,-72.29597969",1366057984,2013-04-15 20:33:04+00:00
u33,ENGS93,2,4,1,"43.70369666,-72.29597969",1366065364,2013-04-15 22:36:04+00:00
u33,ENGS25,2,3,1,"43.70369666,-72.29597969",1366067495,2013-04-15 23:11:35+00:00
u33,CS65,2,3,1,"43.70342539,-72.29594334",1366231206,2013-04-17 20:40:06+00:00
u33,ENGS93,1,4,7,"43.70351032,-72.29612362",1366242012,2013-04-17 23:40:12+00:00
u33,ENGS25,2,1,1,"43.70351032,-72.29612362",1366242023,2013-04-17 23:40:23+00:00
u33,CS65,2,3,2,"43.70746347,-72.28509434",1366318510,2013-04-18 20:55:10+00:00
u33,CS65,2,3,2,"43.70746347,-72.28509434",1366318535,2013-04-18 20:55:35+00:00
u33,ENGS93,2,3,2,"43.70397174,-72.29553785",1366407273,2013-04-19 21:34:33+00:00
u33,ENGS25,1,1,6,"43.70397174,-72.29553785",1366411762,2013-04-19 22:49:22+00:00
u33,ENGS93,2,1,1,"43.70497176,-72.29340555",1367306510,2013-04-30 07:21:50+00:00
u33,ENGS25,2,1,1,"43.70489616,-72.29364769",1367306526,2013-04-30 07:22:06+00:00
u33,ENGS93,1,3,8,"43.70583433,-72.28880318",1367648471,2013-05-04 06:21:11+00:00
u33,ENGS25,2,4,5,"43.70583433,-72.28880318",1367648472,2013-05-04 06:21:12+00:00
u33,CS65,2,3,5,"43.70416591,-72.29582511",1368484045,2013-05-13 22:27:25+00:00
u33,ENGS93,2,4,5,"43.70416591,-72.29582511",1368484060,2013-05-13 22:27:40+00:00
u33,CS65,1,3,12,Unknown,1369880490,2013-05-30 02:21:30+00:00
u34,CS65,2,3,3,"43.70878824,-72.28328871",1364840649,2013-04-01 18:24:09+00:00
u34,CS170,2,1,1,"43.70788571,-72.28460181",1364944621,2013-04-02 23:17:01+00:00
u34,CS65,2,3,2,"43.71710059,-72.3083916",1365012998,2013-04-03 18:16:38+00:00
u35,cs77,2,3,3,"43.70550357,-72.28323518",1364530877,2013-03-29 04:21:17+00:00
u35,"cs77
",2,1,3,"43.70787552,-72.28482605",1364603838,2013-03-30 00:37:18+00:00
u35,no class,2,1,5,"43.70539776,-72.28313216",1364694777,2013-03-31 01:52:57+00:00
u35,cs165,1,1,4,"43.70806959,-72.28480897",1364844321,2013-04-01 19:25:21+00:00
u35,cs165,2,3,6,"43.70108441,-72.28807194",1365204629,2013-04-05 23:30:29+00:00
u35,cs165,1,3,3,"43.53959054,-72.38995452",1365465926,2013-04-09 00:05:26+00:00
u35,cs65,2,4,4,"43.70410839,-72.29042107",1365638728,2013-04-11 00:05:28+00:00
u35,cs165,2,1,1,"43.7032067,-72.29080808",1365799968,2013-04-12 20:52:48+00:00
u35,cs165,1,3,5,Unknown,1366077942,2013-04-16 02:05:42+00:00
u35,cs165,2,1,6,"43.7077701,-72.28363396",1366244612,2013-04-18 00:23:32+00:00
u35,cs165,2,1,3,"43.70694392,-72.28313593",1366399551,2013-04-19 19:25:51+00:00
u35,cs165,2,1,5,"43.70462528,-72.30440054",1367273079,2013-04-29 22:04:39+00:00
u35,network,2,3,12,"43.70696392,-72.28734398",1367885054,2013-05-07 00:04:14+00:00
u36,cs65,2,3,6,"43.70676475,-72.28712041",1364774538,2013-04-01 00:02:18+00:00
u36,cs65,2,1,4,"43.70647464,-72.28689856",1364865986,2013-04-02 01:26:26+00:00
u36,cs65,2,1,1,"43.70684682,-72.28702992",1364944493,2013-04-02 23:14:53+00:00
u36,cs65,2,1,1,"43.70671309,-72.28686909",1365026943,2013-04-03 22:09:03+00:00
u36,cs65,2,1,1,"43.70657564,-72.28707547",1365114832,2013-04-04 22:33:52+00:00
u36,cs65,2,1,12,"43.70648263,-72.28685563",1365199558,2013-04-05 22:05:58+00:00
u36,cs65,2,1,7,"43.70677147,-72.28707347",1365467930,2013-04-09 00:38:50+00:00
u36,cs65,2,1,6,"43.70647121,-72.28707721",1365555609,2013-04-10 01:00:09+00:00
u36,CS297,2,3,12,"43.70673343,-72.28672849",1365642246,2013-04-11 01:04:06+00:00
u36,CS297,1,3,12,"43.70678726,-72.28706171",1365725077,2013-04-12 00:04:37+00:00
u36,CS297,2,1,12,"43.70659406,-72.28704229",1365813298,2013-04-13 00:34:58+00:00
u36,CS297,2,1,12,"43.70691067,-72.28670488",1365899156,2013-04-14 00:25:56+00:00
u36,CS297,1,3,12,"43.70655534,-72.28702434",1366067851,2013-04-15 23:17:31+00:00
u36,CS297,1,3,12,Unknown,1366071142,2013-04-16 00:12:22+00:00
u36,CS297,1,3,12,"43.65177507,-72.31008393",1366243561,2013-04-18 00:06:01+00:00
u36,CS297,1,1,12,"43.65156131,-72.30974714",1366306836,2013-04-18 17:40:36+00:00
u36,CS297,1,3,12,Unknown,1366435178,2013-04-20 05:19:38+00:00
u36,CS297,2,1,4,"37.33347414,-121.90347824",1366665291,2013-04-22 21:14:51+00:00
u36,CS297,2,3,3,"37.33933349,-122.0390594",1366775175,2013-04-24 03:46:15+00:00
u36,CS297,2,1,3,"37.33932807,-122.03905765",1366858825,2013-04-25 03:00:25+00:00
u39,cs70,2,3,3,Unknown,1364936095,2013-04-02 20:54:55+00:00
u39,,2,1,1,"43.70657715,-72.28645985",1365565544,2013-04-10 03:45:44+00:00
u39,"cs170
",1,1,1,Unknown,1365565547,2013-04-10 03:45:47+00:00
u39,,2,1,1,"43.70657715,-72.28645985",1365567883,2013-04-10 04:24:43+00:00
u39,"cs170
",1,1,1,Unknown,1365567885,2013-04-10 04:24:45+00:00
u39,,2,1,1,"43.65161386,-72.31003509",1365833101,2013-04-13 06:05:01+00:00
u39,,2,1,1,"43.7008617,-72.28950786",1366086071,2013-04-16 04:21:11+00:00
u39,,2,1,1,"43.70691563,-72.28615388",1366921933,2013-04-25 20:32:13+00:00
u41,Cs50,2,1,3,"43.7039835,-72.28589738",1364593116,2013-03-29 21:38:36+00:00
u41,"SPAN
2",2,1,2,"43.7039835,-72.28589738",1364593148,2013-03-29 21:39:08+00:00
u41,CS50,2,1,1,"43.7039835,-72.28589738",1364593262,2013-03-29 21:41:02+00:00
u41,CS50,2,4,1,Unknown,1365558055,2013-04-10 01:40:55+00:00
u41,SPAN2,2,3,1,"43.70367091,-72.28590427",1365641466,2013-04-11 00:51:06+00:00
u41,CS65,2,1,3,"43.70525445,-72.2884545",1365726669,2013-04-12 00:31:09+00:00
u41,CS65,2,1,3,Unknown,1366420450,2013-04-20 01:14:10+00:00
u42,cs165,1,2,2,"43.69958568,-72.28346581",1364904604,2013-04-02 12:10:04+00:00
u42,cs77,1,3,1,"43.64981203,-72.31113288",1364946954,2013-04-02 23:55:54+00:00
u42,cs165,2,2,1,"43.62834565,-72.3223213",1365027314,2013-04-03 22:15:14+00:00
u42,cs170,2,3,3,Unknown,1365118217,2013-04-04 23:30:17+00:00
u42,cs165,2,3,1,"43.70551056,-72.28806837",1365201365,2013-04-05 22:36:05+00:00
u42,cs165,2,3,1,"43.70901904,-72.28357213",1365656203,2013-04-11 04:56:43+00:00
u42,cs65,2,3,1,"43.65866189,-72.24880912",1365811954,2013-04-13 00:12:34+00:00
u42,cs65,1,3,1,"43.65842615,-72.2485696",1366072029,2013-04-16 00:27:09+00:00
u42,cs65,2,1,1,"43.65853839,-72.24881437",1366314264,2013-04-18 19:44:24+00:00
u43,cs65,1,3,5,"43.70660194,-72.28760119",1364861065,2013-04-02 00:04:25+00:00
u43,engs31,2,3,5,"43.70660194,-72.28760119",1364861084,2013-04-02 00:04:44+00:00
u43,engs31,1,3,3,"43.70546977,-72.29153142",1364937647,2013-04-02 21:20:47+00:00
u43,engs31 lab,1,3,3,"43.70574918,-72.29112146",1364956411,2013-04-03 02:33:31+00:00
u43,cs65 smartphone,2,3,3,"43.70566059,-72.29130704",1365016029,2013-04-03 19:07:09+00:00
u43,engs31,2,2,4,"43.70566059,-72.29130704",1365024865,2013-04-03 21:34:25+00:00
u43,engs31,2,2,5,"43.70566059,-72.29130704",1365026698,2013-04-03 22:04:58+00:00
u43,vs 65 section ,2,3,1,"43.70619631,-72.28823087",1365045649,2013-04-04 03:20:49+00:00
u43,cs65,2,2,2,"43.70619631,-72.28823087",1365108706,2013-04-04 20:51:46+00:00
u43,cs65,2,2,2,"43.7056412,-72.29070799",1365112974,2013-04-04 22:02:54+00:00
u43,cs65,2,3,6,"43.70553772,-72.29041241",1365194869,2013-04-05 20:47:49+00:00
u43,engs31 ,2,3,4,"43.70553772,-72.29041241",1365200100,2013-04-05 22:15:00+00:00
u43,cs65,1,3,5,"43.70560342,-72.29137243",1365448089,2013-04-08 19:08:09+00:00
u43,engs31,2,3,2,"43.70560342,-72.29137243",1365463684,2013-04-08 23:28:04+00:00
u43,engs31,1,3,6,"43.70566653,-72.29162127",1365544449,2013-04-09 21:54:09+00:00
u43,engs31 lab,1,3,3,"43.70566653,-72.29162127",1365562807,2013-04-10 03:00:07+00:00
u43,cs65,2,3,2,"43.70565468,-72.29149208",1365620850,2013-04-10 19:07:30+00:00
u43,engs31,2,3,5,"43.70509139,-72.29220315",1365638644,2013-04-11 00:04:04+00:00
u43,cs65,2,3,2,"43.70349928,-72.29089432",1365713563,2013-04-11 20:52:43+00:00
u43,cs65,2,3,3,"43.70234665,-72.28813935",1365728221,2013-04-12 00:57:01+00:00
u43,cs65,2,2,4,"43.70234665,-72.28813935",1365793725,2013-04-12 19:08:45+00:00
u43,engs31,2,1,3,"43.70234665,-72.28813935",1365811359,2013-04-13 00:02:39+00:00
u43,engs31,2,3,2,Unknown,1366060914,2013-04-15 21:21:54+00:00
u43,engs31,2,3,2,Unknown,1366072268,2013-04-16 00:31:08+00:00
u43,cs65,2,3,2,"43.70586692,-72.29117574",1366225565,2013-04-17 19:06:05+00:00
u43,engs31,2,3,7,"43.70523224,-72.29210557",1366241034,2013-04-17 23:23:54+00:00
u43,engs31,2,3,7,"43.70571117,-72.29155141",1366244159,2013-04-18 00:15:59+00:00
u43,cs65,2,3,4,"43.70577871,-72.29093135",1366324448,2013-04-18 22:34:08+00:00
u43,cs65,2,3,4,"43.16724021,-71.52684256",1366597112,2013-04-22 02:18:32+00:00
u43,engs31,2,3,3,"44.18328959,-69.83229159",1366597113,2013-04-22 02:18:33+00:00
u43,,2,1,1,"43.70568133,-72.29134343",1366845173,2013-04-24 23:12:53+00:00
u43,cs65,2,3,2,Unknown,1366923104,2013-04-25 20:51:44+00:00
u43,cs65,2,3,2,"43.70566341,-72.29149906",1367008474,2013-04-26 20:34:34+00:00
u43,cs65,2,2,9,"43.70546467,-72.29120503",1367434609,2013-05-01 18:56:49+00:00
u44,cs65,2,3,2,"43.70743771,-72.2862709",1365016175,2013-04-03 19:09:35+00:00
u44,cs60,2,2,3,"43.6971777,-72.28080395",1365030149,2013-04-03 23:02:29+00:00
u44,cs60 xhour,2,1,3,"43.69706014,-72.28055451",1365111715,2013-04-04 21:41:55+00:00
u44,cs65,2,2,3,"43.70956983,-72.2828589",1365188756,2013-04-05 19:05:56+00:00
u44,cs60,2,2,8,"43.70956983,-72.2828589",1365202379,2013-04-05 22:52:59+00:00
u44,cs65,1,3,6,"43.69304677,-72.26666278",1365449255,2013-04-08 19:27:35+00:00
u44,cs60,1,3,7,"43.69219771,-72.26725631",1365461409,2013-04-08 22:50:09+00:00
u44,cs65,2,3,2,"43.70905522,-72.28367829",1365621214,2013-04-10 19:13:34+00:00
u44,cs60,2,1,3,"43.70905522,-72.28367829",1365634955,2013-04-10 23:02:35+00:00
u44,cs60,2,3,3,"43.70752065,-72.28669805",1365726061,2013-04-12 00:21:01+00:00
u44,cs65,2,3,2,"43.69213022,-72.27010971",1365794967,2013-04-12 19:29:27+00:00
u44,cs60,2,1,3,"43.69213022,-72.27010971",1365808750,2013-04-12 23:19:10+00:00
u44,cs60,1,3,12,"43.70741846,-72.28641464",1366066267,2013-04-15 22:51:07+00:00
u44,cs60,2,1,6,"43.70968672,-72.28395597",1366225552,2013-04-17 19:05:52+00:00
u44,cs60,2,3,2,"43.70968672,-72.28395597",1366239130,2013-04-17 22:52:10+00:00
u44,cs65,2,3,2,"43.70982734,-72.28287682",1366398265,2013-04-19 19:04:25+00:00
u44,cs60,2,2,4,"43.70311929,-72.28220394",1366411833,2013-04-19 22:50:33+00:00
u44,cs65,1,1,6,"43.70957133,-72.28436521",1366658403,2013-04-22 19:20:03+00:00
u44,cs60,1,1,12,"43.70957133,-72.28436521",1366671129,2013-04-22 22:52:09+00:00
u44,cs65,2,3,3,"43.70924953,-72.28306718",1367003303,2013-04-26 19:08:23+00:00
u44,cs60,2,3,7,"43.7069105,-72.28675521",1367020501,2013-04-26 23:55:01+00:00
u44,cs60,1,3,12,"43.70907937,-72.2835377",1367275837,2013-04-29 22:50:37+00:00
u44,cs65,2,3,12,"43.70958087,-72.28404203",1367435171,2013-05-01 19:06:11+00:00
u44,cs60,2,3,2,"43.70760249,-72.286058",1367448557,2013-05-01 22:49:17+00:00
u44,cs65,2,1,2,"43.70976741,-72.28416244",1367607733,2013-05-03 19:02:13+00:00
u44,renesys,2,3,1,"43.70976741,-72.28416244",1367621683,2013-05-03 22:54:43+00:00
u44,cs60,2,3,1,"43.70691341,-72.28711558",1367880252,2013-05-06 22:44:12+00:00
u44,cs65,2,3,5,"43.69230186,-72.26682816",1368039469,2013-05-08 18:57:49+00:00
u44,cs60,2,3,2,"43.70914765,-72.28352116",1368137193,2013-05-09 22:06:33+00:00
u44,cs65,1,1,1,"43.6922359,-72.26676312",1368643940,2013-05-15 18:52:20+00:00
u45,cs65,1,2,5,"43.70714984,-72.2865919",1364899372,2013-04-02 10:42:52+00:00
u45,cs77,1,1,4,"43.70526192,-72.28667636",1364977330,2013-04-03 08:22:10+00:00
u45,CS65,2,1,3,"43.70797014,-72.28385447",1365036656,2013-04-04 00:50:56+00:00
u45,cs65,2,3,5,"43.70788803,-72.28458844",1365641355,2013-04-11 00:49:15+00:00
u45,cs65,2,3,2,"43.70804291,-72.28498053",1365734021,2013-04-12 02:33:41+00:00
u45,cs65,2,1,4,"43.70804117,-72.28498155",1365811938,2013-04-13 00:12:18+00:00
u46,CS65,1,3,5,"43.7044068,-72.28971584",1364847596,2013-04-01 20:19:56+00:00
u46,CS50,1,3,4,"43.7044068,-72.28971584",1364853026,2013-04-01 21:50:26+00:00
u46,ECON36,2,1,3,"43.70509059,-72.29282176",1365012102,2013-04-03 18:01:42+00:00
u46,CS65,2,2,6,"43.70509059,-72.29282176",1365018433,2013-04-03 19:47:13+00:00
u46,CS50,2,4,1,"43.70675529,-72.28728531",1365026961,2013-04-03 22:09:21+00:00
u46,ECON36,2,1,1,"43.70744948,-72.28545819",1365187648,2013-04-05 18:47:28+00:00
u46,CS65,2,3,1,"43.70744948,-72.28545819",1365187667,2013-04-05 18:47:47+00:00
u46,CS50,2,3,3,"43.70600821,-72.28803551",1365199288,2013-04-05 22:01:28+00:00
u46,CS65,1,3,4,"43.7038898,-72.287724",1365465688,2013-04-09 00:01:28+00:00
u46,ECON37,2,2,4,"43.7038898,-72.287724",1365465688,2013-04-09 00:01:28+00:00
u46,CS65,2,4,2,"43.70450188,-72.2971835",1365798397,2013-04-12 20:26:37+00:00
u46,ECON36,2,3,3,"43.70450188,-72.2971835",1365798411,2013-04-12 20:26:51+00:00
u46,CS50,2,4,12,"43.70586884,-72.28784833",1366243290,2013-04-18 00:01:30+00:00
u47,cs165,2,1,4,"43.68074778467417,-72.32198006473482",1364706633,2013-03-31 05:10:33+00:00
u47,cs65,2,1,4,"43.68139323312789,-72.32200630009174",1365736993,2013-04-12 03:23:13+00:00
u47,cs65,2,1,10,"43.681445620022714,-72.32166423462331",1365897718,2013-04-14 00:01:58+00:00
u47,cs65,1,3,6,"43.7075920868665,-72.28532021865249",1366071434,2013-04-16 00:17:14+00:00
u49,LAT3,2,3,5,"43.70660906218045,-72.28850320131149",1364510964,2013-03-28 22:49:24+00:00
u49,CS65,2,3,1,"43.70660906218045,-72.28850320131149",1364516598,2013-03-29 00:23:18+00:00
u49,CS65,2,2,1,"43.70283528839602,-72.29096080666464",1364594518,2013-03-29 22:01:58+00:00
u49,LAT3,1,3,3,"43.70280622511184,-72.29096898523272",1364594561,2013-03-29 22:02:41+00:00
u49,MATH13,1,2,6,"43.70293765941701,-72.29087519854266",1364594594,2013-03-29 22:03:14+00:00
u49,LAT3,1,2,5,"43.70705260374322,-72.2906467517123",1364865554,2013-04-02 01:19:14+00:00
u49,LAT3,2,3,5,"43.70338315129848,-72.2868059778217",1364928835,2013-04-02 18:53:55+00:00
u49,LAT3,2,3,1,"43.703158651028865,-72.2870008394822",1365026963,2013-04-03 22:09:23+00:00
u49,MATH13,1,2,5,"43.703158651028865,-72.2870008394822",1365027016,2013-04-03 22:10:16+00:00
u49,CS65,2,3,2,"43.707160898813775,-72.29070505330372",1365041168,2013-04-04 02:06:08+00:00
u49, LAT3,1,3,5,"43.70719136531615,-72.29074030026922",1365112962,2013-04-04 22:02:42+00:00
u49,CS65,2,2,6,"43.70713543339236,-72.29082214369375",1365112986,2013-04-04 22:03:06+00:00
u49,LAT3,1,2,3,"43.70725334083059,-72.29087305855974",1365199232,2013-04-05 22:00:32+00:00
u49,CS65,2,2,5,"43.70712420776659,-72.2906110276771",1365199251,2013-04-05 22:00:51+00:00
u49,MATH13,1,2,4,"43.70710791156842,-72.29068312334456",1365199268,2013-04-05 22:01:08+00:00
u49,LAT3,1,3,4,"43.70722381420843,-72.29064740417755",1365495011,2013-04-09 08:10:11+00:00
u49,MATH13,1,2,6,"43.7074620579643,-72.29076688528187",1365495037,2013-04-09 08:10:37+00:00
u49,CS65,1,3,2,"43.70726286397128,-72.29063822859308",1365495084,2013-04-09 08:11:24+00:00
u49,LAT3,1,3,2,"43.70714428609825,-72.29067048599494",1365530523,2013-04-09 18:02:03+00:00
u49,LAT3,1,3,2,"43.70706705124463,-72.29070750176079",1365661281,2013-04-11 06:21:21+00:00
u49,CS65,2,3,7,"43.70715385770251,-72.29076242667945",1365661368,2013-04-11 06:22:48+00:00
u49,MATH13,1,2,4,"43.70723751657178,-72.29072506094067",1365661411,2013-04-11 06:23:31+00:00
u49,LAT3,1,1,5,"43.707113189278324,-72.29073405134399",1365746503,2013-04-12 06:01:43+00:00
u49,CS65,2,2,5,"43.70706589616339,-72.29079248902232",1365746537,2013-04-12 06:02:17+00:00
u49,LAT3,1,3,3,Unknown,1365832871,2013-04-13 06:01:11+00:00
u49,CS65,2,2,5,Unknown,1365832896,2013-04-13 06:01:36+00:00
u49,MATH13,1,3,6,Unknown,1365832913,2013-04-13 06:01:53+00:00
u49,LAT3,1,2,5,"43.70716493150137,-72.29065271916699",1366073323,2013-04-16 00:48:43+00:00
u49,CS65,1,2,6,"43.70744869103676,-72.28705035195861",1366073446,2013-04-16 00:50:46+00:00
u49,MATH13,1,3,6,"43.70686273087724,-72.28753449372527",1366073467,2013-04-16 00:51:07+00:00
u49,LAT3,2,3,1,"43.70704576843117,-72.2907161716925",1366135131,2013-04-16 17:58:51+00:00
u49,LAT3,1,1,2,"43.70148630287334,-72.2880724945123",1366259936,2013-04-18 04:38:56+00:00
u49,CS65,2,3,1,"43.701492057042024,-72.28820054512535",1366259960,2013-04-18 04:39:20+00:00
u49,MATH13,1,3,5,"43.70143796257927,-72.28840592331314",1366259991,2013-04-18 04:39:51+00:00
u49, LAT3,1,3,2,"43.707213470222484,-72.28713826226519",1366314880,2013-04-18 19:54:40+00:00
u49,LAT3,1,2,3,"43.707239025812086,-72.29067326733173",1366485463,2013-04-20 19:17:43+00:00
u49,CS65,2,2,4,"43.70724205779823,-72.29062358405594",1366485490,2013-04-20 19:18:10+00:00
u49,MATH13,1,2,3,"43.707213301259905,-72.29063432924677",1366485512,2013-04-20 19:18:32+00:00
u49, LAT3,1,1,2,"43.7028007679431,-72.29029717109633",1366761723,2013-04-24 00:02:03+00:00
u49,MATH13,1,2,6,"43.701556132099654,-72.28796998806963",1367470873,2013-05-02 05:01:13+00:00
u49,CS65,2,2,1,"43.70151524499508,-72.28789150252283",1367470890,2013-05-02 05:01:30+00:00
u49,LAT3,1,2,5,"43.70629160569078,-72.28882086692587",1367906428,2013-05-07 06:00:28+00:00
u49,CS65,2,1,9,"43.70629160569078,-72.28882086692587",1367906473,2013-05-07 06:01:13+00:00
u49,MATH13,1,3,3,"43.705985547631826,-72.2890841770398",1367906497,2013-05-07 06:01:37+00:00
u49,LAT3,2,3,1,"43.707135694363494,-72.29050824544824",1368085954,2013-05-09 07:52:34+00:00
u49,CS65,2,1,1,"43.707225360448696,-72.29078853358074",1368086098,2013-05-09 07:54:58+00:00
u49,MATH13,1,3,5,"43.70717613391768,-72.29083943919815",1368086124,2013-05-09 07:55:24+00:00
u49,LAT3,1,3,2,"43.707071574195425,-72.29069781817408",1368172444,2013-05-10 07:54:04+00:00
u49,LAT3,1,3,2,"43.70578575320415,-72.28875349174373",1368216507,2013-05-10 20:08:27+00:00
u49,LAT3,1,2,2,"43.70377306642512,-72.28776140116048",1368472174,2013-05-13 19:09:34+00:00
u49,CS65,1,2,3,"43.70377306642512,-72.28776140116048",1368472193,2013-05-13 19:09:53+00:00
u49,LAT3,1,3,2,"43.7059528775494,-72.28796572137354",1368590585,2013-05-15 04:03:05+00:00
u49,LAT3,1,3,2,Unknown,1368656536,2013-05-15 22:22:16+00:00
u49,MATH13,1,2,5,Unknown,1368656566,2013-05-15 22:22:46+00:00
u49,MATH13,1,3,2,"43.70600375009001,-72.28871367120003",1368826930,2013-05-17 21:42:10+00:00
u49,LAT3,1,2,2,"43.70726994377907,-72.29067645819752",1369092697,2013-05-20 23:31:37+00:00
u49,LAT3,1,2,2,"43.70716117171132,-72.2907325334663",1369335744,2013-05-23 19:02:24+00:00
u50,cs65 cs60,2,2,5,"43.7066734,-72.28707417",1364605117,2013-03-30 00:58:37+00:00
u50,,1,1,11,"43.70664877,-72.28717946",1364781933,2013-04-01 02:05:33+00:00
u50,cs65 cs60,2,2,6,"43.70662366,-72.2871792",1364867449,2013-04-02 01:50:49+00:00
u50,no class,2,1,12,"43.70691805,-72.28722721",1364943117,2013-04-02 22:51:57+00:00
u50,cs65,2,1,7,"43.70570507,-72.28332967",1365116596,2013-04-04 23:03:16+00:00
u50,cs65 cs60,2,2,9,"43.70858707,-72.28423771",1365202880,2013-04-05 23:01:20+00:00
u50,"cs65, cs60",1,3,7,"43.70667651,-72.28720535",1365467944,2013-04-09 00:39:04+00:00
u50,,2,1,7,"43.7066987,-72.28722114",1365554457,2013-04-10 00:40:57+00:00
u50,cs65 cs60,2,2,11,"43.70679304,-72.28704022",1365642274,2013-04-11 01:04:34+00:00
u50,cs65,2,2,11,"43.70634061,-72.28723183",1365725457,2013-04-12 00:10:57+00:00
u50,"cs65,cs60",2,2,8,"43.70687358,-72.2872396",1365814946,2013-04-13 01:02:26+00:00
u50,,2,1,6,"43.7067665,-72.28722029",1365910411,2013-04-14 03:33:31+00:00
u50,cs60 cs65,1,3,8,"43.70625729,-72.28714244",1366077109,2013-04-16 01:51:49+00:00
u51,cs65,2,1,1,"43.69935689,-72.29051287",1364537167,2013-03-29 06:06:07+00:00
u51,cs165,2,1,1,"43.70651977,-72.28705416",1364609142,2013-03-30 02:05:42+00:00
u51,no class today,2,1,5,"43.65187205,-72.30975063",1364720334,2013-03-31 08:58:54+00:00
u51,none,2,1,1,"43.7064344,-72.28715538",1364776553,2013-04-01 00:35:53+00:00
u51,cs165,2,1,1,"43.70659353,-72.2869791",1364872788,2013-04-02 03:19:48+00:00
u51,cs165,2,1,1,"43.6944476,-72.28377596",1365202334,2013-04-05 22:52:14+00:00
u51,none,2,1,1,"43.63775583,-72.27461681",1365292075,2013-04-06 23:47:55+00:00
u51,CS170,1,1,1,"43.70660044,-72.28702986",1365554697,2013-04-10 00:44:57+00:00
u51,cs170,2,1,3,"43.70628524,-72.28705371",1365732308,2013-04-12 02:05:08+00:00
u51,none,2,1,1,"43.70664201,-72.28687051",1365897668,2013-04-14 00:01:08+00:00
u51,cs165,1,1,5,"43.7065978,-72.28709206",1366067852,2013-04-15 23:17:32+00:00
u51,cs165,1,1,1,Unknown,1366077094,2013-04-16 01:51:34+00:00
u51,cs170,1,1,7,"43.69730937,-72.28441371",1366156989,2013-04-17 00:03:09+00:00
u51,cs165,2,1,1,"43.70637441,-72.28703898",1366243374,2013-04-18 00:02:54+00:00
u51,cs170,2,1,1,"43.70862775,-72.28345986",1366315063,2013-04-18 19:57:43+00:00
u51,cs170,2,1,1,"43.70057317,-72.28671215",1366772895,2013-04-24 03:08:15+00:00
u51,na,2,1,1,"43.70657735,-72.28707451",1366847200,2013-04-24 23:46:40+00:00
u52,cs65,2,3,1,"43.707074516666665,-72.28928456666667",1364518347,2013-03-29 00:52:27+00:00
u52,cs65,2,3,2,"43.70717366666667,-72.28912001666667",1364604749,2013-03-30 00:52:29+00:00
u52,cs65,1,3,4,"43.70705661666667,-72.2886937",1364862422,2013-04-02 00:27:02+00:00
u52,bio6,2,3,4,"43.70710476666667,-72.28895371666667",1364944063,2013-04-02 23:07:43+00:00
u52,cs50,2,3,1,"43.7069955,-72.28824085",1365025163,2013-04-03 21:39:23+00:00
u52,bio6,2,1,2,"43.70725126666667,-72.2890362",1365037382,2013-04-04 01:03:02+00:00
u52,bio6,2,3,1,"43.70684966666666,-72.28838453333333",1365105062,2013-04-04 19:51:02+00:00
u52,cs65,2,4,1,"43.70684966666666,-72.28838453333333",1365108675,2013-04-04 20:51:15+00:00
u52,cs65,2,4,1,"43.70726605,-72.28919321666666",1365188687,2013-04-05 19:04:47+00:00
u52,cs50,2,1,1,"43.70726605,-72.28919321666666",1365197901,2013-04-05 21:38:21+00:00
u52,bio6,2,3,1,"43.7087634,-72.28434623333334",1365541037,2013-04-09 20:57:17+00:00
u52,cs50,2,4,12,"43.7030312,-72.28956423333334",1365630034,2013-04-10 21:40:34+00:00
u52,bio6,2,3,1,"43.7072184,-72.28903266666667",1365710461,2013-04-11 20:01:01+00:00
u52,cs65,2,5,3,"43.7072184,-72.28903266666667",1365713484,2013-04-11 20:51:24+00:00
u52,cs50,2,5,1,"43.70716755,-72.2888156",1365802781,2013-04-12 21:39:41+00:00
u52,cs50,2,5,1,"43.7070616,-72.28927448333333",1366061807,2013-04-15 21:36:47+00:00
u52,bio6,2,3,1,"43.70789865,-72.28546113333333",1366142071,2013-04-16 19:54:31+00:00
u52,bio6,2,3,1,"43.70714775,-72.28904961666667",1366314565,2013-04-18 19:49:25+00:00
u52,cs65,2,1,12,"43.70714775,-72.28904961666667",1366318278,2013-04-18 20:51:18+00:00
u52,cs65,2,5,4,"43.7035929,-72.29015891666667",1367006647,2013-04-26 20:04:07+00:00
u53,cs165,2,3,2,"43.70549989,-72.28295873",1364515351,2013-03-29 00:02:31+00:00
u53,cs189 photo forensics,2,3,5,"43.70789343,-72.28376628",1364592760,2013-03-29 21:32:40+00:00
u53,cs165,2,3,2,"43.70560193,-72.28316177",1364608471,2013-03-30 01:54:31+00:00
u53,no class today,2,1,1,Unknown,1364942629,2013-04-02 22:43:49+00:00
u53,cs165,2,3,11,"43.70576878,-72.28345137",1365119379,2013-04-04 23:49:39+00:00
u53,cs166,2,3,1,"43.70652295,-72.28353758",1365202758,2013-04-05 22:59:18+00:00
u53,cs189,2,3,6,"43.70652295,-72.28353758",1365202795,2013-04-05 22:59:55+00:00
u53,cs 165,1,3,2,"43.70559102,-72.283134",1365498404,2013-04-09 09:06:44+00:00
u53,no class today,2,1,1,"43.70654535,-72.28726046",1365572529,2013-04-10 05:42:09+00:00
u53,cs189,2,2,1,"43.7059594,-72.28323398",1365683206,2013-04-11 12:26:46+00:00
u53,cs 189,2,1,1,"43.70369939,-72.29013585",1366074924,2013-04-16 01:15:24+00:00
u53,cs 189,2,4,1,Unknown,1366249942,2013-04-18 01:52:22+00:00
u53,cs189,2,4,3,"43.69337144,-72.27322384",1366585726,2013-04-21 23:08:46+00:00
u53,no class today ,2,1,1,"43.01160902,-71.43617088",1366585728,2013-04-21 23:08:48+00:00
u53,no class today,2,1,1,"43.70728698,-72.28382947",1366761640,2013-04-24 00:00:40+00:00
u53,class canceled,2,1,1,"43.70574235,-72.28345072",1366846171,2013-04-24 23:29:31+00:00
u53,cs189,2,3,6,"43.70752387,-72.28352353",1369266799,2013-05-22 23:53:19+00:00
u54,Cs65,2,1,2,"41.55278028,-73.04076922",1364688498,2013-03-31 00:08:18+00:00
u54,Math 23,2,4,1,"43.70393297,-72.29575493",1364940705,2013-04-02 22:11:45+00:00
u54,Engs 25,1,3,4,"43.70411023,-72.29547697",1365026677,2013-04-03 22:04:37+00:00
u54,Math 23,1,5,6,"43.70607312,-72.28941569",1365199304,2013-04-05 22:01:44+00:00
u54,Engs 25,2,1,1,"43.56805313,-72.15149639",1365465991,2013-04-09 00:06:31+00:00
u54,Engs 25,1,4,7,"43.70504539,-72.29474758",1365811267,2013-04-13 00:01:07+00:00
u54,Cs65 ,2,1,2,"43.70415015,-72.29367693",1366317883,2013-04-18 20:44:43+00:00
u54,Math 23,2,4,1,"43.70517873,-72.28933996",1366762105,2013-04-24 00:08:25+00:00
u56,no class,2,1,1,"43.01433773,-72.34858847",1365471163,2013-04-09 01:32:43+00:00
u56,I'm not taking any classes,2,1,1,"43.71653168,-72.30894632",1365553136,2013-04-10 00:18:56+00:00
u56,,2,1,1,"43.7167643,-72.3092846",1365641091,2013-04-11 00:44:51+00:00
u56,,2,1,1,"43.71657251,-72.30919906",1365742911,2013-04-12 05:01:51+00:00
u56,,2,1,1,"43.71190002,-72.30815066",1365814719,2013-04-13 00:58:39+00:00
u56,,2,1,1,"43.71644852,-72.30936993",1365906092,2013-04-14 02:21:32+00:00
u56,na,2,1,1,"43.71663112,-72.309151",1366314110,2013-04-18 19:41:50+00:00
u56,no class,2,1,1,"43.70309359,-72.28791234",1366419725,2013-04-20 01:02:05+00:00
u57,CS60,2,1,2,"43.70683899,-72.28721495",1364357803,2013-03-27 04:16:43+00:00
u57,cs65,2,3,1,"43.7069809,-72.28900187",1364507786,2013-03-28 21:56:26+00:00
u57,cs98,2,1,1,"43.7070583,-72.2885387",1364516417,2013-03-29 00:20:17+00:00
u57,cs65,2,3,1,"43.70812165,-72.28465541",1364583776,2013-03-29 19:02:56+00:00
u57,cs60,2,2,4,"43.70742863,-72.28842649",1364610348,2013-03-30 02:25:48+00:00
u57,CS98,2,3,1,"43.70704637,-72.28857002",1364688041,2013-03-31 00:00:41+00:00
u57,cs65,1,3,1,"43.70118994,-72.28805231",1364846354,2013-04-01 19:59:14+00:00
u57,cs60,1,3,5,"43.70154725,-72.28809096",1364866570,2013-04-02 01:36:10+00:00
u57,cs60,2,3,1,"43.70706817,-72.28796189",1365031588,2013-04-03 23:26:28+00:00
u57,cs65,2,4,8,"43.70706817,-72.28796189",1365031618,2013-04-03 23:26:58+00:00
u57,cs60,2,5,4,"43.70734316,-72.2891203",1365117119,2013-04-04 23:11:59+00:00
u57,cs65,2,4,2,"43.70719429,-72.28918535",1365117148,2013-04-04 23:12:28+00:00
u57,cs65,2,3,1,"43.07856719,-71.47247614",1365202179,2013-04-05 22:49:39+00:00
u57,cs98,2,2,1,"43.70632138,-72.28691228",1365560837,2013-04-10 02:27:17+00:00
u57,cs60,2,4,4,"43.7073173,-72.28900394",1365742882,2013-04-12 05:01:22+00:00
u57,cs65,2,4,2,"43.7072894,-72.28890368",1365742905,2013-04-12 05:01:45+00:00
u57,cs65,2,1,1,"43.70714806,-72.28900477",1365814161,2013-04-13 00:49:21+00:00
u57,cs65,1,3,12,"43.70672068,-72.28831457",1366070430,2013-04-16 00:00:30+00:00
u57,cs60,1,3,12,"43.7071586,-72.28859237",1366070448,2013-04-16 00:00:48+00:00
u57,cs98,2,3,1,"43.7072163,-72.28880304",1366156940,2013-04-17 00:02:20+00:00
u57,cs60,1,3,12,"43.70677226,-72.28679047",1366243482,2013-04-18 00:04:42+00:00
u57,cs60,2,3,2,"43.7070897,-72.28858401",1366420148,2013-04-20 01:09:08+00:00
u57,cs65,2,3,2,"43.7070897,-72.28858401",1366420280,2013-04-20 01:11:20+00:00
u57,cs65,2,3,11,"43.70287312,-72.29079676",1367294723,2013-04-30 04:05:23+00:00
u57,cs60,1,3,1,"43.70287358,-72.29079706",1367294751,2013-04-30 04:05:51+00:00
u58,cs19p,2,1,1,"43.70625659,-72.28331991",1364357490,2013-03-27 04:11:30+00:00
u58,cs65,2,3,1,"43.70596359,-72.28323862",1364601648,2013-03-30 00:00:48+00:00
u58,cs65,1,1,1,"43.70610853,-72.28322264",1364867837,2013-04-02 01:57:17+00:00
u58,cs65,2,3,1,"43.70615493,-72.28340848",1365026736,2013-04-03 22:05:36+00:00
u58,cs65,2,1,1,"43.70611302,-72.28322474",1365114706,2013-04-04 22:31:46+00:00
u58,cs65,2,1,2,"43.70628761,-72.28362471",1365201015,2013-04-05 22:30:15+00:00
u58,cs65,2,4,1,"43.70614426,-72.28328189",1365467433,2013-04-09 00:30:33+00:00
u58,cs65,1,3,1,"43.69957825,-72.289953",1365639228,2013-04-11 00:13:48+00:00
u58,cs65,1,1,1,"43.63183255,-72.21036324",1365725273,2013-04-12 00:07:53+00:00
u58,cs65,1,3,3,"43.70624531,-72.28357164",1365812016,2013-04-13 00:13:36+00:00
u58,cs65,1,3,1,"43.70839358,-72.2822233",1366077595,2013-04-16 01:59:55+00:00
u58,cs65,1,1,5,"43.70645524,-72.28313281",1366258386,2013-04-18 04:13:06+00:00
u58,cs65,1,3,4,Unknown,1366307389,2013-04-18 17:49:49+00:00
u58,cs 65,1,1,4,"43.70616591,-72.28331609",1366400292,2013-04-19 19:38:12+00:00
u58,cs 65,1,2,1,"43.70616591,-72.28331609",1366419683,2013-04-20 01:01:23+00:00
u58,cs65,1,4,4,"43.70650819,-72.28202974",1366659672,2013-04-22 19:41:12+00:00
u58,cs65,1,4,3,"43.70623696,-72.28307342",1366697051,2013-04-23 06:04:11+00:00
u58,cs65,1,5,1,"43.70593948,-72.28355406",1366844417,2013-04-24 23:00:17+00:00
u58,cs65,1,4,5,"43.70615356,-72.28330165",1366959813,2013-04-26 07:03:33+00:00
u58,cs65,2,1,3,"43.70607199,-72.28334176",1367008545,2013-04-26 20:35:45+00:00
u58,cs65,1,2,2,"43.70617687,-72.2833926",1368237619,2013-05-11 02:00:19+00:00
u58,cs65,1,1,6,"43.70618048,-72.28338783",1369727082,2013-05-28 07:44:42+00:00
u59,Linguistics 11,2,4,3,"43.70601645670831,-72.28864909149706",1364355762,2013-03-27 03:42:42+00:00
u59,CS 65,2,2,2,"43.70151604525745,-72.2881496977061",1364431374,2013-03-28 00:42:54+00:00
u59,German 1,1,2,4,"43.702606027945876,-72.2895226534456",1364507075,2013-03-28 21:44:35+00:00
u59,CS 65,2,3,1,"43.702606027945876,-72.2895226534456",1364517547,2013-03-29 00:39:07+00:00
u59,German 1,1,2,3,Unknown,1364601717,2013-03-30 00:01:57+00:00
u59,German 1,2,2,3,"43.7055138,-72.28774539",1364838868,2013-04-01 17:54:28+00:00
u59,German 1 Drill,2,3,1,"43.7052892,-72.28791432",1364838868,2013-04-01 17:54:28+00:00
u59,CS 65,1,3,2,"43.7055138,-72.28774539",1364843154,2013-04-01 19:05:54+00:00
u59,CS 7,1,1,3,"43.70351572,-72.28960285",1364860249,2013-04-01 23:50:49+00:00
u59,German 1 Drill,2,3,2,"43.70382381,-72.28721012",1364921427,2013-04-02 16:50:27+00:00
u59,German 1,1,3,3,"43.70348925,-72.28865624",1364936875,2013-04-02 21:07:55+00:00
u59,CS65,2,3,2,"43.70572549,-72.29076597",1365015988,2013-04-03 19:06:28+00:00
u59,CS7,2,1,3,"43.70397214,-72.29027069",1365029896,2013-04-03 22:58:16+00:00
u59,German 1 Drill,2,2,2,"43.70389361,-72.28722817",1365094670,2013-04-04 16:57:50+00:00
u59,German 1,1,3,3,"43.7035497,-72.28791333",1365098344,2013-04-04 17:59:04+00:00
u59,cs7,2,1,3,"43.70307048,-72.29134056",1365120429,2013-04-05 00:07:09+00:00
u59,sexperts,1,2,2,"43.70307048,-72.29134056",1365120443,2013-04-05 00:07:23+00:00
u59,German 1 Drill,2,3,2,"43.706564088352025,-72.2880931198597",1365122527,2013-04-05 00:42:07+00:00
u59,German 1,1,3,3,"43.70640328153968,-72.28827752172947",1365122545,2013-04-05 00:42:25+00:00
u59,German 1 Drill,2,2,2,"43.70410232339054,-72.28721008636057",1365180768,2013-04-05 16:52:48+00:00
u59,German 1,1,3,3,"43.7052727304399,-72.28970169089735",1365205359,2013-04-05 23:42:39+00:00
u59,CS 65,2,1,1,"43.70551232714206,-72.29069134220481",1365205379,2013-04-05 23:42:59+00:00
u59,CS 7,1,1,5,"43.705377923324704,-72.2905449103564",1365205394,2013-04-05 23:43:14+00:00
u59,German 1,1,3,3,"43.705853219144046,-72.2873000241816",1365443805,2013-04-08 17:56:45+00:00
u59,CS65,1,3,4,"43.70876152999699,-72.28423618711531",1365447865,2013-04-08 19:04:25+00:00
u59,CS 65,1,1,6,"43.704237481579185,-72.2890498302877",1365465729,2013-04-09 00:02:09+00:00
u59,German 1 Drill,2,3,3,"43.70316120330244,-72.28972448967397",1365552694,2013-04-10 00:11:34+00:00
u59,German 1,1,2,2,"43.70316120330244,-72.28972448967397",1365552707,2013-04-10 00:11:47+00:00
u59,Sexperts,1,2,2,"43.70316120330244,-72.28972448967397",1365552717,2013-04-10 00:11:57+00:00
u59,German 1 Drill,2,2,3,"43.7040551751852,-72.28721763007343",1365699391,2013-04-11 16:56:31+00:00
u59,German 1,1,2,3,"43.70270728133619,-72.28772247210145",1365702930,2013-04-11 17:55:30+00:00
u59,CS 65,2,2,2,Unknown,1365717593,2013-04-11 21:59:53+00:00
u59,Sexperts,2,2,2,Unknown,1365724586,2013-04-11 23:56:26+00:00
u59,German 1 Drill,2,1,2,"43.70292215142399,-72.2911821026355",1365824202,2013-04-13 03:36:42+00:00
u59,German 1,1,4,3,"43.70295664295554,-72.29111923836172",1365824228,2013-04-13 03:37:08+00:00
u59,German 1 Drill,2,3,2,Unknown,1366071528,2013-04-16 00:18:48+00:00
u59,German 1,1,3,3,Unknown,1366071542,2013-04-16 00:19:02+00:00
u59,Sexperts,1,2,3,"43.70496301911771,-72.2903998196125",1366156972,2013-04-17 00:02:52+00:00
u59,Germn 1 Drill,2,2,2,Unknown,1366243357,2013-04-18 00:02:37+00:00
u59,Germn 1,1,1,3,Unknown,1366243369,2013-04-18 00:02:49+00:00
u59,Computer Science 7,1,4,9,Unknown,1366243390,2013-04-18 00:03:10+00:00
u59,Sexperts,1,3,2,Unknown,1366277298,2013-04-18 09:28:18+00:00
u59,CS 7,1,4,9,Unknown,1366277320,2013-04-18 09:28:40+00:00
u59,German 1 Drill,2,3,2,"43.70533023029566,-72.28808063082397",1366307912,2013-04-18 17:58:32+00:00
u59,German 1,1,3,2,"43.7053832039237,-72.28814735077322",1366307924,2013-04-18 17:58:44+00:00
u59,German 1 Drill,1,2,2,"43.70440830476582,-72.2871760558337",1366390291,2013-04-19 16:51:31+00:00
u59,CS 65,2,3,2,"43.70582476258278,-72.29042178019881",1366404781,2013-04-19 20:53:01+00:00
u59,German 1,1,3,2,"43.70582476258278,-72.29042178019881",1366404797,2013-04-19 20:53:17+00:00
u59,German 1,2,3,2,"43.70448730420321,-72.28795372880995",1366653359,2013-04-22 17:55:59+00:00
u59,German 1,2,3,1,Unknown,1366770552,2013-04-24 02:29:12+00:00
u59,German 1Drill,2,1,1,Unknown,1366770587,2013-04-24 02:29:47+00:00
u59,Sexperts,2,1,1,Unknown,1366770607,2013-04-24 02:30:07+00:00
u59, German 1,2,3,1,"43.70627956464887,-72.29024643078446",1366913303,2013-04-25 18:08:23+00:00
u59,CS 7,2,1,2,"43.704175874590874,-72.2904362808913",1366934060,2013-04-25 23:54:20+00:00
u59,Sexperts,2,2,2,"43.704535835422575,-72.29042085818946",1366934071,2013-04-25 23:54:31+00:00
u59,German 1 Drill,2,3,2,"43.70562979951501,-72.28742231614888",1367003153,2013-04-26 19:05:53+00:00
u59,German 1,1,3,3,"43.70562979951501,-72.28742231614888",1367003164,2013-04-26 19:06:04+00:00
u59,CS 65,2,1,2,"43.70562979951501,-72.28742231614888",1367003206,2013-04-26 19:06:46+00:00
u59,German 1 Drill,2,4,2,"43.704183753579855,-72.28855940513313",1367254385,2013-04-29 16:53:05+00:00
u59,German 1,1,3,2,"43.704183753579855,-72.28855940513313",1367262331,2013-04-29 19:05:31+00:00
u59,CS 65,1,3,12,"43.704183753579855,-72.28855940513313",1367262340,2013-04-29 19:05:40+00:00
u59,German 1 Drill,2,3,2,Unknown,1367341256,2013-04-30 17:00:56+00:00
u59,German 1,1,3,2,"43.70313869789243,-72.2904294077307",1367384482,2013-05-01 05:01:22+00:00
u59,Sexperts,1,1,2,"43.70313869789243,-72.2904294077307",1367384498,2013-05-01 05:01:38+00:00
u59,German 1 Drill,2,3,2,"43.70215223170817,-72.28934881277382",1367517515,2013-05-02 17:58:35+00:00
u59,German 1,1,2,2,"43.70215223170817,-72.28934881277382",1367517527,2013-05-02 17:58:47+00:00
u59,CS 65,2,1,2,"43.70457284152508,-72.2903202753514",1367539263,2013-05-03 00:01:03+00:00
u59,CS 7,2,3,1,"43.70491880457848,-72.29022338055074",1367539276,2013-05-03 00:01:16+00:00
u59,Sexperts,2,1,1,"43.705135183408856,-72.29042873717844",1367539293,2013-05-03 00:01:33+00:00
u59,German 1 Drill,2,3,2,"43.70389746967703,-72.28679367341101",1367859135,2013-05-06 16:52:15+00:00
u59,German 1,1,2,2,"43.70550696272403,-72.28745399974287",1367863321,2013-05-06 18:02:01+00:00
u59,CS 65,2,4,3,"43.705406757071614,-72.28963203728199",1367869354,2013-05-06 19:42:34+00:00
u59,CS 7,1,1,4,"43.702878188341856,-72.29103986173868",1367893835,2013-05-07 02:30:35+00:00
u59,German 1 Drill,2,3,2,"43.705429220572114,-72.29127271100879",1367945835,2013-05-07 16:57:15+00:00
u59,CS 7,1,1,12,Unknown,1368087765,2013-05-09 08:22:45+00:00
u59,German 1 Drill,2,3,1,"43.70346668176353,-72.28856099769473",1368122074,2013-05-09 17:54:34+00:00
u59,German 1,1,3,3,"43.70338646695018,-72.28882427327335",1368122087,2013-05-09 17:54:47+00:00
u59,German 1 Drill,2,3,2,Unknown,1368230445,2013-05-11 00:00:45+00:00
u59,German 1,1,3,2,Unknown,1368230455,2013-05-11 00:00:55+00:00
u59,CS 65,2,3,12,"43.70553600601852,-72.29107699356973",1368718936,2013-05-16 15:42:16+00:00
u59,CS 7,1,1,3,"43.70553600601852,-72.29107699356973",1368718952,2013-05-16 15:42:32+00:00
u59,Sexperts,2,1,1,"43.70553600601852,-72.29107699356973",1368718969,2013-05-16 15:42:49+00:00
u59,German 1 Drill,2,3,2,Unknown,1368835376,2013-05-18 00:02:56+00:00
u59,German 1,1,3,2,"43.70520072989166,-72.28917254135013",1368835390,2013-05-18 00:03:10+00:00
u59,CS 7,1,4,3,"43.70532067492604,-72.28892787359655",1368835413,2013-05-18 00:03:33+00:00
u59,German 1 Drill,2,3,2,"43.705461281351745,-72.2910166438669",1369127651,2013-05-21 09:14:11+00:00
u59,German 1,1,3,2,"43.705461281351745,-72.2910166438669",1369127661,2013-05-21 09:14:21+00:00
u59,CS 7,1,3,12,"43.705461281351745,-72.2910166438669",1369127677,2013-05-21 09:14:37+00:00
u59,German 1,1,3,2,Unknown,1369162526,2013-05-21 18:55:26+00:00
u59,German 1 Drill,2,3,3,Unknown,1369162526,2013-05-21 18:55:26+00:00
u59,Sexperts,2,3,1,"43.705348586663604,-72.28977226652205",1369181213,2013-05-22 00:06:53+00:00
u59,Sexperts,2,2,1,"43.705720701254904,-72.29104246012866",1369272575,2013-05-23 01:29:35+00:00
u59,German 1 Drill,2,3,1,Unknown,1369331946,2013-05-23 17:59:06+00:00
u59,German 1,1,3,2,Unknown,1369331966,2013-05-23 17:59:26+00:00
u59,Sexperts,2,2,1,Unknown,1369353982,2013-05-24 00:06:22+00:00
u59,German 1 Drill,2,3,1,Unknown,1369414837,2013-05-24 17:00:37+00:00
u59,German 1,2,3,2,Unknown,1369418223,2013-05-24 17:57:03+00:00
u59,CS 7,1,4,3,Unknown,1369442411,2013-05-25 00:40:11+00:00
u59,German 1 Drill,2,3,2,Unknown,1369792961,2013-05-29 02:02:41+00:00
u59,German 1,1,3,4,Unknown,1369792972,2013-05-29 02:02:52+00:00
u59,CS 65,1,1,12,Unknown,1369858131,2013-05-29 20:08:51+00:00
u59,Sexperts,1,3,2,Unknown,1369874665,2013-05-30 00:44:25+00:00
