user_id,course_id,due,experience,hours,location,resp_time
u30,CS65,2,3,1,"43.70240618,-72.28732915",1364583786
u30,CS50,2,1,3,"43.70240618,-72.28732915",1364593581
u30,Music 3,2,3,2,"43.70324769,-72.29030293",1365015405
u30,CS 50,2,3,7,"43.70216667,-72.2862385",1365015403
u30,CS 65,1,2,3,"43.70216667,-72.2862385",1365015403
u30,CS 65,2,3,1,"43.70294473,-72.28772261",1365285713
u30,CS 50,2,3,2,"43.70294473,-72.28772261",1365285720
u30,Music 3,1,3,4,"43.70294473,-72.28772261",1365285720
u30,CS 50,2,3,3,"43.70294473,-72.28772261",1365285713
u30,CS 65,2,2,1,"43.70294473,-72.28772261",1365285720
u30,CS 50,2,3,1,"43.70260784,-72.28705135",1365566409
u30,Music 3,2,3,3,"43.70260784,-72.28705135",1365566409
u30,CS 50,2,3,1,"43.70377413,-72.29073246",1365675907
u30,CS 65,2,3,2,"43.70377413,-72.29073246",1365675907
u30,Music 3,2,3,1,"43.70301736,-72.28773771",1366159664
u30,Music 3,2,3,3,"43.70232979,-72.28706023",1365725279
u30,CS 65,2,3,1,"43.70232979,-72.28706023",1365725254
u30,CS 50,2,3,2,"43.70301736,-72.28773771",1366159591
u30,CS 65,2,3,1,"43.70267956,-72.28791803",1366246528
u30,CS 50,2,3,5,"43.7024116,-72.28734492",1366246503
u30,CS 65,2,3,3,"41.23064284,-73.0728831",1366710464
u30,CS 50,2,3,10,"41.23064284,-73.0728831",1366710521
u30,CS 65,2,3,1,"43.7024991,-72.28938342",1367562616
u30,Music 3,2,2,1,"43.7024991,-72.28938342",1367562641
u51,cs165,2,1,1,"43.70651977,-72.28705416",1364609142
u51,cs65,2,1,1,"43.69935689,-72.29051287",1364537167
u51,no class today,2,1,5,"43.65187205,-72.30975063",1364720334
u51,none,2,1,1,"43.7064344,-72.28715538",1364776553
u51,cs165,2,1,1,"43.70659353,-72.2869791",1364872788
u51,cs165,2,1,1,"43.6944476,-72.28377596",1365202334
u51,none,2,1,1,"43.63775583,-72.27461681",1365292075
u51,CS170,1,1,1,"43.70660044,-72.28702986",1365554697
u51,cs165,2,1,1,"43.70637441,-72.28703898",1366243374
u51,none,2,1,1,"43.70664201,-72.28687051",1365897668
u51,cs170,2,1,3,"43.70628524,-72.28705371",1365732308
u51,cs165,1,1,5,"43.7065978,-72.28709206",1366067852
u51,cs165,1,1,1,Unknown,1366077094
u51,cs170,1,1,7,"43.69730937,-72.28441371",1366156989
u51,cs170,2,1,1,"43.70862775,-72.28345986",1366315063
u51,cs170,2,1,1,"43.70057317,-72.28671215",1366772895
u51,na,2,1,1,"43.70657735,-72.28707451",1366847200
u47,cs165,2,1,4,"43.68074778467417,-72.32198006473482",1364706633
u47,cs65,1,3,6,"43.7075920868665,-72.28532021865249",1366071434
u47,cs65,2,1,4,"43.68139323312789,-72.32200630009174",1365736993
u47,cs65,2,1,10,"43.681445620022714,-72.32166423462331",1365897718
u10,cs65,2,1,3,"43.70645395,-72.28818327",1364609267
u10,cs50,2,3,2,"43.70644884,-72.28820168",1364609270
u10,cs50,2,3,4,"43.70710471,-72.28730696",1364867015
u10,cs65,2,3,2,"43.70582994,-72.28763412",1364411483
u10,cs 65,2,1,5,"43.70647211,-72.28802604",1364609265
u10,bio4,2,3,3,"43.70312458,-72.28787646",1364693896
u10,cs65,2,3,6,"43.70243257,-72.28772434",1364785997
u10,cs65,2,1,4,"43.70710471,-72.28730696",1364843535
u10,bio4,2,3,2,"43.70679334,-72.28767766",1364947307
u10,cs65,2,4,2,"43.70613435,-72.28844824",1365030222
u10,cs50,2,3,7,"43.70168352,-72.28807511",1365041229
u10,cs65,2,3,2,"43.70785919,-72.28512608",1365114368
u10,bio4,2,1,3,"43.70173422,-72.28775943",1365125451
u10,cs50,2,1,6,"43.70173422,-72.28775943",1365201066
u10,cs65,1,3,4,"43.70238375,-72.28772441",1365468590
u10,cs50,2,3,4,"43.70278942,-72.28658418",1365473729
u10,bio4,2,5,1,"43.70278942,-72.28658418",1365553987
u10,cs65,1,2,1,"43.7050225,-72.28939767",1366093088
u10,cs50,2,3,7,"43.7050225,-72.28939767",1366093117
u10,cs65,2,1,3,"43.70278942,-72.28658418",1365641932
u10,cs50,2,3,6,"43.70278942,-72.28658418",1365656966
u10,bio4,2,4,3,"43.70278942,-72.28658418",1365726192
u10,cs50,2,4,6,"43.70278942,-72.28658418",1365834098
u10,cs65,2,3,4,"43.70278942,-72.28658418",1365819308
u10,cs50,2,1,6,"43.70278942,-72.28658418",1365897952
u10,cs50,2,3,2,"43.7050225,-72.28939767",1366159124
u10,cs50,2,3,4,"43.7050225,-72.28939767",1366259427
u10,cs64,2,3,3,"43.7050225,-72.28939767",1366247116
u10,cs50,2,3,1,"43.70665284,-72.28802865",1366409036
u10,cs65,2,1,6,"43.70665284,-72.28802865",1366409018
u10,cs65,1,1,1,"43.70405592,-72.28746765",1366595754
u10,cs65,1,3,1,"43.70324408,-72.28961597",1366661859
u10,bio4,2,1,1,"43.70324408,-72.28961597",1366757405
u10,cs50,2,2,5,"43.70324408,-72.28961597",1366683615
u10,cs50,2,1,10,"43.70324408,-72.28961597",1366855284
u10,cs50,2,3,6,"43.70324408,-72.28961597",1366768073
u46,CS50,2,4,1,"43.70675529,-72.28728531",1365026961
u46,CS50,1,3,4,"43.7044068,-72.28971584",1364853026
u46,ECON36,2,1,3,"43.70509059,-72.29282176",1365012102
u46,CS65,1,3,5,"43.7044068,-72.28971584",1364847596
u46,CS65,2,2,6,"43.70509059,-72.29282176",1365018433
u46,CS50,2,3,3,"43.70600821,-72.28803551",1365199288
u46,CS65,2,3,1,"43.70744948,-72.28545819",1365187667
u46,ECON36,2,1,1,"43.70744948,-72.28545819",1365187648
u46,CS65,1,3,4,"43.7038898,-72.287724",1365465688
u46,ECON37,2,2,4,"43.7038898,-72.287724",1365465688
u46,CS65,2,4,2,"43.70450188,-72.2971835",1365798397
u46,ECON36,2,3,3,"43.70450188,-72.2971835",1365798411
u46,CS50,2,4,12,"43.70586884,-72.28784833",1366243290
u50,cs65 cs60,2,2,5,"43.7066734,-72.28707417",1364605117
u50,,1,1,11,"43.70664877,-72.28717946",1364781933
u50,cs65 cs60,2,2,6,"43.70662366,-72.2871792",1364867449
u50,no class,2,1,12,"43.70691805,-72.28722721",1364943117
u50,cs65,2,1,7,"43.70570507,-72.28332967",1365116596
u50,cs65 cs60,2,2,9,"43.70858707,-72.28423771",1365202880
u50,"cs65, cs60",1,3,7,"43.70667651,-72.28720535",1365467944
u50,,2,1,7,"43.7066987,-72.28722114",1365554457
u50,cs65 cs60,2,2,11,"43.70679304,-72.28704022",1365642274
u50,cs65,2,2,11,"43.70634061,-72.28723183",1365725457
u50,"cs65,cs60",2,2,8,"43.70687358,-72.2872396",1365814946
u50,,2,1,6,"43.7067665,-72.28722029",1365910411
u50,cs60 cs65,1,3,8,"43.70625729,-72.28714244",1366077109
u07,cs77,2,4,1,"43.70200398,-72.28793859",1364513669
u07,cs65,2,3,1,"43.70392608,-72.28391071",1364583711
u07,cs60,2,2,3,"43.70853656,-72.28421485",1364424839
u07,cs65,2,3,3,"43.7040066,-72.28391899",1364411267
u07,cs65,2,3,2,"43.70432208,-72.28794944",1364504445
u07,cs65,2,3,4,"43.70878398,-72.28424859",1364843219
u07,cs60,2,3,2,"43.70302271,-72.28557646",1364857255
u07,cs77,2,4,2,"43.70393516,-72.28368383",1364946243
u07,cs 65,2,1,3,"43.70910489,-72.2849146",1365018952
u07,cs 60,2,2,3,"43.70410765,-72.28384747",1365029941
u07,cs77,2,4,1,"43.70387324,-72.2836399",1365616636
u07,cs65,2,3,1,"43.70829698,-72.28430122",1365713542
u07,cs65,2,3,1,"43.70416133,-72.28362449",1365672710
u07,cs77,2,3,4,"43.70829698,-72.28430122",1365734632
u07,cs60,2,4,1,"43.70829698,-72.28430122",1365716115
u07,cs 77,1,4,7,"43.70366889,-72.28404405",1366328279
u07,cs60,1,2,12,"43.70846713,-72.28425547",1366070080
u07,cs 65,2,3,2,"43.70366889,-72.28404405",1366328278
u07,cs 60,2,2,3,"43.70416614,-72.28370053",1366244987
u07,cs65,2,3,3,"43.70412254,-72.28381654",1366245005
u07,cs 65,2,3,1,"43.70375498,-72.28370087",1366398046
u07,cs 60,2,3,5,"43.70413027,-72.28378295",1366440550
u07,cs 65,1,1,9,"43.70425769,-72.28391582",1366752567
u07,cs 65,1,3,11,"43.70425769,-72.28391582",1366752585
u07,cs77,2,1,2,"43.70425769,-72.28391582",1366761481
u27,cs 65,2,1,4,"43.70405331,-72.28579164",1364690401
u27,japn33,2,2,2,"43.70655446,-72.28713909",1364503039
u27,film 42,2,3,4,"43.70274374,-72.28756665",1364541625
u27,cs65,2,1,1,"43.70754161,-72.28527106",1364583738
u27,econ 24,1,1,3,"43.70413216,-72.28586105",1364860823
u27,econ 24,1,1,3,"43.70389316,-72.28575202",1364782076
u27,cs65,2,4,1,"43.70435602,-72.28669392",1365015557
u27,cs65,2,1,4,"43.70413216,-72.28586105",1364849556
u27,japn 33,1,3,2,"43.70388196,-72.28583882",1364942576
u27,japn33,1,3,4,"43.70360692,-72.28575871",1365027244
u27,cs65,1,1,5,"43.70586093,-72.28868897",1365447142
u27,econ24,1,1,2,"43.70475035,-72.28638803",1365187438
u27,econ24,1,1,5,"43.70586093,-72.28868897",1365447124
u27,japn33,1,3,3,"43.70494158,-72.28811294",1366423092
u27,econ24,1,1,4,"43.70494158,-72.28811294",1366423120
u27,cs65,2,1,1,"43.7040426,-72.28552632",1365818496
u27,cs65,2,1,3,"43.70400104,-72.28585139",1366245784
u27,econ 24,1,1,2,"43.70424431,-72.28559775",1366305406
u27,cs65,2,1,1,"43.70494158,-72.28811294",1366419747
u31,cs189,2,2,4,"43.70972726,-72.28442696",1365027719
u31,cs65,2,2,3,"43.68056536,-72.29343173",1364435176
u31,cs77,2,1,2,"43.68060986,-72.29350695",1364515237
u31,cs65,2,1,3,Unknown,1364867692
u31,cs77,2,3,3,"43.70544521,-72.28666208",1365112879
u31,cs65,2,5,1,"43.68076836,-72.29354168",1365288294
u31,cs77,2,4,11,"43.70752443,-72.28535807",1365638561
u31,cs77,2,2,11,"43.70704622,-72.28681936",1365725818
u00,,2,1,1,"43.76243366,-72.32615434",1364779548
u00,"cs65
",2,3,1,"43.70544533,-72.28679012",1364271993
u00,,1,1,1,"43.75932116,-72.32890406",1364357271
u00,cs65,2,2,1,"43.70033175,-72.28949659",1364509180
u00,c65,2,3,2,"43.70465788,-72.2887224",1364429426
u00,cs65,2,3,2,"43.70688502,-72.28755706",1364516771
u00,cs65,2,3,1,"43.70777831,-72.28510534",1364583727
u00,cs66,2,3,3,"43.70587194,-72.28717655",1364601962
u00,"cs65
",2,3,3,Unknown,1364940107
u00,cs65,1,2,4,"43.70534371,-72.28812527",1364857571
u00,cs65,2,3,7,"43.70708859,-72.28753397",1365115495
u00,"econ 112

",2,3,6,"43.70708859,-72.28753397",1365203028
u00,"cs65
",1,2,6,"43.70708859,-72.28753397",1365194241
u00,cs65,2,3,7,"43.75927189,-72.32919082",1365416712
u00,cs65,1,3,7,"43.70664656,-72.28802135",1365552178
u00,cs65,2,3,5,"43.70564911,-72.28828499",1366311241
u00,"cs65
",2,3,7,"43.70112711,-72.28654942",1365724838
u00,cs65,1,2,6,Unknown,1365897927
u00,cs65,1,1,9,"43.70527272,-72.28801274",1366070489
u00,cs65,1,3,7,"43.17964043,-71.53319806",1366419650
u00,cs65,2,4,7,"43.7066689,-72.28741879",1366769156
u00,cs65,2,3,11,"43.70188823,-72.28930991",1367008835
u57,cs60,2,3,1,"43.70706817,-72.28796189",1365031588
u57,CS60,2,1,2,"43.70683899,-72.28721495",1364357803
u57,cs98,2,1,1,"43.7070583,-72.2885387",1364516417
u57,cs65,2,3,1,"43.7069809,-72.28900187",1364507786
u57,cs65,2,3,1,"43.70812165,-72.28465541",1364583776
u57,cs60,2,2,4,"43.70742863,-72.28842649",1364610348
u57,CS98,2,3,1,"43.70704637,-72.28857002",1364688041
u57,cs65,1,3,1,"43.70118994,-72.28805231",1364846354
u57,cs60,1,3,5,"43.70154725,-72.28809096",1364866570
u57,cs65,2,4,8,"43.70706817,-72.28796189",1365031618
u57,cs60,2,5,4,"43.70734316,-72.2891203",1365117119
u57,cs65,2,4,2,"43.70719429,-72.28918535",1365117148
u57,cs65,2,3,1,"43.07856719,-71.47247614",1365202179
u57,cs65,2,4,2,"43.7072894,-72.28890368",1365742905
u57,cs98,2,2,1,"43.70632138,-72.28691228",1365560837
u57,cs60,2,4,4,"43.7073173,-72.28900394",1365742882
u57,cs65,2,1,1,"43.70714806,-72.28900477",1365814161
u57,cs65,1,3,12,"43.70672068,-72.28831457",1366070430
u57,cs60,1,3,12,"43.7071586,-72.28859237",1366070448
u57,cs98,2,3,1,"43.7072163,-72.28880304",1366156940
u57,cs60,1,3,12,"43.70677226,-72.28679047",1366243482
u57,cs65,2,3,2,"43.7070897,-72.28858401",1366420280
u57,cs60,2,3,2,"43.7070897,-72.28858401",1366420148
u57,cs60,1,3,1,"43.70287358,-72.29079706",1367294751
u57,cs65,2,3,11,"43.70287312,-72.29079676",1367294723
u41,"SPAN
2",2,1,2,"43.7039835,-72.28589738",1364593148
u41,Cs50,2,1,3,"43.7039835,-72.28589738",1364593116
u41,CS50,2,1,1,"43.7039835,-72.28589738",1364593262
u41,CS50,2,4,1,Unknown,1365558055
u41,CS65,2,1,3,"43.70525445,-72.2884545",1365726669
u41,SPAN2,2,3,1,"43.70367091,-72.28590427",1365641466
u41,CS65,2,1,3,Unknown,1366420450
u16,"CS65
",2,3,1,"43.70282146,-72.29016985",1364414674
u16,CS 65,2,3,5,"43.70535842,-72.28724963",1364513447
u16,cs 65,2,3,5,"43.70724486,-72.28721651",1364594488
u16,cs 27,2,1,3,"43.70708361,-72.29096924",1364688045
u16,cs 27,1,4,4,"43.70358976,-72.29054215",1364871890
u16,CS 65,2,3,3,"43.70450379,-72.28884561",1365018236
u16,CS65,2,3,4,"43.70393687,-72.29111144",1365112848
u16,CS 65,2,3,4,Unknown,1365200447
u16,CS65,1,3,6,"43.70411779,-72.28816375",1365455947
u16,CS27,1,4,6,"43.70592306,-72.28973692",1365480080
u16,CS65,2,3,4,"43.70364199,-72.29076278",1365811237
u16,CS65,2,3,3,"43.70474513,-72.28856577",1365644262
u16,cs27,1,4,1,"43.70346314,-72.29066114",1366079952
u16,CS65,2,3,4,"43.70673215,-72.28793418",1365733738
u16,CS27,1,1,6,"43.70687381,-72.28768281",1365733738
u16,"CS65
",1,3,12,"43.70346314,-72.29066114",1366079919
u16,CS65,2,3,1,"43.70692473,-72.28664094",1366252482
u16,CS65,2,1,5,"43.70381863,-72.2910568",1366476412
u16,CS27,2,4,6,"43.70373954,-72.29185672",1366733891
u16,wild edibles pe class,2,2,1,"43.70373225,-72.29023983",1366770197
u16,CS65,1,1,12,"43.70374144,-72.29182531",1366733850
u16,CS65,2,5,6,"43.70381392,-72.29084126",1367006734
u16,CS65,1,1,12,"43.70688467,-72.28732802",1367280039
u16,CS65,2,1,1,"43.70545477,-72.28953205",1367458852
u16,CS65,2,1,7,"43.70534496,-72.29049134",1367943168
u16,CS65,2,1,1,"43.70376968,-72.29023129",1367628136
u16,CS27,1,1,5,"43.70534496,-72.29049134",1367943194
u16,CS27,2,1,12,Unknown,1369104393
u36,cs65,2,3,6,"43.70676475,-72.28712041",1364774538
u36,cs65,2,1,1,"43.70684682,-72.28702992",1364944493
u36,cs65,2,1,4,"43.70647464,-72.28689856",1364865986
u36,cs65,2,1,1,"43.70671309,-72.28686909",1365026943
u36,cs65,2,1,1,"43.70657564,-72.28707547",1365114832
u36,cs65,2,1,12,"43.70648263,-72.28685563",1365199558
u36,cs65,2,1,7,"43.70677147,-72.28707347",1365467930
u36,CS297,1,3,12,"43.70655534,-72.28702434",1366067851
u36,cs65,2,1,6,"43.70647121,-72.28707721",1365555609
u36,CS297,2,3,12,"43.70673343,-72.28672849",1365642246
u36,CS297,1,3,12,"43.70678726,-72.28706171",1365725077
u36,CS297,2,1,12,"43.70691067,-72.28670488",1365899156
u36,CS297,2,1,12,"43.70659406,-72.28704229",1365813298
u36,CS297,1,3,12,Unknown,1366071142
u36,CS297,1,3,12,"43.65177507,-72.31008393",1366243561
u36,CS297,1,1,12,"43.65156131,-72.30974714",1366306836
u36,CS297,1,3,12,Unknown,1366435178
u36,CS297,2,1,4,"37.33347414,-121.90347824",1366665291
u36,CS297,2,3,3,"37.33933349,-122.0390594",1366775175
u36,CS297,2,1,3,"37.33932807,-122.03905765",1366858825
u20,cs65,1,3,1,"43.70505982,-72.2892041",1364861337
u20,CS 6,2,3,1,Unknown,1364425349
u20,cs 65,2,3,2,Unknown,1364439413
u20,cs 77 cs 85,2,3,4,Unknown,1364524427
u20,cs65 cs77,2,1,12,"43.70550912,-72.28316809",1365118884
u20,cs65,2,1,5,"43.70542431,-72.28320441",1365640285
u20,"cs65
",2,1,1,"43.70595737,-72.28353965",1365811822
u20,cs65,2,2,5,"43.70527536,-72.28314925",1365724899
u17,cs65,2,1,8,"43.70406856,-72.29058126",1364688031
u17,cs65,2,3,2,"43.70648538,-72.28742777",1364518619
u17,cs65,2,2,3,"43.70605071,-72.28863023",1364417767
u17,cs89,2,3,6,"43.70641004,-72.28743893",1364429006
u17,cs89,2,2,6,"43.70605071,-72.28863023",1364417792
u17,cs89,2,3,5,"43.70536412,-72.28973776",1364615967
u17,cs89,2,1,12,"43.70470793,-72.29118335",1364781555
u17,cs65,2,2,8,"43.70740824,-72.28560311",1365010861
u17,mus16,2,3,3,"43.70629105,-72.28869027",1365010864
u17,cs65,2,3,7,"43.7046699,-72.29098352",1365486872
u17,cs65,1,2,10,"43.70467368,-72.29087023",1365486874
u17,cs65,2,2,5,"43.7049465,-72.28947488",1365486866
u17,cs89,2,3,7,"43.70512967,-72.28920458",1365486866
u17,cs89,2,3,3,"43.70487668,-72.29229973",1365486861
u17,thesis,2,2,8,"43.70487668,-72.29229973",1365486862
u17,mus16,2,3,3,"43.70467368,-72.29087023",1365553580
u17,cs65,2,3,11,"43.70459704,-72.29138802",1365911450
u17,cs65,2,3,3,"43.70678195,-72.28738426",1365730762
u17,mus 16,1,2,4,"43.70495522,-72.29090614",1366156260
u17,thesis,1,3,12,"43.70460031,-72.29111515",1366311465
u17,cs65,1,2,6,"43.70495522,-72.29090614",1366076442
u17,thesis,2,3,12,"43.70495522,-72.29090614",1366156904
u17,cs65,2,2,8,"43.70237732,-72.28914013",1366338814
u17,cs89,2,3,7,Unknown,1366487059
u17,cs65,2,2,8,Unknown,1366487033
u17,cs65,2,3,4,"43.70436814,-72.29014514",1366844830
u17,cs65,1,3,12,"43.70658046,-72.28733564",1366768915
u17,cs65,2,3,4,"43.7060191,-72.28758328",1366992276
u17,cs89,1,3,12,Unknown,1367209783
u17,mus16,2,3,5,Unknown,1367209808
u17,cs65,1,3,12,Unknown,1367209796
u17,thesis,1,3,12,Unknown,1367209818
u56,no class,2,1,1,"43.01433773,-72.34858847",1365471163
u56,n/a,2,1,1,"43.7167643,-72.3092846",1365641091
u56,I'm not taking any classes,2,1,1,"43.71653168,-72.30894632",1365553136
u56,n/a,2,1,1,"43.71657251,-72.30919906",1365742911
u56,n/a,2,1,1,"43.71190002,-72.30815066",1365814719
u56,n/a,2,1,1,"43.71644852,-72.30936993",1365906092
u56,na,2,1,1,"43.71663112,-72.309151",1366314110
u56,no class,2,1,1,"43.70309359,-72.28791234",1366419725
u01,Anth12,2,5,2,"43.70672295,-72.28910432",1364603572
u01,Anth12 ,2,4,1,"43.70684413,-72.2891193",1364882607
u01,Engs22,1,5,6,"43.70517994,-72.29245008",1365011646
u01,no class today,2,1,1,"43.70715076,-72.28896815",1364359547
u01,Engs22,2,4,2,"43.70584333,-72.29017652",1364407589
u01,Cs65,2,3,1,"43.70678239,-72.28918145",1364423919
u01,Anth12 ,1,4,2,"43.70678554,-72.2892457",1364428849
u01,Anth12,1,4,2,"43.70678414,-72.28915682",1364423966
u01,Cs65,2,3,1,"43.7067041,-72.28916968",1364603539
u01,Engs22,2,5,1,"43.70670639,-72.28914746",1364603520
u01,Cs65 ,2,3,1,"43.70609229,-72.28950805",1365017165
u01,Anth12 ,1,5,2,"43.70508217,-72.29054506",1365029096
u01,Cs65 ,2,3,1,"43.70859285,-72.28442358",1365108818
u01,Anth12 ,2,4,1,"43.70691657,-72.28849213",1365195585
u01,Cs65 ,2,1,1,"43.70542015,-72.29039125",1365449224
u01,Engs22 ,1,1,1,"43.70542081,-72.29035437",1365449098
u01,Anth12 ,1,5,2,"43.70424475,-72.28958517",1365469062
u01,Cs65 ,2,3,1,"43.70687149,-72.28907564",1365623572
u01,Engs22 ,1,1,6,"43.70687149,-72.28907564",1365623549
u01,Anth12 ,2,5,1,"43.70686233,-72.28905565",1365625554
u01,Anth12 ,1,4,2,"43.70669691,-72.28928735",1366077162
u01,Anth12 ,2,4,1,"43.70684932,-72.28899775",1365796181
u01,Engs22 ,1,4,4,"43.70684932,-72.28899775",1365796156
u01,Cs65 ,2,1,1,"43.70684932,-72.28899775",1365796166
u01,Engs22 ,1,4,4,"43.70459772,-72.28955104",1365729171
u01,Cs65 ,1,3,12,"43.7068808,-72.28924366",1366244509
u01,Cs65 ,2,3,1,"43.70708493,-72.285807",1366318516
u01,Anth12 ,2,5,1,"43.70688489,-72.28909386",1366244469
u01,Anth12 ,2,5,1,"43.70700605,-72.28906778",1366440365
u01,Cs65 ,2,3,1,"43.70700605,-72.28906778",1366440375
u14,COSC 065,2,3,2,"43.70612113,-72.28723353",1364426372
u14,cs 20,2,1,1,"43.70585573,-72.28782999",1364515224
u14,cs65,2,1,1,"43.70509271,-72.28680761",1364583722
u14,cs 65,2,1,1,"43.70468907,-72.28757152",1364602116
u14,vs 65,1,2,7,"43.70695164,-72.28693335",1364846623
u14,cs 27,1,1,6,"43.70589684,-72.28776778",1364867409
u14,cs 20,1,1,5,"43.70481251,-72.28700429",1364948516
u14,cs 20,2,1,2,"43.70586941,-72.2877982",1365040984
u14,cs 65,2,2,1,"43.7049256,-72.28632081",1365026494
u14,cs 27,2,1,3,"43.70645868,-72.28793942",1365125744
u14,cs 20,2,1,3,"43.70645868,-72.28793942",1365125724
u14,cs 65,2,1,3,"43.70645868,-72.28793942",1365125682
u14,cs 65,2,3,1,"43.70491826,-72.28692692",1365211284
u14,cs 65,1,1,5,"43.70477259,-72.28698419",1365475963
u14,cs 27,1,1,5,"43.70477259,-72.28698419",1365475978
u14,cs20,1,2,9,"43.70590328,-72.28775889",1365559598
u14,cs65,2,4,1,"43.70498939,-72.28699053",1365627847
u14,cs65,2,2,2,"43.70511041,-72.28702345",1365720489
u14,cs65,2,1,2,"43.70460577,-72.28671025",1365811216
u14,cs 20,1,2,5,"43.70592555,-72.28768582",1366158662
u14,cs65,1,2,9,"43.70545641,-72.28669002",1366059324
u14,cs65,1,3,7,"43.70600151,-72.28720407",1366073324
u14,cs 65,2,1,2,"43.70479742,-72.28842704",1366246201
u43,cs65,1,3,5,"43.70660194,-72.28760119",1364861065
u43,engs31,2,3,5,"43.70660194,-72.28760119",1364861084
u43,engs31 lab,1,3,3,"43.70574918,-72.29112146",1364956411
u43,cs65 smartphone,2,3,3,"43.70566059,-72.29130704",1365016029
u43,engs31,1,3,3,"43.70546977,-72.29153142",1364937647
u43,engs31,2,2,4,"43.70566059,-72.29130704",1365024865
u43,engs31,2,2,5,"43.70566059,-72.29130704",1365026698
u43,vs 65 section ,2,3,1,"43.70619631,-72.28823087",1365045649
u43,cs65,2,2,2,"43.70619631,-72.28823087",1365108706
u43,cs65,2,2,2,"43.7056412,-72.29070799",1365112974
u43,engs31 ,2,3,4,"43.70553772,-72.29041241",1365200100
u43,cs65,2,3,6,"43.70553772,-72.29041241",1365194869
u43,engs31,2,3,2,"43.70560342,-72.29137243",1365463684
u43,cs65,1,3,5,"43.70560342,-72.29137243",1365448089
u43,engs31,1,3,6,"43.70566653,-72.29162127",1365544449
u43,cs65,2,3,2,"43.70349928,-72.29089432",1365713563
u43,engs31 lab,1,3,3,"43.70566653,-72.29162127",1365562807
u43,cs65,2,3,2,"43.70565468,-72.29149208",1365620850
u43,engs31,2,3,5,"43.70509139,-72.29220315",1365638644
u43,cs65,2,3,3,"43.70234665,-72.28813935",1365728221
u43,cs65,2,2,4,"43.70234665,-72.28813935",1365793725
u43,engs31,2,1,3,"43.70234665,-72.28813935",1365811359
u43,cs65,2,3,4,"43.70577871,-72.29093135",1366324448
u43,engs31,2,3,2,Unknown,1366060914
u43,engs31,2,3,2,Unknown,1366072268
u43,engs31,2,3,7,"43.70523224,-72.29210557",1366241034
u43,cs65,2,3,2,"43.70586692,-72.29117574",1366225565
u43,engs31,2,3,7,"43.70571117,-72.29155141",1366244159
u43,cs65,2,3,4,"43.16724021,-71.52684256",1366597112
u43,engs31,2,3,3,"44.18328959,-69.83229159",1366597113
u43,cs65,2,3,2,Unknown,1366923104
u43,,2,1,1,"43.70568133,-72.29134343",1366845173
u43,cs65,2,3,2,"43.70566341,-72.29149906",1367008474
u43,cs65,2,2,9,"43.70546467,-72.29120503",1367434609
u02,cs77,2,3,1,"43.70728013,-72.29334991",1364356854
u02,cs65,1,3,3,"43.70834437,-72.28451848",1364428852
u02,cs77,2,1,4,"43.70645754,-72.28704395",1364515256
u02,cs65,2,3,2,"43.70615034,-72.29157989",1364601950
u02,cs64,2,1,4,"43.70662942,-72.29294684",1364860888
u02,cs77,1,3,3,"43.70704982,-72.29255631",1364943761
u02,cs 65,2,1,2,"43.70509383,-72.2895205",1365200047
u02,cs65,2,1,2,"43.70499743,-72.29064046",1365194661
u02,vs 77,2,3,4,"43.70624602,-72.28677483",1365562850
u02,cs 65,2,1,5,"43.7070965,-72.29306421",1365672306
u02,cs 65,2,3,3,"43.70686475,-72.28624548",1365715992
u02,cs 77,2,2,6,"43.70686475,-72.28624548",1365724987
u02,cs 65,2,1,3,"43.70708361,-72.29304453",1365833596
u02,cs 65,1,3,12,"43.70306878,-72.28954152",1366073565
u02,cs77,1,3,12,"43.70726923,-72.29346896",1366185917
u02,cs 65,2,1,4,"43.70605802,-72.28864087",1366243323
u02,cs 77,2,2,1,"43.70729603,-72.29327299",1366764959
u02,cs 65,1,3,7,"43.70766743,-72.28599728",1368211853
u18,cs65,1,3,2,"43.70738006,-72.28908542",1364602788
u18,Tuck 3,2,1,1,"43.70727405,-72.28860059",1364359743
u18,tuck 3,2,1,2,"43.70736033,-72.2891458",1364515882
u18,cs65,2,3,2,"43.70750471,-72.28915323",1364432313
u18,Chinese 33,1,1,2,"43.70741795,-72.28914941",1364630954
u18,cs89,2,4,1,"43.70741061,-72.28914251",1364631019
u18,cs65,2,3,3,"43.70664761,-72.2878935",1365027530
u18,chin33,1,1,4,"43.70605791,-72.28694024",1365185590
u18,cs65,2,1,3,"43.70727926,-72.28900758",1365468743
u18,chin33,1,1,3,"43.70730854,-72.287476",1365710871
u18,cs65,2,3,1,"43.70146647,-72.28826534",1365650347
u18,cs65,2,3,1,"43.70730854,-72.287476",1365710882
u18,tuck3,2,3,3,"43.70740011,-72.28899929",1365551697
u18,chin33,2,1,1,"43.70743215,-72.28912504",1365551718
u18,tuck3,2,1,1,"43.70738991,-72.28912614",1365554888
u18,cs65,2,3,1,"43.70146647,-72.28826534",1365650321
u18,tuck 3,2,4,2,"43.70730854,-72.287476",1365726464
u18,chin33,1,4,3,"43.70724964,-72.28892471",1366424669
u18,cs89,1,3,10,"43.70728105,-72.2890411",1365832213
u18,chin 33,1,1,3,"43.70264346,-72.28707",1366341899
u18,tuck 3,1,4,4,"43.70264346,-72.28707",1366341900
u18,cs65,2,1,1,"43.70264346,-72.28707",1366341900
u18,cs89,2,3,1,"43.70264346,-72.28707",1366424581
u18,cs65,2,1,1,"43.70264346,-72.28707",1366424560
u18,chin33,2,1,1,"43.70686672,-72.28679184",1366774462
u59,CS7,2,1,3,"43.70397214,-72.29027069",1365029896
u59,CS65,2,3,2,"43.70572549,-72.29076597",1365015988
u59,Linguistics 11,2,4,3,"43.70601645670831,-72.28864909149706",1364355762
u59,CS 65,2,2,2,"43.70151604525745,-72.2881496977061",1364431374
u59,CS 65,2,3,1,"43.702606027945876,-72.2895226534456",1364517547
u59,German 1,1,2,4,"43.702606027945876,-72.2895226534456",1364507075
u59,German 1,1,2,3,Unknown,1364601717
u59,German 1 Drill,2,3,2,"43.70382381,-72.28721012",1364921427
u59,CS 7,1,1,3,"43.70351572,-72.28960285",1364860249
u59,German 1,2,2,3,"43.7055138,-72.28774539",1364838868
u59,CS 65,1,3,2,"43.7055138,-72.28774539",1364843154
u59,German 1 Drill,2,3,1,"43.7052892,-72.28791432",1364838868
u59,German 1,1,3,3,"43.70348925,-72.28865624",1364936875
u59,German 1,1,3,3,"43.7035497,-72.28791333",1365098344
u59,German 1 Drill,2,2,2,"43.70389361,-72.28722817",1365094670
u59,sexperts,1,2,2,"43.70307048,-72.29134056",1365120443
u59,cs7,2,1,3,"43.70307048,-72.29134056",1365120429
u59,German 1 Drill,2,3,2,"43.706564088352025,-72.2880931198597",1365122527
u59,German 1,1,3,3,"43.70640328153968,-72.28827752172947",1365122545
u59,German 1 Drill,2,2,2,"43.70410232339054,-72.28721008636057",1365180768
u59,CS 65,2,1,1,"43.70551232714206,-72.29069134220481",1365205379
u59,CS 7,1,1,5,"43.705377923324704,-72.2905449103564",1365205394
u59,German 1,1,3,3,"43.7052727304399,-72.28970169089735",1365205359
u59,German 1,1,3,3,"43.705853219144046,-72.2873000241816",1365443805
u59,CS65,1,3,4,"43.70876152999699,-72.28423618711531",1365447865
u59,CS 65,1,1,6,"43.704237481579185,-72.2890498302877",1365465729
u59,Sexperts,1,2,3,"43.70496301911771,-72.2903998196125",1366156972
u59,Sexperts,1,2,2,"43.70316120330244,-72.28972448967397",1365552717
u59,German 1 Drill,2,3,3,"43.70316120330244,-72.28972448967397",1365552694
u59,German 1,1,2,2,"43.70316120330244,-72.28972448967397",1365552707
u59,German 1 Drill,2,2,3,"43.7040551751852,-72.28721763007343",1365699391
u59,German 1 Drill,2,3,2,"43.70533023029566,-72.28808063082397",1366307912
u59,CS 65,2,2,2,Unknown,1365717593
u59,German 1,1,2,3,"43.70270728133619,-72.28772247210145",1365702930
u59,Sexperts,2,2,2,Unknown,1365724586
u59,German 1 Drill,2,1,2,"43.70292215142399,-72.2911821026355",1365824202
u59,German 1,1,4,3,"43.70295664295554,-72.29111923836172",1365824228
u59,Germ�n 1,1,1,3,Unknown,1366243369
u59,German 1 Drill,2,3,2,Unknown,1366071528
u59,German 1,1,3,3,Unknown,1366071542
u59,Germ�n 1 Drill,2,2,2,Unknown,1366243357
u59,Computer Science 7,1,4,9,Unknown,1366243390
u59,Sexperts,1,3,2,Unknown,1366277298
u59,German 1,1,3,2,"43.7053832039237,-72.28814735077322",1366307924
u59,CS 7,1,4,9,Unknown,1366277320
u59,CS 65,2,3,2,"43.70582476258278,-72.29042178019881",1366404781
u59,German 1,1,3,2,"43.70582476258278,-72.29042178019881",1366404797
u59,German 1 Drill,1,2,2,"43.70440830476582,-72.2871760558337",1366390291
u59,German 1,2,3,2,"43.70448730420321,-72.28795372880995",1366653359
u59,German 1,2,3,1,Unknown,1366770552
u59,German 1Drill,2,1,1,Unknown,1366770587
u59,Sexperts,2,1,1,Unknown,1366770607
u59,German 1 Drill,2,3,2,"43.70562979951501,-72.28742231614888",1367003153
u59, German 1,2,3,1,"43.70627956464887,-72.29024643078446",1366913303
u59,CS 7,2,1,2,"43.704175874590874,-72.2904362808913",1366934060
u59,Sexperts,2,2,2,"43.704535835422575,-72.29042085818946",1366934071
u59,CS 65,2,1,2,"43.70562979951501,-72.28742231614888",1367003206
u59,German 1,1,3,3,"43.70562979951501,-72.28742231614888",1367003164
u59,German 1 Drill,2,4,2,"43.704183753579855,-72.28855940513313",1367254385
u59,German 1,1,3,2,"43.704183753579855,-72.28855940513313",1367262331
u59,CS 65,1,3,12,"43.704183753579855,-72.28855940513313",1367262340
u59,German 1 Drill,2,3,2,Unknown,1367341256
u59,German 1,1,3,2,"43.70313869789243,-72.2904294077307",1367384482
u59,Sexperts,1,1,2,"43.70313869789243,-72.2904294077307",1367384498
u59,German 1,1,2,2,"43.70215223170817,-72.28934881277382",1367517527
u59,CS 65,2,1,2,"43.70457284152508,-72.2903202753514",1367539263
u59,German 1 Drill,2,3,2,"43.70215223170817,-72.28934881277382",1367517515
u59,Sexperts,2,1,1,"43.705135183408856,-72.29042873717844",1367539293
u59,CS 7,2,3,1,"43.70491880457848,-72.29022338055074",1367539276
u59,German 1,1,2,2,"43.70550696272403,-72.28745399974287",1367863321
u59,German 1,1,3,3,"43.70338646695018,-72.28882427327335",1368122087
u59,CS 7,1,1,4,"43.702878188341856,-72.29103986173868",1367893835
u59,German 1 Drill,2,3,2,Unknown,1368230445
u59,German 1 Drill,2,3,2,"43.70389746967703,-72.28679367341101",1367859135
u59,CS 65,2,4,3,"43.705406757071614,-72.28963203728199",1367869354
u59,German 1 Drill,2,3,2,"43.705429220572114,-72.29127271100879",1367945835
u59,German 1,1,3,2,Unknown,1368230455
u59,CS 7,1,1,12,Unknown,1368087765
u59,CS 65,2,3,12,"43.70553600601852,-72.29107699356973",1368718936
u59,German 1 Drill,2,3,1,"43.70346668176353,-72.28856099769473",1368122074
u59,Sexperts,2,1,1,"43.70553600601852,-72.29107699356973",1368718969
u59,CS 7,1,1,3,"43.70553600601852,-72.29107699356973",1368718952
u59,German 1 Drill,2,3,2,Unknown,1368835376
u59,German 1,1,3,2,"43.70520072989166,-72.28917254135013",1368835390
u59,CS 7,1,4,3,"43.70532067492604,-72.28892787359655",1368835413
u59,German 1,1,3,2,"43.705461281351745,-72.2910166438669",1369127661
u59,CS 7,1,3,12,"43.705461281351745,-72.2910166438669",1369127677
u59,German 1 Drill,2,3,2,"43.705461281351745,-72.2910166438669",1369127651
u59,German 1,1,3,2,Unknown,1369162526
u59,Sexperts,2,3,1,"43.705348586663604,-72.28977226652205",1369181213
u59,German 1 Drill,2,3,3,Unknown,1369162526
u59,Sexperts,2,2,1,"43.705720701254904,-72.29104246012866",1369272575
u59,German 1 Drill,2,3,1,Unknown,1369331946
u59,Sexperts,2,2,1,Unknown,1369353982
u59,German 1,1,3,2,Unknown,1369331966
u59,German 1 Drill,2,3,1,Unknown,1369414837
u59,German 1,2,3,2,Unknown,1369418223
u59,CS 7,1,4,3,Unknown,1369442411
u59,German 1 Drill,2,3,2,Unknown,1369792961
u59,German 1,1,3,4,Unknown,1369792972
u59,CS 65,1,1,12,Unknown,1369858131
u59,Sexperts,1,3,2,Unknown,1369874665
u22,cs 50,2,3,3,"43.7086476,-72.28468996",1364602863
u22,CS50,2,3,1,"43.70296715,-72.29077311",1364421838
u22,nas35,2,1,1,"43.70297565,-72.29074642",1364421820
u22,cs65,2,1,1,"43.70466197,-72.28980065",1364410955
u22,cs65,2,3,1,"43.70399272,-72.29051569",1364520026
u22,cs65,2,3,1,"43.70399272,-72.29051569",1364510733
u22,cs65,2,3,3,"43.70414927,-72.29076226",1364583894
u22,nas 35,2,1,2,"43.7086476,-72.28468996",1364602848
u22,nas 35,2,1,1,"43.7040117,-72.29030024",1364856736
u22,cs 50,1,4,5,"43.7040117,-72.29030024",1364856755
u22,cs65,2,1,1,"43.7040117,-72.29030024",1364856723
u22,cs65,2,4,2,"43.70594306,-72.28855419",1365038137
u22,cs50,2,3,4,"43.70594306,-72.28855419",1365038162
u22,nas35,1,3,1,"43.70594306,-72.28855419",1365038149
u22,cs65,2,1,1,"43.70426694,-72.29029645",1365127278
u22,cs 65,2,1,1,"43.70405335,-72.29024681",1365192373
u22,cs65,2,1,2,"43.70594129,-72.28861531",1365457489
u22,cs50,1,3,9,"43.70594129,-72.28861531",1365457502
u22,nas35,2,1,2,"43.70594129,-72.28861531",1365457511
u22,cs50,2,1,1,"43.70458274,-72.29070844",1365638840
u22,nas35,2,1,1,"43.70458274,-72.29070844",1365638834
u22,cs65,2,3,3,"43.70458274,-72.29070844",1365638826
u22,cs50,2,3,3,"43.70414838,-72.29074049",1365809099
u22,cs65,2,3,1,"43.70387136,-72.29028439",1365724828
u22,nas35,2,3,1,"43.70414838,-72.29074049",1365809107
u22,cs6 5,2,3,1,"43.70426635,-72.29067159",1366325614
u22,cs50,2,3,8,"43.70433388,-72.29020625",1368051866
u34,CS170,2,1,1,"43.70788571,-72.28460181",1364944621
u34,CS65,2,3,3,"43.70878824,-72.28328871",1364840649
u34,CS65,2,3,2,"43.71710059,-72.3083916",1365012998
u35,cs77,2,3,3,"43.70550357,-72.28323518",1364530877
u35,"cs77
",2,1,3,"43.70787552,-72.28482605",1364603838
u35,no class,2,1,5,"43.70539776,-72.28313216",1364694777
u35,cs165,1,1,4,"43.70806959,-72.28480897",1364844321
u35,cs165,2,3,6,"43.70108441,-72.28807194",1365204629
u35,cs165,1,3,3,"43.53959054,-72.38995452",1365465926
u35,cs65,2,4,4,"43.70410839,-72.29042107",1365638728
u35,cs165,2,1,1,"43.7032067,-72.29080808",1365799968
u35,cs165,1,3,5,Unknown,1366077942
u35,cs165,2,1,6,"43.7077701,-72.28363396",1366244612
u35,cs165,2,1,3,"43.70694392,-72.28313593",1366399551
u35,cs165,2,1,5,"43.70462528,-72.30440054",1367273079
u35,network,2,3,12,"43.70696392,-72.28734398",1367885054
u23,cs189,1,1,3,"43.7056123,-72.28333363",1364428290
u23,cs77,1,4,2,"43.70562144,-72.28290055",1364524239
u23,cs165,1,3,2,"43.70554669,-72.28317492",1364595270
u23,cs,1,3,6,"43.70807671,-72.28484292",1364843355
u23,cs65,1,3,4,"43.70535878,-72.28320481",1364862623
u23,cocs77,1,4,2,"43.70543754,-72.28338833",1364949804
u23,cocs 165,1,3,5,"43.7050465,-72.28312759",1365029519
u23,cs 65,1,3,1,"43.70517326,-72.28657854",1365120216
u23,cs 77,1,1,2,"43.70517326,-72.28657854",1365120243
u23,cocs65,1,3,3,"43.70573813,-72.28325543",1365190753
u23,cocs 65,1,3,4,"43.70649413,-72.28369421",1365466044
u23,cocs 165,2,3,4,"43.7056173,-72.2833203",1365639416
u23,cs 77,1,1,1,"43.7056173,-72.2833203",1365561340
u23,cs65,1,3,1,"43.70534736,-72.2832336",1365724832
u23,cocs 65,1,3,5,"43.7054476,-72.28326768",1365811515
u23,cocs65,1,1,4,"43.70548559,-72.28326031",1366243580
u58,cs19p,2,1,1,"43.70625659,-72.28331991",1364357490
u58,cs65,2,3,1,"43.70596359,-72.28323862",1364601648
u58,cs65,2,3,1,"43.70615493,-72.28340848",1365026736
u58,cs65,1,1,1,"43.70610853,-72.28322264",1364867837
u58,cs65,2,1,1,"43.70611302,-72.28322474",1365114706
u58,cs65,2,1,2,"43.70628761,-72.28362471",1365201015
u58,cs65,2,4,1,"43.70614426,-72.28328189",1365467433
u58,cs65,1,3,1,"43.69957825,-72.289953",1365639228
u58,cs65,1,3,3,"43.70624531,-72.28357164",1365812016
u58,cs65,1,3,1,"43.70839358,-72.2822233",1366077595
u58,cs65,1,1,1,"43.63183255,-72.21036324",1365725273
u58,cs65,1,1,5,"43.70645524,-72.28313281",1366258386
u58,cs65,1,3,4,Unknown,1366307389
u58,cs 65,1,1,4,"43.70616591,-72.28331609",1366400292
u58,cs 65,1,2,1,"43.70616591,-72.28331609",1366419683
u58,cs65,2,1,3,"43.70607199,-72.28334176",1367008545
u58,cs65,1,4,4,"43.70650819,-72.28202974",1366659672
u58,cs65,1,4,3,"43.70623696,-72.28307342",1366697051
u58,cs65,1,5,1,"43.70593948,-72.28355406",1366844417
u58,cs65,1,4,5,"43.70615356,-72.28330165",1366959813
u58,cs65,1,2,2,"43.70617687,-72.2833926",1368237619
u58,cs65,1,1,6,"43.70618048,-72.28338783",1369727082
u19,film 51,2,3,1,"43.70690704,-72.28632015",1364368965
u19,cs65,2,3,3,"43.70690704,-72.28632015",1364429003
u19,cs6,2,1,2,"43.70704108,-72.28607855999999",1364515293
u19,cs65,2,3,1,"43.70287094,-72.28989253",1364602436
u19,film51,2,1,2,"43.70693078,-72.2855125",1364941269
u19,cs65,1,3,1,"43.70682761,-72.28580473",1364847560
u19,cs50,1,1,3,"43.70703814,-72.28709238",1364860960
u19,cs65,2,1,3,"43.70699519,-72.2857657",1365016711
u19,cs50,2,1,1,"43.70323136,-72.28785021",1365028283
u19,film51,1,3,6,"43.70626833,-72.28858324",1365106365
u19,cs65,2,1,1,"43.70577175,-72.28809302",1365111609
u19,film51,2,1,3,"43.70716892,-72.28610704",1365063219
u19,cs50,2,1,3,"43.70701786,-72.28610178",1365199153
u19,cs65,2,1,2,"43.70701786,-72.28610178",1365189704
u19,cs65,1,3,3,"43.70673487,-72.28562258",1365449458
u19,cs50,1,1,12,"43.68326196,-72.28749992",1365476339
u19,cs50,2,1,6,"43.70637595,-72.28640436",1366157118
u19,cs50,2,1,2,"43.70307762,-72.28912529",1365554745
u19,film51,1,3,3,"43.70307762,-72.28912529",1365554733
u19,cs65,2,3,3,"43.70629212,-72.28804473",1365627063
u19,cs65,2,3,1,"43.70300231,-72.28918281",1365714064
u19,cs65,2,3,6,"43.70154751,-72.29133289",1366053209
u19,film52,2,3,2,"43.70335463,-72.29031856",1365653736
u19,cs50,2,3,2,"43.70335463,-72.29031856",1365653777
u19,cs65,2,3,5,"43.70651205,-72.28555058",1365795454
u19,film52,2,3,4,"43.70300231,-72.28918281",1365714080
u19,cs50,2,3,6,"43.70646579,-72.28830733",1365803307
u19,cs65,1,3,6,"43.70154751,-72.29133289",1366053231
u19,cs50,2,1,7,"43.70154751,-72.29133289",1366082311
u19,film51,1,1,6,"43.70637595,-72.28640436",1366157106
u19,cs50,2,1,6,"43.70755427,-72.2855435",1366234550
u19,cs65,2,3,2,"43.70755427,-72.2855435",1366226616
u19,film51,2,1,2,"43.70226871,-72.29293538",1366251879
u19,film51,2,1,2,"43.70226871,-72.29293538",1366251921
u19,cs65,2,2,2,"43.70734975,-72.28629956",1366361067
u19,cs65,2,3,5,"43.70710128,-72.28578159",1366400601
u19,film51,1,3,5,"43.70734975,-72.28629956",1366361038
u19,cs50,1,1,7,"43.70639664,-72.28857942",1366407080
u19,film51,1,3,5,"43.70266033,-72.289756",1366955647
u19,cs50,2,3,1,"43.70676468,-72.28542565",1366696862
u19,film51,1,3,5,"43.70453889,-72.28787543",1366751359
u19,cs65,1,3,9,"43.70706454,-72.2854433",1366658624
u19,cs50,2,1,1,"43.70453889,-72.28787543",1366761625
u19,cs65,2,3,5,"43.70711699,-72.28611745",1367011284
u19,cs50,2,3,5,"43.70711699,-72.28611745",1367011296
u19,cs65,1,3,12,"43.70581683,-72.28726988",1367265618
u19,cs50,2,3,12,"43.70581683,-72.28726988",1367270378
u19,film52,1,3,2,"43.70101204,-72.28677708",1367400407
u19,cs50,2,3,12,"43.70736468,-72.28658613",1367444422
u19,cs65,2,3,7,"43.70704649,-72.28577054",1367438197
u19,film51,1,3,5,"43.70690988,-72.28699822",1367604118
u19,film51,1,1,6,"43.70714135,-72.28594665",1368775507
u19,cs66,2,1,5,"43.70690988,-72.28699822",1367607038
u19,cs50,2,3,11,"43.70670191,-72.28568105",1368504054
u19,film51,2,3,2,Unknown,1367957141
u19,cs65,2,3,2,"43.70680418,-72.28601166",1368217688
u19,cs50,2,1,2,"43.70705362,-72.28594706",1367635682
u19,cs65,1,1,3,"43.70639951,-72.28840249",1368045044
u19,cs50,1,3,12,"43.70700456,-72.28598088",1368248826
u19,film51,1,3,5,"43.70154413,-72.28815252",1368136980
u19,cs50,1,4,11,"43.70161344,-72.28714129",1368830139
u19,film51,2,1,3,"43.7040776,-72.29042456",1369210155
u19,film51,2,4,4,"43.70693856,-72.28579217",1369295068
u19,film51,1,5,4,Unknown,1369383269
u19,film51,1,3,11,"43.70689977,-72.28714289",1369852354
u19,cs65,1,3,12,"43.70689977,-72.28714289",1369852338
u19,cs50 ,1,3,11,"43.70689977,-72.28714289",1369852327
u19,cs50,1,3,1,"43.70696465,-72.28583899",1369984272
u39,cs70,2,3,3,Unknown,1364936095
u39,"cs170
",1,1,1,Unknown,1365565547
u39,,2,1,1,"43.70657715,-72.28645985",1365567883
u39,,2,1,1,"43.70657715,-72.28645985",1365565544
u39,"cs170
",1,1,1,Unknown,1365567885
u39,,2,1,1,"43.65161386,-72.31003509",1365833101
u39,,2,1,1,"43.7008617,-72.28950786",1366086071
u39,,2,1,1,"43.70691563,-72.28615388",1366921933
u03,"cs65
",2,1,3,"43.70545024,-72.28315791",1364773837
u03,cs65,2,3,10,"43.70549189,-72.28323121",1364410074
u03,cs57 cs65,2,1,2,"43.70535793,-72.28311321",1364773840
u03,"cs57 cs65
",2,2,8,"43.70531971,-72.28309652",1364773833
u03,cs65 cs57,2,2,5,"43.70526542,-72.28302405",1365264628
u03,cs57 cs65,1,1,12,"43.7054001,-72.28311069",1365465991
u03,cs165,2,1,12,"43.70513656,-72.2831101",1365617916
u03,cs57,2,3,11,"43.70527048,-72.2830645",1366271455
u54,Engs 25,1,3,4,"43.70411023,-72.29547697",1365026677
u54,Cs65,2,1,2,"41.55278028,-73.04076922",1364688498
u54,Math 23,2,4,1,"43.70393297,-72.29575493",1364940705
u54,Math 23,1,5,6,"43.70607312,-72.28941569",1365199304
u54,Engs 25,2,1,1,"43.56805313,-72.15149639",1365465991
u54,Cs65 ,2,1,2,"43.70415015,-72.29367693",1366317883
u54,Engs 25,1,4,7,"43.70504539,-72.29474758",1365811267
u54,Math 23,2,4,1,"43.70517873,-72.28933996",1366762105
u42,cs165,1,2,2,"43.69958568,-72.28346581",1364904604
u42,cs77,1,3,1,"43.64981203,-72.31113288",1364946954
u42,cs165,2,2,1,"43.62834565,-72.3223213",1365027314
u42,cs170,2,3,3,Unknown,1365118217
u42,cs165,2,3,1,"43.70551056,-72.28806837",1365201365
u42,cs165,2,3,1,"43.70901904,-72.28357213",1365656203
u42,cs65,2,3,1,"43.65866189,-72.24880912",1365811954
u42,cs65,1,3,1,"43.65842615,-72.2485696",1366072029
u42,cs65,2,1,1,"43.65853839,-72.24881437",1366314264
u15,cs65,2,1,4,"43.70428082,-72.28776631",1365016457
u15,"cs65
",2,1,2,Unknown,1364546204
u15,EARS3,2,1,1,"43.70570121,-72.29643446",1364546202
u15,cs65,2,1,1,"43.70402365,-72.29064013",1364615509
u15,ears3,2,1,1,"43.70306492,-72.29079677",1365023616
u15,span3,2,1,1,"43.70428082,-72.28776631",1365012151
u15,span3,2,1,1,"41.49583437,-71.45812765",1365395363
u15,cs65,2,1,2,"41.49583437,-71.45812765",1365395364
u15,span3,2,1,1,"43.70384519,-72.28717248",1365444320
u15,ears3,1,1,2,Unknown,1365488072
u15,cs65,2,1,1,Unknown,1365488061
u15,span3,1,1,2,Unknown,1365791284
u15,span3,1,1,2,"43.70578547,-72.28703541",1365617112
u15,cs65,1,1,4,"43.70578547,-72.28703541",1365621066
u15,cs65,2,1,9,"43.7052318,-72.29189415",1366075660
u15,span3,2,1,1,"43.70423505,-72.29046602",1365530070
u15,ears3,1,1,3,"43.7052318,-72.29189415",1366075673
u15,cs65,2,1,1,Unknown,1365793928
u15,ears3,1,1,3,"43.70591041,-72.28826857",1366167559
u15,span3,2,1,1,"43.70808053,-72.28506786",1366049032
u15,span3,1,1,2,Unknown,1366397947
u15,cs65,2,1,3,Unknown,1366397965
u49,CS65,2,3,1,"43.70660906218045,-72.28850320131149",1364516598
u49,LAT3,2,3,5,"43.70660906218045,-72.28850320131149",1364510964
u49,MATH13,1,2,6,"43.70293765941701,-72.29087519854266",1364594594
u49,LAT3,1,3,3,"43.70280622511184,-72.29096898523272",1364594561
u49,CS65,2,2,1,"43.70283528839602,-72.29096080666464",1364594518
u49,LAT3,1,2,5,"43.70705260374322,-72.2906467517123",1364865554
u49,LAT3,2,3,5,"43.70338315129848,-72.2868059778217",1364928835
u49,LAT3,2,3,1,"43.703158651028865,-72.2870008394822",1365026963
u49,MATH13,1,2,5,"43.703158651028865,-72.2870008394822",1365027016
u49,CS65,2,3,2,"43.707160898813775,-72.29070505330372",1365041168
u49,CS65,2,2,6,"43.70713543339236,-72.29082214369375",1365112986
u49, LAT3,1,3,5,"43.70719136531615,-72.29074030026922",1365112962
u49,LAT3,1,2,3,"43.70725334083059,-72.29087305855974",1365199232
u49,MATH13,1,2,4,"43.70710791156842,-72.29068312334456",1365199268
u49,CS65,2,2,5,"43.70712420776659,-72.2906110276771",1365199251
u49,LAT3,1,3,4,"43.70722381420843,-72.29064740417755",1365495011
u49,CS65,1,3,2,"43.70726286397128,-72.29063822859308",1365495084
u49,MATH13,1,2,6,"43.7074620579643,-72.29076688528187",1365495037
u49,MATH13,1,3,6,Unknown,1365832913
u49,LAT3,1,3,2,"43.70714428609825,-72.29067048599494",1365530523
u49, LAT3,1,3,2,"43.707213470222484,-72.28713826226519",1366314880
u49,CS65,2,3,7,"43.70715385770251,-72.29076242667945",1365661368
u49,LAT3,1,3,2,"43.70706705124463,-72.29070750176079",1365661281
u49,MATH13,1,2,4,"43.70723751657178,-72.29072506094067",1365661411
u49,LAT3,2,3,1,"43.70704576843117,-72.2907161716925",1366135131
u49,LAT3,1,1,5,"43.707113189278324,-72.29073405134399",1365746503
u49,CS65,2,2,5,"43.70706589616339,-72.29079248902232",1365746537
u49,LAT3,1,3,3,Unknown,1365832871
u49,CS65,2,2,5,Unknown,1365832896
u49,CS65,2,3,1,"43.701492057042024,-72.28820054512535",1366259960
u49,LAT3,1,2,5,"43.70716493150137,-72.29065271916699",1366073323
u49,MATH13,1,3,6,"43.70686273087724,-72.28753449372527",1366073467
u49,CS65,1,2,6,"43.70744869103676,-72.28705035195861",1366073446
u49,LAT3,1,1,2,"43.70148630287334,-72.2880724945123",1366259936
u49,MATH13,1,3,5,"43.70143796257927,-72.28840592331314",1366259991
u49,MATH13,1,2,3,"43.707213301259905,-72.29063432924677",1366485512
u49,LAT3,1,2,3,"43.707239025812086,-72.29067326733173",1366485463
u49,CS65,2,2,4,"43.70724205779823,-72.29062358405594",1366485490
u49, LAT3,1,1,2,"43.7028007679431,-72.29029717109633",1366761723
u49,MATH13,1,2,6,"43.701556132099654,-72.28796998806963",1367470873
u49,CS65,2,2,1,"43.70151524499508,-72.28789150252283",1367470890
u49,MATH13,1,3,5,"43.70717613391768,-72.29083943919815",1368086124
u49,LAT3,1,2,2,"43.70377306642512,-72.28776140116048",1368472174
u49,CS65,1,2,3,"43.70377306642512,-72.28776140116048",1368472193
u49,LAT3,2,3,1,"43.707135694363494,-72.29050824544824",1368085954
u49,LAT3,1,3,2,Unknown,1368656536
u49,LAT3,1,2,5,"43.70629160569078,-72.28882086692587",1367906428
u49,LAT3,1,3,2,"43.70578575320415,-72.28875349174373",1368216507
u49,MATH13,1,3,3,"43.705985547631826,-72.2890841770398",1367906497
u49,MATH13,1,2,5,Unknown,1368656566
u49,LAT3,1,3,2,"43.707071574195425,-72.29069781817408",1368172444
u49,CS65,2,1,9,"43.70629160569078,-72.28882086692587",1367906473
u49,CS65,2,1,1,"43.707225360448696,-72.29078853358074",1368086098
u49,LAT3,1,3,2,"43.7059528775494,-72.28796572137354",1368590585
u49,MATH13,1,3,2,"43.70600375009001,-72.28871367120003",1368826930
u49,LAT3,1,2,2,"43.70726994377907,-72.29067645819752",1369092697
u49,LAT3,1,2,2,"43.70716117171132,-72.2907325334663",1369335744
u08,rel 038,1,2,1,Unknown,1364354109
u08,chin 62,2,2,1,Unknown,1364354128
u08,cs 65,2,3,1,"43.70582719,-72.28937924",1364505545
u08,cs 89,2,1,1,"43.70227295,-72.28989198",1364418506
u08,cs 65,2,3,1,"43.70227295,-72.28989198",1364418493
u08,chin 62,2,1,2,"43.70582719,-72.28937924",1364515796
u08,cs89,2,1,1,"43.70350954,-72.28608081",1364591105
u08,cs65,2,1,1,"43.70350954,-72.28608081",1364591097
u08,cs89,2,1,1,"43.70644629,-72.28641042",1365020455
u08,chin 62,2,3,1,"43.70237031,-72.28787598",1364956272
u08,no class today,2,1,1,"43.70350954,-72.28608081",1364688418
u08,no class,2,1,1,"43.70316589,-72.2862713",1364774709
u08,cs65 section,2,1,1,"43.70237031,-72.28787598",1364959564
u08,cs 50 ta,2,1,3,"43.7029938,-72.28634884",1364940789
u08,cs 89,2,3,1,"43.70516598,-72.29089148",1364848162
u08,cs 65,2,3,1,"43.70538133,-72.29099059",1364848181
u08,cs65,2,3,2,"43.70644629,-72.28641042",1365020445
u08,chin 62,2,1,1,"43.70342734,-72.28638739",1365127907
u08,cs 65,2,3,2,"43.70410077,-72.28719868",1365212013
u08,cs 89,2,1,1,"43.70410077,-72.28719868",1365212028
u08,cs 89,2,1,5,"43.70364811,-72.28649081",1365500126
u08,cs 65,1,1,5,"43.70364811,-72.28649081",1365500111
u08,cs65,2,1,1,"43.70370174,-72.28680811",1365621357
u08,chin 62,1,1,4,"43.70731779,-72.2868045",1365590006
u08,cs 89,2,1,4,"43.70370174,-72.28680811",1365651461
u08,cs 65,2,1,2,"43.70370174,-72.28680811",1365651462
u08,chin 62,2,1,2,"43.70314121,-72.28659035",1365733201
u08,cs 89,1,1,6,"43.70385469,-72.28643647",1365818208
u08,cs 65,2,1,1,"43.70385469,-72.28643647",1365818197
u08,cs 89,2,1,1,"43.70396504,-72.28927469",1366085547
u08,chin 62,1,1,1,"43.70341363,-72.2866024",1366163763
u08,cs 89,2,1,5,"43.70430223,-72.29046297",1366265132
u08,cs 65,2,1,1,"43.70430223,-72.29046297",1366265121
u08,cs 65,2,1,1,"43.70566291,-72.2881436",1366337083
u08,chin 62,2,1,4,"43.70566291,-72.2881436",1366337091
u08,chin 062,2,3,1,"43.70277439,-72.28880163",1366960476
u08,cs 89,1,1,12,"43.7052687,-72.28811786",1366698529
u08,cs 65,1,3,12,"43.7052687,-72.28811786",1366698514
u08,cs 65,2,1,4,"43.70295661,-72.28995533",1367022561
u08,cs 89,2,4,1,"43.70295661,-72.28995533",1367022576
u08,cs 89,2,1,1,"43.70708811,-72.28767562",1367445434
u08,chin 62,1,3,4,"43.70708811,-72.28767562",1367399773
u08,cs 89,2,1,1,"43.7049437,-72.28880281",1367898671
u08,cs 89,2,5,1,"43.7037094,-72.28660102",1367745552
u08,cs 89,1,5,12,"43.70447785,-72.29155849",1369316318
u24,m&S's 45,2,3,1,"43.70588361,-72.29057766",1364601917
u24,math 22,2,1,1,"43.7064761,-72.29088936",1365020011
u24,math 22,2,4,1,"43.70633345,-72.29084334",1364590920
u24,math 22,2,1,1,"43.632408,-72.31682454",1364517555
u24,CS 60,2,1,1,"43.70581146,-72.29026137",1364517557
u24,math 22,2,4,1,"43.70677201,-72.29138349",1364937166
u24,math ,1,1,4,"43.70887046,-72.28422588",1364847716
u24,cs65,1,2,3,"43.7088764,-72.28421944",1364843123
u24,M&SS 45,1,4,2,"43.70540107,-72.29128943",1364865954
u24,cs65,1,1,1,"43.70613935,-72.29098339",1365447929
u24,cs65,2,1,1,"43.70610429,-72.29075771",1365192753
u24,cs60,2,5,1,"43.70698178,-72.28714864",1365202671
u24,math22,2,3,2,"43.70610429,-72.29075771",1365192771
u24,math22,1,4,6,"43.70613935,-72.29098339",1365452824
u24,cs60,1,2,9,"43.70615324,-72.29155002",1365470081
u24,math 22,2,4,1,"43.70615324,-72.29155002",1365470088
u24,math22,2,4,1,"43.70622719,-72.29042601",1365552014
u24,math22,2,1,4,"43.706227,-72.29104106",1365799962
u24,CS65,2,1,1,"43.70597871,-72.28908972",1365793713
u24,m&ss45,2,4,1,Unknown,1366244458
u24,math 22,2,3,1,"43.70768728,-72.28472492",1366420866
u32,math23,2,4,3,"43.70654748,-72.28919801",1365025253
u32,math23,2,1,1,"43.70574271,-72.28946233",1364855460
u32,cs65,2,3,2,"43.70819533,-72.28464859",1364843455
u32,cs60,2,2,1,"43.70367648,-72.29094557",1365031848
u32,cs65,2,3,3,"43.7032657,-72.29045059",1364936375
u32,math23,2,4,1,"43.7032657,-72.29045059",1364939852
u32,cs69,1,1,3,"43.70348694,-72.29093353",1364955574
u32,cs65,2,3,3,"43.70371584,-72.2909896",1365018344
u32,cs65,2,3,1,"43.70584223,-72.29075364",1365108624
u32,cs69,1,1,4,"43.70584223,-72.29075364",1365153953
u32,math23,2,4,1,"43.7079626,-72.2845068",1365461644
u32,cs65,2,1,1,"43.70665195,-72.28627345",1365194085
u32,cs60,2,3,1,"43.70614862,-72.28934977",1365202344
u32,math23,1,5,6,"43.70614862,-72.28934977",1365198011
u32,cs65,1,3,5,"43.70833514,-72.28446068",1365448353
u32,cs60,2,1,1,"43.70826063,-72.28421526",1365461668
u32,math23,2,1,1,"43.70635829,-72.28923585",1366061839
u32,cs69,1,1,8,"43.70845191,-72.28419384",1365758855
u32,cs65,1,3,3,"43.70826063,-72.28421526",1365548843
u32,math23,2,1,1,"43.70826063,-72.28421526",1365559676
u32,cs69,2,3,8,"43.70340811,-72.29061712",1365568428
u32,cs65,2,3,1,"43.70827877,-72.28438588",1365621132
u32,math23,2,4,2,"43.70827877,-72.28438588",1365631748
u32,cs60,2,3,1,"43.70827877,-72.28438588",1365634647
u32,cs65,1,4,9,"43.71713165,-72.27145544",1366053147
u32,cs65,2,3,1,"43.70845191,-72.28419384",1365720716
u32,cs65,2,3,1,"43.71906267,-72.27262809",1365795000
u32,math23,1,1,6,"43.7062746,-72.28944936",1365803141
u32,cs60,2,3,1,"43.70635749,-72.28923654",1366072980
u32,cs69,2,1,2,"43.70285908,-72.29002745",1366174008
u32,cs65,1,3,3,"43.70710027,-72.28737661",1366157793
u32,math23,2,4,5,"43.70710027,-72.28737661",1366157839
u32,math23,1,4,10,"43.70261834,-72.28972009",1366236371
u32,cs65,2,1,1,"43.70285908,-72.29002745",1366225489
u32,cs65,2,1,1,Unknown,1366318695
u32,math23,1,1,2,"43.70300607,-72.29026873",1366409367
u32,cs60,2,3,1,"43.70300607,-72.29026873",1366411867
u32,cs65,2,1,1,"43.70300607,-72.29026873",1366402410
u32,cs65,2,1,1,"43.70608389,-72.29104393",1366935190
u32,math23,2,1,1,"43.7031993,-72.2904444",1366666989
u32,cs65,1,1,12,"43.7031993,-72.2904444",1366665190
u32,cs60,2,1,1,"43.7031993,-72.2904444",1366671079
u32,cs65,1,1,3,"43.70635966,-72.28846146",1366750429
u32,math23,2,5,1,"43.70635966,-72.28846146",1366754318
u32,cs69,1,1,7,"43.70608389,-72.29104393",1366949950
u32,cs65,2,1,1,"43.70608389,-72.29104393",1367003166
u32,cs65,1,3,12,"43.70894401,-72.28431547",1367262393
u32,math23,2,4,1,"43.47216071,-71.99885894",1367364255
u32,cs69,2,1,5,"43.47216071,-71.99885894",1367379729
u32,math23,2,4,4,"43.70211393,-72.28994529",1367444694
u32,cs65,2,1,2,"43.47216071,-71.99885894",1367435862
u32,cs69,2,1,6,"43.70211393,-72.28994529",1367566719
u32,cs65,2,1,1,"43.70633694,-72.29112078",1367643460
u32,cs69,1,3,6,"43.70651717,-72.2879345",1368155551
u32,cs65,1,1,6,"43.719082,-72.2724696",1368211853
u32,math23,1,4,8,"43.719082,-72.2724696",1368221865
u32,math23,1,4,6,"43.70633694,-72.29112078",1367643460
u32,cs65,2,5,1,"43.7089232,-72.28415444",1368040450
u32,math23,2,4,1,"43.7089232,-72.28415444",1368049435
u32,math23,2,4,1,"43.70680906,-72.28749051",1369189149
u12,tuck3,2,4,3,"43.63745411,-72.24846941",1365003202
u12,"GH
",1,1,1,"43.70618903,-72.28722948",1364359282
u12,tuck 003,2,1,1,"43.63731604,-72.24852742",1364537813
u12,cs50,2,3,1,"43.70640895,-72.2882317",1364420335
u12,cs 89,2,3,1,"43.637604,-72.24834382",1364430343
u12,cs66,2,3,7,"43.68470585,-72.26924658",1364516556
u12,cs89,2,3,4,"43.70977927,-72.28303993",1364588764
u12,cs50,2,3,7,"42.63750503,-71.18233284",1365219636
u12,tuck 3,2,4,1,"43.63747443,-72.24856045",1366157441
u45,CS65,2,1,3,"43.70797014,-72.28385447",1365036656
u45,cs65,1,2,5,"43.70714984,-72.2865919",1364899372
u45,cs77,1,1,4,"43.70526192,-72.28667636",1364977330
u45,cs65,2,3,2,"43.70804291,-72.28498053",1365734021
u45,cs65,2,3,5,"43.70788803,-72.28458844",1365641355
u45,cs65,2,1,4,"43.70804117,-72.28498155",1365811938
u53,cs189 photo forensics,2,3,5,"43.70789343,-72.28376628",1364592760
u53,cs165,2,3,2,"43.70549989,-72.28295873",1364515351
u53,cs165,2,3,2,"43.70560193,-72.28316177",1364608471
u53,no class today,2,1,1,Unknown,1364942629
u53,cs165,2,3,11,"43.70576878,-72.28345137",1365119379
u53,cs166,2,3,1,"43.70652295,-72.28353758",1365202758
u53,cs189,2,3,6,"43.70652295,-72.28353758",1365202795
u53,cs 165,1,3,2,"43.70559102,-72.283134",1365498404
u53,cs 189,2,4,1,Unknown,1366249942
u53,no class today,2,1,1,"43.70654535,-72.28726046",1365572529
u53,cs189,2,2,1,"43.7059594,-72.28323398",1365683206
u53,cs 189,2,1,1,"43.70369939,-72.29013585",1366074924
u53,cs189,2,4,3,"43.69337144,-72.27322384",1366585726
u53,no class today ,2,1,1,"43.01160902,-71.43617088",1366585728
u53,no class today,2,1,1,"43.70728698,-72.28382947",1366761640
u53,class canceled,2,1,1,"43.70574235,-72.28345072",1366846171
u53,cs189,2,3,6,"43.70752387,-72.28352353",1369266799
u04,cs65,2,1,3,"43.70315377,-72.28626052",1364690897
u04,cs91,2,1,5,"43.70200674,-72.28525688",1364359256
u04,cs99,2,1,3,"43.70437389,-72.28688493",1364529717
u04,cs65,2,3,3,"43.70414142,-72.28932127",1364583749
u04,cs65,2,3,2,"43.70522558,-72.29116765",1364606949
u04,cs65,1,1,4,"43.7058173,-72.29660835",1364869039
u04,cs65,2,1,3,"43.70620355,-72.28887883",1365016660
u04,cs65,2,1,3,"43.70321906,-72.28981496",1365029733
u04,cs65,2,3,3,"43.70333552,-72.28845129",1365109748
u04,cs65,2,3,3,"43.70410935,-72.28983199",1365189572
u04,cs65,2,3,3,"43.70472132,-72.28861869",1365202171
u04,cs65,2,3,3,"43.70472132,-72.28861869",1365202209
u04,cs65,1,1,9,"43.70575201,-72.29596181",1365474864
u04,cs65,2,1,1,"43.70493208,-72.28856946",1365567260
u04,cs65,2,1,1,"43.70417131,-72.28591047",1365713326
u04,cs65,2,3,2,"43.70493208,-72.28856946",1365658856
u04,cs65,2,1,2,"43.70417131,-72.28591047",1365730409
u04,cs65,2,1,2,"43.70546857,-72.28752275",1366327615
u04,cs65,2,1,2,"43.7041984,-72.28652356",1365814099
u04,cs65,1,1,2,"43.70596983,-72.29501146",1366080639
u04,cs65,2,1,1,"43.702712149999996,-72.28760414",1366609454
u04,cs65,1,1,12,"43.70431008,-72.28573285",1366761721
u05,cs65,2,3,1,"43.70751491,-72.28694759",1364415125
u05,CS50,2,3,1,"43.70751491,-72.28694759",1364409301
u05,cs50,2,1,2,"43.70751491,-72.28694759",1364429238
u05,cs65,2,3,1,"43.70751491,-72.28694759",1364517679
u05,cs65,2,1,1,"43.70751491,-72.28694759",1364605380
u52,cs65,2,3,2,"43.70717366666667,-72.28912001666667",1364604749
u52,cs65,2,3,1,"43.707074516666665,-72.28928456666667",1364518347
u52,bio6,2,3,4,"43.70710476666667,-72.28895371666667",1364944063
u52,cs65,1,3,4,"43.70705661666667,-72.2886937",1364862422
u52,bio6,2,1,2,"43.70725126666667,-72.2890362",1365037382
u52,cs50,2,3,1,"43.7069955,-72.28824085",1365025163
u52,cs65,2,4,1,"43.70684966666666,-72.28838453333333",1365108675
u52,bio6,2,3,1,"43.70684966666666,-72.28838453333333",1365105062
u52,cs50,2,1,1,"43.70726605,-72.28919321666666",1365197901
u52,cs65,2,4,1,"43.70726605,-72.28919321666666",1365188687
u52,bio6,2,3,1,"43.7087634,-72.28434623333334",1365541037
u52,cs50,2,4,12,"43.7030312,-72.28956423333334",1365630034
u52,cs65,2,5,3,"43.7072184,-72.28903266666667",1365713484
u52,bio6,2,3,1,"43.7072184,-72.28903266666667",1365710461
u52,cs50,2,5,1,"43.70716755,-72.2888156",1365802781
u52,cs50,2,5,1,"43.7070616,-72.28927448333333",1366061807
u52,bio6,2,3,1,"43.70789865,-72.28546113333333",1366142071
u52,bio6,2,3,1,"43.70714775,-72.28904961666667",1366314565
u52,cs65,2,1,12,"43.70714775,-72.28904961666667",1366318278
u52,cs65,2,5,4,"43.7035929,-72.29015891666667",1367006647
u44,cs60,2,2,3,"43.6971777,-72.28080395",1365030149
u44,cs65,2,3,2,"43.70743771,-72.2862709",1365016175
u44,cs60 xhour,2,1,3,"43.69706014,-72.28055451",1365111715
u44,cs65,2,2,3,"43.70956983,-72.2828589",1365188756
u44,cs60,2,2,8,"43.70956983,-72.2828589",1365202379
u44,cs65,1,3,6,"43.69304677,-72.26666278",1365449255
u44,cs60,1,3,7,"43.69219771,-72.26725631",1365461409
u44,cs65,2,3,2,"43.70905522,-72.28367829",1365621214
u44,cs60,2,3,3,"43.70752065,-72.28669805",1365726061
u44,cs60,2,1,3,"43.70905522,-72.28367829",1365634955
u44,cs60,2,3,2,"43.70968672,-72.28395597",1366239130
u44,cs65,2,3,2,"43.69213022,-72.27010971",1365794967
u44,cs60,2,1,3,"43.69213022,-72.27010971",1365808750
u44,cs60,1,3,12,"43.70741846,-72.28641464",1366066267
u44,cs60,2,1,6,"43.70968672,-72.28395597",1366225552
u44,cs65,2,3,2,"43.70982734,-72.28287682",1366398265
u44,cs60,2,2,4,"43.70311929,-72.28220394",1366411833
u44,cs60,2,3,7,"43.7069105,-72.28675521",1367020501
u44,cs60,1,1,12,"43.70957133,-72.28436521",1366671129
u44,cs65,1,1,6,"43.70957133,-72.28436521",1366658403
u44,cs65,2,3,3,"43.70924953,-72.28306718",1367003303
u44,cs60,1,3,12,"43.70907937,-72.2835377",1367275837
u44,cs60,2,3,2,"43.70760249,-72.286058",1367448557
u44,cs65,2,3,12,"43.70958087,-72.28404203",1367435171
u44,cs60,2,3,1,"43.70691341,-72.28711558",1367880252
u44,cs65,2,3,5,"43.69230186,-72.26682816",1368039469
u44,cs65,1,1,1,"43.6922359,-72.26676312",1368643940
u44,cs60,2,3,2,"43.70914765,-72.28352116",1368137193
u44,cs65,2,1,2,"43.70976741,-72.28416244",1367607733
u44,renesys,2,3,1,"43.70976741,-72.28416244",1367621683
u33,CS65,2,1,2,Unknown,1364515429
u33,CS65,2,3,3,"43.70360724,-72.29640518",1364603465
u33,ENGS93,2,1,1,"43.7037725,-72.29602645",1364697770
u33,ENGS93,1,1,6,"43.70799826,-72.28495732",1365026965
u33,ENGS25,1,3,5,"43.70799826,-72.28495732",1365029766
u33,CS65,1,1,1,"43.70857509,-72.28453841",1364843136
u33,ENGS93,2,4,1,"43.70455321,-72.29195283",1364865778
u33,ENGS25,2,3,1,"43.70371798,-72.29605868",1364865789
u33,CS65,2,3,3,"43.70799826,-72.28495732",1365026944
u33,CS65,2,3,1,"43.70378631,-72.29590104",1365112666
u33,ENGS25,2,3,1,"43.7058539,-72.28945952",1365202937
u33,ENGS93,2,3,1,"43.70148828,-72.28937515",1365199408
u33,CS65,2,3,2,"43.70274179,-72.28911003",1365189417
u33,CS65,1,2,11,"43.70711139,-72.28597263",1365449380
u33,ENGS25,2,4,1,"43.70487736,-72.29204865",1365462613
u33,ENGS93,2,1,2,"43.70220819,-72.28927939",1365456665
u33,CS65,1,3,10,"43.70369666,-72.29597969",1366057984
u33,ENGS93,1,1,7,"43.70332015,-72.29598121",1365631818
u33,ENGS25,1,1,10,"43.70589943,-72.28947338",1365635270
u33,ENGS25,1,4,3,"43.70403496,-72.2946836",1365808083
u33,CS65,2,1,3,"43.70332015,-72.29598121",1365624221
u33,CS65,2,3,3,"43.70730744,-72.28556254",1365713782
u33,ENGS93,2,3,2,"43.70368617,-72.29580241",1365802600
u33,ENGS25,2,3,1,"43.70369666,-72.29597969",1366067495
u33,ENGS93,2,4,1,"43.70369666,-72.29597969",1366065364
u33,CS65,2,3,1,"43.70342539,-72.29594334",1366231206
u33,ENGS93,1,4,7,"43.70351032,-72.29612362",1366242012
u33,ENGS25,2,1,1,"43.70351032,-72.29612362",1366242023
u33,CS65,2,3,2,"43.70746347,-72.28509434",1366318535
u33,CS65,2,3,2,"43.70746347,-72.28509434",1366318510
u33,ENGS93,2,3,2,"43.70397174,-72.29553785",1366407273
u33,ENGS25,1,1,6,"43.70397174,-72.29553785",1366411762
u33,ENGS25,2,1,1,"43.70489616,-72.29364769",1367306526
u33,ENGS93,2,1,1,"43.70497176,-72.29340555",1367306510
u33,ENGS93,2,4,5,"43.70416591,-72.29582511",1368484060
u33,ENGS25,2,4,5,"43.70583433,-72.28880318",1367648472
u33,ENGS93,1,3,8,"43.70583433,-72.28880318",1367648471
u33,CS65,2,3,5,"43.70416591,-72.29582511",1368484045
u33,CS65,1,3,12,Unknown,1369880490
u25,cs65,1,3,2,"43.44242939,-72.06891831",1364868983
u25,English 28,1,3,2,"43.70105953,-72.28570525",1364429445
u25,computer science 65,2,3,2,"43.70909673,-72.28432992",1364521721
u25,cs65,2,3,3,"43.70042959,-72.2867107",1364602446
u25,no class today,2,1,1,"43.70256973,-72.28784525",1364691524
u25,cs65 section,2,2,2,"43.70065679,-72.28685874",1364945517
u25,English 28,2,3,2,"43.70112268,-72.28657241",1365030879
u25,nas8,1,4,1,"43.7078117,-72.28487208",1365027130
u25,cs 65,2,3,2,"43.70866672,-72.28394883",1365109505
u25,English 28,1,3,2,"43.70866672,-72.28394883",1365104501
u25,English 28,1,3,2,Unknown,1365188117
u25,nas8,2,3,1,Unknown,1365205344
u25,nas8,2,1,1,"43.70309694,-72.28992457",1365473793
u25,English 28,1,3,2,Unknown,1365619470
u25,cs65,2,1,2,Unknown,1365645252
u25,cs65,2,2,2,"43.70902013,-72.28426928",1365730340
u25,nas8,2,4,1,"43.70615155,-72.28799023",1365815018
u25,nas8,2,3,1,"43.70609873,-72.28690685",1366078260
u09,CS65,2,1,1,"43.70687224,-72.28858677",1364434343
u09,CS65,2,3,2,"43.70741873,-72.28632201",1364517383
u09,JAPN61,1,3,5,"43.70688362,-72.28814599",1364614365
