user_id,resp_time,weekday,hour,exercise,walk,have,schedule,latitude,longitude,has_location
u00,2013-04-01T14:55:38+00:00,Monday,14,3,2.0,2.0,1.0,,,0
u00,2013-04-01T17:12:56+00:00,Monday,17,1,1.0,2.0,1.0,,,0
u00,2013-04-02T04:03:53+00:00,Tuesday,4,1,1.0,1.0,,,,0
u00,2013-04-03T03:43:26+00:00,Wednesday,3,4,2.0,1.0,,,,0
u00,2013-04-04T00:28:03+00:00,Thursday,0,1,2.0,2.0,1.0,,,0
u00,2013-04-04T02:03:44+00:00,Thursday,2,1,3.0,2.0,1.0,,,0
u00,2013-04-05T02:39:51+00:00,Friday,2,4,3.0,1.0,2.0,,,0
u00,2013-04-05T20:37:51+00:00,Friday,20,4,3.0,1.0,,,,0
u00,2013-04-06T02:19:21+00:00,Saturday,2,1,1.0,2.0,1.0,,,0
u00,2013-04-07T01:56:12+00:00,Sunday,1,3,3.0,1.0,,,,0
u00,2013-04-07T18:35:08+00:00,Sunday,18,3,3.0,2.0,2.0,,,0
u00,2013-04-10T05:24:58+00:00,Wednesday,5,1,3.0,2.0,1.0,,,0
u00,2013-04-12T22:54:04+00:00,Friday,22,1,3.0,2.0,1.0,,,0
u00,2013-04-17T02:44:44+00:00,Wednesday,2,1,1.0,2.0,1.0,,,0
u00,2013-04-17T20:27:42+00:00,Wednesday,20,1,2.0,2.0,1.0,,,0
u00,2013-04-18T02:04:26+00:00,Thursday,2,1,2.0,2.0,1.0,,,0
u00,2013-04-19T04:29:39+00:00,Friday,4,3,1.0,2.0,1.0,43.75872078,-72.32869187,1
u00,2013-04-22T04:23:28+00:00,Monday,4,3,2.0,1.0,,43.75957917,-72.32886943,1
u00,2013-04-24T06:08:27+00:00,Wednesday,6,2,1.0,2.0,1.0,,,0
u00,2013-04-29T02:38:13+00:00,Monday,2,3,1.0,1.0,2.0,,,0
u00,2013-05-05T23:30:24+00:00,Sunday,23,1,5.0,2.0,2.0,48.85875992,2.36238333,1
u00,2013-05-08T18:16:23+00:00,Wednesday,18,1,2.0,2.0,1.0,45.42686431,12.350003,1
u00,2013-05-08T19:51:40+00:00,Wednesday,19,1,1.0,2.0,1.0,,,0
u00,2013-05-16T04:07:30+00:00,Thursday,4,1,1.0,2.0,1.0,43.70596914,-72.28674988,1
u00,2013-05-17T05:12:07+00:00,Friday,5,4,1.0,2.0,1.0,43.70138552,-72.28880842,1
u00,2013-05-18T22:21:03+00:00,Saturday,22,1,1.0,2.0,1.0,42.80466172,-71.29933505,1
u00,2013-05-19T22:19:25+00:00,Sunday,22,1,1.0,2.0,1.0,,,0
u00,2013-05-25T20:06:41+00:00,Saturday,20,4,1.0,2.0,1.0,38.92432799,-77.05412058,1
u00,2013-05-28T20:24:57+00:00,Tuesday,20,1,1.0,2.0,1.0,43.70660017,-72.28716763,1
u00,2013-05-29T21:04:07+00:00,Wednesday,21,3,1.0,2.0,1.0,43.70662665,-72.28716228,1
u00,2013-05-30T20:07:05+00:00,Thursday,20,3,1.0,1.0,,43.70006541,-72.29016831,1
u00,2013-05-31T20:27:35+00:00,Friday,20,1,1.0,1.0,2.0,43.70990415,-72.27948312,1
u00,2013-06-01T20:17:25+00:00,Saturday,20,1,1.0,,,43.999142,-71.83453784,1
u00,2013-06-03T03:04:49+00:00,Monday,3,3,2.0,1.0,2.0,43.75910573,-72.32818315,1
u00,2013-06-04T23:01:02+00:00,Tuesday,23,2,1.0,1.0,,43.70666023,-72.28744135,1
u00,2013-06-05T23:18:48+00:00,Wednesday,23,3,1.0,1.0,,43.70697532,-72.28696303,1
u00,2013-08-07T01:47:16+00:00,Wednesday,1,1,1.0,,,43.70207326,-72.28919072,1
u01,2013-04-03T06:03:22+00:00,Wednesday,6,1,3.0,2.0,2.0,,,0
u01,2013-04-06T03:00:41+00:00,Saturday,3,1,3.0,2.0,2.0,,,0
u01,2013-04-07T02:05:47+00:00,Sunday,2,1,1.0,2.0,2.0,,,0
u01,2013-04-10T05:31:18+00:00,Wednesday,5,1,1.0,2.0,2.0,,,0
u01,2013-04-17T02:30:58+00:00,Wednesday,2,1,2.0,2.0,2.0,,,0
u01,2013-04-19T00:34:55+00:00,Friday,0,1,4.0,2.0,2.0,43.70523775,-72.28968764,1
u01,2013-04-27T03:27:52+00:00,Saturday,3,1,3.0,2.0,2.0,43.70528019,-72.28949827,1
u02,2013-04-02T04:12:32+00:00,Tuesday,4,3,2.0,1.0,,,,0
u02,2013-04-05T02:05:25+00:00,Friday,2,3,3.0,1.0,1.0,,,0
u02,2013-04-07T00:33:25+00:00,Sunday,0,1,2.0,2.0,2.0,,,0
u02,2013-04-08T00:04:13+00:00,Monday,0,1,2.0,2.0,2.0,,,0
u02,2013-04-19T04:00:47+00:00,Friday,4,3,3.0,1.0,2.0,43.70700651,-72.29317331,1
u02,2013-04-21T02:00:29+00:00,Sunday,2,1,3.0,2.0,2.0,43.70725865,-72.29291875,1
u02,2013-04-24T06:00:34+00:00,Wednesday,6,3,3.0,1.0,2.0,,,0
u02,2013-04-28T00:02:03+00:00,Sunday,0,1,2.0,2.0,2.0,43.70699798,-72.29314193,1
u02,2013-04-30T02:18:11+00:00,Tuesday,2,1,2.0,2.0,2.0,43.70683195,-72.28737158,1
u02,2013-05-06T07:34:48+00:00,Monday,7,3,2.0,1.0,2.0,43.70719676,-72.29315695,1
u02,2013-05-15T04:00:25+00:00,Wednesday,4,3,3.0,1.0,2.0,43.70725622,-72.29354946,1
u02,2013-05-16T04:11:39+00:00,Thursday,4,1,2.0,2.0,2.0,43.70713777,-72.29296993,1
u03,2013-04-05T17:29:45+00:00,Friday,17,2,2.0,2.0,2.0,,,0
u03,2013-04-07T18:12:06+00:00,Sunday,18,2,2.0,2.0,2.0,,,0
u03,2013-04-11T19:44:21+00:00,Thursday,19,2,2.0,1.0,2.0,,,0
u03,2013-04-22T04:00:26+00:00,Monday,4,1,2.0,2.0,2.0,43.70526343,-72.28319273,1
u03,2013-04-28T03:55:03+00:00,Sunday,3,2,2.0,2.0,2.0,43.70529403,-72.28319906,1
u03,2013-04-29T03:20:48+00:00,Monday,3,2,2.0,2.0,2.0,43.70532812,-72.28315379,1
u03,2013-04-30T02:00:09+00:00,Tuesday,2,2,3.0,2.0,2.0,43.70522961,-72.2829144,1
u03,2013-05-06T01:19:38+00:00,Monday,1,2,2.0,2.0,2.0,43.70525531,-72.28306569,1
u04,2013-04-03T16:54:07+00:00,Wednesday,16,5,3.0,1.0,1.0,,,0
u04,2013-04-04T15:37:53+00:00,Thursday,15,4,3.0,1.0,2.0,,,0
u04,2013-04-07T02:17:53+00:00,Sunday,2,4,3.0,1.0,,,,0
u04,2013-04-08T01:41:53+00:00,Monday,1,4,2.0,1.0,2.0,,,0
u04,2013-04-18T03:02:19+00:00,Thursday,3,4,3.0,1.0,2.0,,,0
u04,2013-04-19T04:07:11+00:00,Friday,4,5,3.0,1.0,,43.70558971,-72.29688149,1
u04,2013-04-24T08:30:55+00:00,Wednesday,8,4,2.0,1.0,2.0,43.70310692,-72.28998483,1
u04,2013-04-29T02:39:44+00:00,Monday,2,3,2.0,1.0,2.0,43.70310102,-72.28960565,1
u04,2013-04-30T03:59:26+00:00,Tuesday,3,4,2.0,1.0,,43.70344161,-72.28587472,1
u04,2013-05-07T01:33:03+00:00,Tuesday,1,4,3.0,1.0,2.0,43.70556561,-72.29643857,1
u04,2013-05-15T05:24:55+00:00,Wednesday,5,4,3.0,1.0,,43.7019109,-72.28816483,1
u04,2013-05-16T04:18:14+00:00,Thursday,4,4,2.0,1.0,,43.7026866,-72.28761377,1
u07,2013-04-01T18:02:11+00:00,Monday,18,1,3.0,2.0,2.0,,,0
u07,2013-04-02T01:40:45+00:00,Tuesday,1,5,3.0,1.0,2.0,,,0
u07,2013-04-02T12:21:23+00:00,Tuesday,12,5,2.0,1.0,2.0,,,0
u07,2013-04-03T03:02:22+00:00,Wednesday,3,5,3.0,1.0,2.0,,,0
u07,2013-04-11T09:32:13+00:00,Thursday,9,3,3.0,1.0,2.0,,,0
u07,2013-04-17T03:39:00+00:00,Wednesday,3,1,2.0,2.0,1.0,,,0
u07,2013-04-18T18:38:25+00:00,Thursday,18,1,2.0,2.0,2.0,,,1
u07,2013-04-19T04:57:05+00:00,Friday,4,1,2.0,2.0,2.0,43.70464073,-72.29441487,1
u07,2013-04-20T06:51:03+00:00,Saturday,6,5,2.0,1.0,2.0,43.70392925,-72.28380701,1
u07,2013-04-21T02:32:19+00:00,Sunday,2,1,2.0,2.0,2.0,43.70334071,-72.28326211,1
u07,2013-04-22T04:10:59+00:00,Monday,4,1,2.0,2.0,2.0,43.70671038,-72.27728207,1
u07,2013-04-23T21:31:36+00:00,Tuesday,21,1,2.0,2.0,1.0,43.70425769,-72.28391582,1
u07,2013-04-24T12:09:01+00:00,Wednesday,12,1,2.0,2.0,2.0,43.70389416,-72.2837747,1
u08,2013-04-01T16:50:13+00:00,Monday,16,1,1.0,2.0,1.0,,,0
u08,2013-04-02T03:17:56+00:00,Tuesday,3,3,3.0,1.0,,,,0
u08,2013-04-03T02:08:58+00:00,Wednesday,2,1,3.0,2.0,1.0,,,0
u08,2013-04-03T17:38:11+00:00,Wednesday,17,1,1.0,2.0,2.0,,,0
u08,2013-04-04T02:08:16+00:00,Thursday,2,1,2.0,2.0,1.0,,,0
u08,2013-04-04T19:46:23+00:00,Thursday,19,3,2.0,1.0,,,,0
u08,2013-04-05T02:11:20+00:00,Friday,2,1,2.0,2.0,1.0,,,0
u08,2013-04-06T01:32:15+00:00,Saturday,1,1,2.0,2.0,1.0,,,0
u08,2013-04-07T01:27:36+00:00,Sunday,1,5,3.0,1.0,,,,0
u08,2013-04-08T02:55:10+00:00,Monday,2,1,2.0,2.0,1.0,,,0
u08,2013-04-09T09:36:10+00:00,Tuesday,9,1,3.0,2.0,1.0,,,0
u08,2013-04-10T10:33:58+00:00,Wednesday,10,1,3.0,2.0,1.0,,,0
u08,2013-04-12T06:25:18+00:00,Friday,6,1,3.0,2.0,1.0,,,0
u08,2013-04-13T11:34:47+00:00,Saturday,11,2,2.0,1.0,,,,0
u08,2013-04-14T05:39:19+00:00,Sunday,5,1,2.0,2.0,1.0,,,0
u08,2013-04-15T04:07:55+00:00,Monday,4,1,2.0,2.0,2.0,,,0
u08,2013-04-16T04:12:27+00:00,Tuesday,4,1,3.0,2.0,1.0,,,0
u08,2013-04-17T02:00:17+00:00,Wednesday,2,1,3.0,2.0,1.0,,,0
u08,2013-04-18T06:06:00+00:00,Thursday,6,1,3.0,2.0,1.0,,,0
u08,2013-04-18T20:33:50+00:00,Thursday,20,1,2.0,2.0,1.0,,,0
u08,2013-04-20T20:20:54+00:00,Saturday,20,4,2.0,1.0,,43.70518194,-72.28800233,1
u08,2013-04-21T20:21:17+00:00,Sunday,20,1,1.0,2.0,1.0,43.70406215,-72.28755806,1
u08,2013-04-23T06:30:25+00:00,Tuesday,6,1,2.0,2.0,1.0,43.7052687,-72.28811786,1
u08,2013-04-24T07:02:05+00:00,Wednesday,7,1,3.0,2.0,1.0,43.70466963,-72.28690138,1
u08,2013-04-25T00:57:17+00:00,Thursday,0,1,3.0,2.0,1.0,43.70440204,-72.29052256,1
u08,2013-04-25T21:55:51+00:00,Thursday,21,1,2.0,2.0,1.0,43.70356196,-72.2866634,1
u08,2013-04-27T00:28:40+00:00,Saturday,0,1,3.0,2.0,1.0,43.70295661,-72.28995533,1
u08,2013-05-01T09:17:30+00:00,Wednesday,9,1,2.0,2.0,1.0,43.70708811,-72.28767562,1
u08,2013-05-05T09:20:26+00:00,Sunday,9,5,3.0,1.0,,43.7037094,-72.28660102,1
u08,2013-05-07T03:48:15+00:00,Tuesday,3,1,4.0,2.0,1.0,43.7049437,-72.28880281,1
u08,2013-05-19T22:36:10+00:00,Sunday,22,1,3.0,2.0,1.0,43.70573461,-72.28972765,1
u10,2013-04-02T04:56:42+00:00,Tuesday,4,1,2.0,2.0,1.0,,,0
u10,2013-04-03T02:07:13+00:00,Wednesday,2,1,2.0,2.0,1.0,,,0
u10,2013-04-04T02:06:27+00:00,Thursday,2,1,3.0,2.0,1.0,,,0
u10,2013-04-06T02:00:17+00:00,Saturday,2,1,3.0,2.0,1.0,,,0
u10,2013-04-07T01:59:18+00:00,Sunday,1,1,2.0,2.0,1.0,,,0
u10,2013-04-08T01:44:09+00:00,Monday,1,1,2.0,2.0,1.0,,,0
u10,2013-04-09T02:15:04+00:00,Tuesday,2,4,2.0,1.0,,,,0
u10,2013-04-10T05:14:36+00:00,Wednesday,5,1,2.0,2.0,2.0,,,0
u10,2013-04-11T03:36:36+00:00,Thursday,3,3,2.0,1.0,,,,0
u10,2013-04-17T02:00:12+00:00,Wednesday,2,1,2.0,2.0,1.0,,,0
u10,2013-04-17T05:18:30+00:00,Wednesday,5,1,1.0,2.0,1.0,,,0
u10,2013-04-18T02:44:46+00:00,Thursday,2,1,4.0,2.0,1.0,,,0
u10,2013-04-19T04:04:06+00:00,Friday,4,1,2.0,2.0,1.0,43.7050225,-72.28939767,1
u10,2013-04-22T01:55:32+00:00,Monday,1,4,2.0,1.0,,43.70412385,-72.28696992,1
u10,2013-04-24T07:48:05+00:00,Wednesday,7,1,3.0,2.0,1.0,43.70324408,-72.28961597,1
u10,2013-04-25T05:40:18+00:00,Thursday,5,3,2.0,1.0,,43.70297206,-72.28625376,1
u10,2013-04-29T02:16:27+00:00,Monday,2,1,2.0,2.0,1.0,43.70151131,-72.28813703,1
u10,2013-05-04T03:59:07+00:00,Saturday,3,3,2.0,1.0,,43.7035419,-72.28496666,1
u10,2013-05-07T00:27:10+00:00,Tuesday,0,3,1.0,1.0,,43.70651291,-72.28794506,1
u10,2013-05-15T03:57:44+00:00,Wednesday,3,1,1.0,2.0,1.0,43.70324666,-72.29028792,1
u12,2013-04-03T17:26:48+00:00,Wednesday,17,3,2.0,1.0,2.0,,,0
u12,2013-04-05T02:00:31+00:00,Friday,2,1,3.0,2.0,1.0,,,0
u12,2013-04-06T03:40:10+00:00,Saturday,3,1,3.0,2.0,1.0,,,0
u12,2013-04-07T06:09:17+00:00,Sunday,6,4,2.0,1.0,,,,0
u12,2013-04-11T18:55:55+00:00,Thursday,18,1,1.0,2.0,1.0,,,0
u12,2013-04-12T17:48:58+00:00,Friday,17,1,1.0,2.0,1.0,,,0
u12,2013-04-13T22:23:42+00:00,Saturday,22,1,1.0,2.0,1.0,,,0
u12,2013-04-14T20:04:27+00:00,Sunday,20,3,2.0,1.0,2.0,,,0
u12,2013-05-31T17:07:26+00:00,Friday,17,3,2.0,1.0,2.0,43.63764029,-72.2483575,1
u14,2013-04-01T20:04:25+00:00,Monday,20,1,1.0,2.0,1.0,,,0
u14,2013-04-02T04:01:32+00:00,Tuesday,4,1,3.0,2.0,1.0,,,0
u14,2013-04-04T02:02:22+00:00,Thursday,2,1,5.0,2.0,2.0,,,0
u14,2013-04-05T02:49:56+00:00,Friday,2,1,5.0,2.0,2.0,,,0
u14,2013-04-08T00:10:01+00:00,Monday,0,1,5.0,2.0,2.0,,,0
u14,2013-04-18T03:18:54+00:00,Thursday,3,1,5.0,2.0,2.0,,,0
u14,2013-04-19T04:00:00+00:00,Friday,4,1,5.0,2.0,2.0,43.7054501,-72.28744904,1
u14,2013-04-30T02:00:06+00:00,Tuesday,2,1,1.0,2.0,2.0,43.70677996,-72.28732886,1
u15,2013-04-08T04:29:24+00:00,Monday,4,4,2.0,1.0,2.0,,,0
u15,2013-04-08T04:29:26+00:00,Monday,4,4,1.0,1.0,2.0,,,0
u15,2013-04-10T05:00:17+00:00,Wednesday,5,5,2.0,1.0,2.0,,,0
u15,2013-04-17T03:03:05+00:00,Wednesday,3,5,2.0,1.0,2.0,,,0
u15,2013-04-18T20:15:43+00:00,Thursday,20,5,2.0,1.0,2.0,,,0
u16,2013-04-01T18:02:50+00:00,Monday,18,3,3.0,1.0,,,,0
u16,2013-04-03T03:19:52+00:00,Wednesday,3,1,2.0,2.0,1.0,,,0
u16,2013-04-03T22:01:17+00:00,Wednesday,22,3,3.0,1.0,,,,0
u16,2013-04-04T02:42:10+00:00,Thursday,2,3,3.0,1.0,,,,0
u16,2013-04-05T02:32:39+00:00,Friday,2,1,3.0,2.0,2.0,,,0
u16,2013-04-05T23:34:01+00:00,Friday,23,3,3.0,1.0,,,,0
u16,2013-04-07T01:51:22+00:00,Sunday,1,1,2.0,2.0,2.0,,,0
u16,2013-04-08T00:04:07+00:00,Monday,0,1,2.0,2.0,2.0,,,0
u16,2013-04-08T19:40:25+00:00,Monday,19,3,3.0,1.0,,,,0
u16,2013-04-10T02:31:23+00:00,Wednesday,2,5,4.0,2.0,2.0,,,0
u16,2013-04-10T17:50:14+00:00,Wednesday,17,1,3.0,2.0,1.0,,,0
u16,2013-04-11T23:15:04+00:00,Thursday,23,1,3.0,2.0,2.0,,,0
u16,2013-04-16T02:39:31+00:00,Tuesday,2,1,2.0,2.0,,,,0
u16,2013-04-17T02:08:40+00:00,Wednesday,2,5,5.0,1.0,,,,0
u16,2013-04-18T02:33:45+00:00,Thursday,2,3,4.0,1.0,,,,0
u16,2013-04-18T20:39:40+00:00,Thursday,20,1,3.0,2.0,2.0,,,1
u16,2013-04-20T16:47:16+00:00,Saturday,16,3,3.0,1.0,,43.70381863,-72.2910568,1
u16,2013-04-21T20:39:37+00:00,Sunday,20,1,2.0,2.0,1.0,43.70379379,-72.29137476,1
u16,2013-04-22T04:05:45+00:00,Monday,4,1,2.0,2.0,1.0,43.70388114,-72.29106228,1
u16,2013-04-24T06:26:03+00:00,Wednesday,6,5,5.0,1.0,1.0,43.70374487,-72.29078214,1
u16,2013-04-26T06:14:41+00:00,Friday,6,1,2.0,2.0,2.0,43.70381392,-72.29084126,1
u16,2013-04-27T00:10:44+00:00,Saturday,0,1,2.0,2.0,1.0,43.70383449,-72.29122954,1
u16,2013-04-28T00:42:44+00:00,Sunday,0,1,2.0,2.0,2.0,43.70376923,-72.29082966,1
u16,2013-04-29T02:01:18+00:00,Monday,2,1,2.0,2.0,1.0,43.70378913,-72.29087644,1
u16,2013-04-30T02:00:23+00:00,Tuesday,2,1,2.0,2.0,2.0,43.70688467,-72.28732802,1
u16,2013-05-07T00:50:27+00:00,Tuesday,0,1,2.0,2.0,1.0,43.70695327,-72.28825554,1
u16,2013-05-08T18:38:26+00:00,Wednesday,18,4,3.0,1.0,,43.70444528,-72.29050901,1
u16,2013-05-12T19:15:22+00:00,Sunday,19,1,3.0,2.0,2.0,,,0
u16,2013-05-13T19:05:51+00:00,Monday,19,1,3.0,2.0,2.0,43.70339979,-72.28817654,1
u16,2013-05-15T04:04:54+00:00,Wednesday,4,1,2.0,1.0,2.0,43.70391463,-72.28988644,1
u16,2013-05-16T04:33:23+00:00,Thursday,4,3,2.0,1.0,,43.70374249,-72.29050587,1
u16,2013-05-17T05:06:22+00:00,Friday,5,1,2.0,2.0,2.0,,,0
u16,2013-05-17T19:25:51+00:00,Friday,19,3,2.0,1.0,,,,0
u16,2013-05-20T22:01:58+00:00,Monday,22,1,2.0,2.0,2.0,,,0
u16,2013-05-25T20:17:31+00:00,Saturday,20,1,2.0,2.0,2.0,43.70392831,-72.29052029,1
u16,2013-05-26T21:22:36+00:00,Sunday,21,1,2.0,2.0,2.0,43.70395666,-72.29093617,1
u16,2013-05-27T21:21:17+00:00,Monday,21,1,2.0,2.0,2.0,43.70390249,-72.29064079,1
u16,2013-05-29T22:23:32+00:00,Wednesday,22,1,1.0,2.0,2.0,43.68753666,-72.29250241,1
u17,2013-04-03T17:41:02+00:00,Wednesday,17,1,3.0,2.0,1.0,,,0
u17,2013-04-09T05:54:24+00:00,Tuesday,5,1,3.0,2.0,1.0,,,0
u17,2013-04-09T05:54:25+00:00,Tuesday,5,1,3.0,2.0,1.0,,,0
u17,2013-04-09T05:54:30+00:00,Tuesday,5,1,3.0,2.0,1.0,,,0
u17,2013-04-09T05:54:32+00:00,Tuesday,5,1,3.0,2.0,1.0,,,0
u17,2013-04-09T05:54:34+00:00,Tuesday,5,1,3.0,2.0,1.0,,,0
u17,2013-04-13T19:32:33+00:00,Saturday,19,1,4.0,2.0,1.0,,,0
u17,2013-04-15T17:48:53+00:00,Monday,17,3,3.0,1.0,2.0,,,0
u17,2013-04-16T23:51:18+00:00,Tuesday,23,1,2.0,2.0,1.0,,,0
u17,2013-04-17T02:31:23+00:00,Wednesday,2,1,3.0,2.0,1.0,,,0
u17,2013-04-19T02:36:22+00:00,Friday,2,1,3.0,2.0,1.0,43.70237732,-72.28914013,1
u17,2013-04-20T19:46:16+00:00,Saturday,19,1,3.0,2.0,1.0,,,0
u17,2013-04-21T10:16:39+00:00,Sunday,10,2,3.0,1.0,2.0,,,0
u17,2013-04-21T22:10:08+00:00,Sunday,22,2,3.0,1.0,2.0,,,0
u17,2013-04-27T00:50:03+00:00,Saturday,0,1,3.0,2.0,1.0,43.70685225,-72.28683238,1
u17,2013-04-28T00:23:09+00:00,Sunday,0,1,2.0,2.0,1.0,43.70366438,-72.2901632,1
u17,2013-04-29T04:32:45+00:00,Monday,4,1,3.0,2.0,1.0,,,0
u17,2013-04-30T03:45:31+00:00,Tuesday,3,1,2.0,2.0,1.0,,,0
u17,2013-05-08T00:46:24+00:00,Wednesday,0,1,2.0,2.0,1.0,43.70177529,-72.28874021,1
u17,2013-05-26T22:06:15+00:00,Sunday,22,1,1.0,2.0,1.0,,,0
u17,2013-05-31T04:37:46+00:00,Friday,4,1,1.0,2.0,1.0,43.70583041,-72.28925846,1
u18,2013-04-03T02:57:21+00:00,Wednesday,2,3,3.0,1.0,,,,0
u18,2013-04-04T03:57:18+00:00,Thursday,3,4,3.0,1.0,2.0,,,0
u18,2013-04-05T18:13:24+00:00,Friday,18,4,2.0,1.0,2.0,,,0
u18,2013-04-08T04:11:23+00:00,Monday,4,1,1.0,2.0,,,,0
u18,2013-04-08T04:11:31+00:00,Monday,4,1,2.0,2.0,,,,0
u18,2013-04-09T04:08:34+00:00,Tuesday,4,3,3.0,1.0,2.0,,,0
u18,2013-04-09T23:54:38+00:00,Tuesday,23,3,2.0,1.0,2.0,,,0
u18,2013-04-12T02:43:57+00:00,Friday,2,3,3.0,1.0,2.0,,,0
u18,2013-04-18T17:13:22+00:00,Thursday,17,1,2.0,2.0,1.0,,,0
u18,2013-04-19T03:25:23+00:00,Friday,3,3,3.0,1.0,2.0,43.70264346,-72.28707,1
u19,2013-04-02T04:12:17+00:00,Tuesday,4,5,2.0,1.0,,,,0
u19,2013-04-03T02:01:09+00:00,Wednesday,2,1,3.0,2.0,1.0,,,0
u19,2013-04-04T08:13:57+00:00,Thursday,8,5,3.0,1.0,2.0,,,0
u19,2013-04-05T01:43:49+00:00,Friday,1,1,3.0,2.0,1.0,,,0
u19,2013-04-05T02:21:37+00:00,Friday,2,1,1.0,2.0,1.0,,,0
u19,2013-04-06T03:24:59+00:00,Saturday,3,5,3.0,1.0,,,,0
u19,2013-04-08T08:32:49+00:00,Monday,8,1,2.0,2.0,1.0,,,0
u19,2013-04-09T03:06:23+00:00,Tuesday,3,5,2.0,1.0,,,,0
u19,2013-04-10T00:46:04+00:00,Wednesday,0,2,3.0,1.0,,,,0
u19,2013-04-10T05:04:09+00:00,Wednesday,5,1,3.0,2.0,2.0,,,0
u19,2013-04-11T09:01:48+00:00,Thursday,9,5,3.0,1.0,,,,0
u19,2013-04-12T07:14:44+00:00,Friday,7,3,2.0,1.0,2.0,,,0
u19,2013-04-13T01:51:34+00:00,Saturday,1,4,3.0,1.0,,,,0
u19,2013-04-16T03:18:41+00:00,Tuesday,3,5,2.0,1.0,,,,0
u19,2013-04-17T02:25:06+00:00,Wednesday,2,1,3.0,2.0,1.0,,,0
u19,2013-04-18T03:05:59+00:00,Thursday,3,5,3.0,1.0,2.0,,,0
u19,2013-04-19T04:19:30+00:00,Friday,4,2,3.0,1.0,,43.70576649,-72.28783793,1
u19,2013-04-20T02:37:50+00:00,Saturday,2,5,2.0,1.0,,43.70661361,-72.2859456,1
u19,2013-04-21T08:13:10+00:00,Sunday,8,5,2.0,1.0,,43.7067391,-72.28556913,1
u19,2013-04-23T00:49:27+00:00,Tuesday,0,4,3.0,1.0,,43.70676468,-72.28542565,1
u19,2013-04-24T06:00:10+00:00,Wednesday,6,1,3.0,2.0,1.0,43.70453889,-72.28787543,1
u19,2013-04-27T03:24:35+00:00,Saturday,3,5,2.0,1.0,2.0,43.70708146,-72.2859818,1
u19,2013-04-28T23:34:57+00:00,Sunday,23,5,2.0,1.0,2.0,43.70670747,-72.28550624,1
u19,2013-04-30T03:04:28+00:00,Tuesday,3,5,2.0,1.0,2.0,43.70729551,-72.28748503,1
u19,2013-05-03T18:49:30+00:00,Friday,18,1,3.0,2.0,1.0,43.70690988,-72.28699822,1
u19,2013-05-04T02:47:37+00:00,Saturday,2,4,2.0,1.0,2.0,43.70705362,-72.28594706,1
u19,2013-05-05T07:53:39+00:00,Sunday,7,5,3.0,1.0,2.0,43.70691192,-72.28587513,1
u19,2013-05-06T05:09:15+00:00,Monday,5,5,3.0,1.0,2.0,43.70706308,-72.28596174,1
u19,2013-05-07T00:04:45+00:00,Tuesday,0,1,2.0,2.0,1.0,43.70727285,-72.28621797,1
u19,2013-05-08T00:05:50+00:00,Wednesday,0,1,3.0,2.0,1.0,43.70733979,-72.28607989,1
u19,2013-05-11T05:06:37+00:00,Saturday,5,3,2.0,1.0,2.0,43.70700456,-72.28598088,1
u19,2013-05-14T03:16:43+00:00,Tuesday,3,4,2.0,1.0,2.0,43.70670191,-72.28568105,1
u19,2013-05-15T05:06:38+00:00,Wednesday,5,1,2.0,2.0,1.0,43.70120165,-72.28667414,1
u19,2013-05-17T04:02:12+00:00,Friday,4,1,2.0,2.0,1.0,43.70709415,-72.28737229,1
u19,2013-05-18T04:11:19+00:00,Saturday,4,1,2.0,2.0,1.0,43.70161344,-72.28714129,1
u19,2013-05-18T22:28:43+00:00,Saturday,22,1,2.0,2.0,,43.70680509,-72.28557325,1
u19,2013-05-21T06:01:41+00:00,Tuesday,6,4,2.0,1.0,2.0,43.70708213,-72.2859049,1
u19,2013-05-22T08:09:56+00:00,Wednesday,8,1,2.0,2.0,1.0,43.7040776,-72.29042456,1
u19,2013-05-23T08:02:07+00:00,Thursday,8,2,2.0,1.0,,43.7066368,-72.2855942,1
u19,2013-05-24T08:14:53+00:00,Friday,8,1,2.0,2.0,1.0,,,0
u19,2013-05-25T20:04:57+00:00,Saturday,20,1,1.0,2.0,1.0,43.70706719,-72.28602375,1
u19,2013-05-26T09:52:23+00:00,Sunday,9,1,2.0,2.0,1.0,43.70709334,-72.28524117,1
u19,2013-05-29T18:34:11+00:00,Wednesday,18,1,2.0,2.0,1.0,43.70689977,-72.28714289,1
u19,2013-05-31T07:12:13+00:00,Friday,7,1,2.0,2.0,1.0,43.70696465,-72.28583899,1
u20,2013-04-02T04:00:22+00:00,Tuesday,4,1,3.0,2.0,2.0,,,0
u20,2013-04-03T02:21:10+00:00,Wednesday,2,3,3.0,2.0,2.0,,,0
u20,2013-04-08T01:45:07+00:00,Monday,1,4,2.0,2.0,2.0,,,0
u22,2013-04-02T04:43:56+00:00,Tuesday,4,1,1.0,2.0,2.0,,,0
u22,2013-04-03T02:29:00+00:00,Wednesday,2,3,1.0,1.0,2.0,,,0
u22,2013-04-04T02:01:29+00:00,Thursday,2,1,1.0,2.0,2.0,,,0
u22,2013-04-04T22:14:30+00:00,Thursday,22,3,1.0,1.0,2.0,,,0
u22,2013-04-05T02:00:25+00:00,Friday,2,3,1.0,1.0,2.0,,,0
u22,2013-04-06T02:15:52+00:00,Saturday,2,1,1.0,2.0,2.0,,,0
u22,2013-04-07T00:51:34+00:00,Sunday,0,1,1.0,2.0,2.0,,,0
u22,2013-04-08T01:36:11+00:00,Monday,1,3,1.0,1.0,2.0,,,0
u22,2013-04-08T22:29:19+00:00,Monday,22,1,1.0,2.0,2.0,,,0
u22,2013-04-09T23:56:38+00:00,Tuesday,23,3,1.0,1.0,2.0,,,0
u22,2013-04-11T00:07:37+00:00,Thursday,0,1,1.0,2.0,2.0,,,0
u22,2013-04-12T00:56:10+00:00,Friday,0,3,1.0,1.0,2.0,,,0
u22,2013-04-15T04:34:58+00:00,Monday,4,3,1.0,1.0,2.0,,,0
u22,2013-04-17T02:24:16+00:00,Wednesday,2,3,1.0,1.0,2.0,,,0
u22,2013-04-19T04:00:49+00:00,Friday,4,3,1.0,1.0,2.0,43.70426635,-72.29067159,1
u22,2013-04-21T02:31:31+00:00,Sunday,2,3,1.0,1.0,2.0,43.70290451,-72.29009473,1
u22,2013-04-24T07:59:10+00:00,Wednesday,7,3,1.0,1.0,2.0,43.70440331,-72.29084007,1
u22,2013-04-27T00:00:14+00:00,Saturday,0,1,1.0,2.0,2.0,42.34645192,-71.06042379,1
u22,2013-05-08T00:02:29+00:00,Wednesday,0,3,1.0,1.0,2.0,43.70402702,-72.2905121,1
u22,2013-05-27T20:05:57+00:00,Monday,20,1,1.0,2.0,1.0,,,0
u23,2013-04-02T00:30:35+00:00,Tuesday,0,1,1.0,2.0,2.0,,,0
u23,2013-04-02T00:30:39+00:00,Tuesday,0,1,2.0,,,,,0
u23,2013-04-02T04:15:29+00:00,Tuesday,4,1,1.0,2.0,2.0,,,0
u23,2013-04-03T00:43:43+00:00,Wednesday,0,1,1.0,2.0,2.0,,,0
u23,2013-04-03T17:35:09+00:00,Wednesday,17,1,2.0,2.0,1.0,,,0
u23,2013-04-04T03:54:33+00:00,Thursday,3,1,1.0,2.0,2.0,,,0
u23,2013-04-05T02:01:12+00:00,Friday,2,1,1.0,2.0,2.0,,,0
u23,2013-04-06T01:10:35+00:00,Saturday,1,1,1.0,2.0,2.0,,,0
u23,2013-04-07T04:15:58+00:00,Sunday,4,1,1.0,2.0,2.0,,,0
u23,2013-04-08T00:01:00+00:00,Monday,0,2,3.0,2.0,2.0,,,0
u23,2013-04-08T02:53:47+00:00,Monday,2,3,2.0,1.0,2.0,,,0
u23,2013-04-10T05:00:34+00:00,Wednesday,5,1,1.0,2.0,2.0,,,0
u23,2013-04-14T06:00:30+00:00,Sunday,6,3,2.0,1.0,2.0,,,0
u23,2013-04-17T02:15:42+00:00,Wednesday,2,1,1.0,,,,,0
u23,2013-04-19T05:33:07+00:00,Friday,5,1,1.0,,,43.70547625,-72.28332242,1
u23,2013-04-22T04:00:30+00:00,Monday,4,1,1.0,,,43.70531979,-72.28326262,1
u23,2013-04-24T05:59:36+00:00,Wednesday,5,1,1.0,,,43.70550562,-72.28313413,1
u24,2013-04-01T19:06:32+00:00,Monday,19,1,1.0,2.0,1.0,,,0
u24,2013-04-03T21:35:17+00:00,Wednesday,21,1,3.0,2.0,1.0,,,0
u24,2013-04-05T03:43:03+00:00,Friday,3,1,2.0,2.0,1.0,,,0
u24,2013-04-07T22:06:27+00:00,Sunday,22,4,3.0,1.0,,,,0
u24,2013-04-12T08:14:18+00:00,Friday,8,2,2.0,1.0,,,,0
u24,2013-04-12T16:55:08+00:00,Friday,16,3,2.0,1.0,,,,0
u24,2013-04-13T20:58:23+00:00,Saturday,20,3,2.0,1.0,,,,0
u24,2013-04-14T23:01:23+00:00,Sunday,23,1,2.0,2.0,2.0,,,0
u24,2013-04-18T02:00:43+00:00,Thursday,2,1,2.0,2.0,1.0,,,0
u25,2013-04-02T02:16:44+00:00,Tuesday,2,4,3.0,1.0,,,,0
u25,2013-04-04T02:36:39+00:00,Thursday,2,5,2.0,1.0,,,,0
u25,2013-04-05T03:42:16+00:00,Friday,3,5,2.0,1.0,,,,0
u25,2013-04-08T22:13:50+00:00,Monday,22,5,2.0,1.0,,,,0
u25,2013-04-22T04:08:53+00:00,Monday,4,1,2.0,2.0,1.0,43.70682898,-72.2876686,1
u27,2013-04-02T04:06:21+00:00,Tuesday,4,1,3.0,2.0,1.0,,,0
u27,2013-04-03T02:18:05+00:00,Wednesday,2,1,2.0,2.0,1.0,,,0
u27,2013-04-04T02:51:17+00:00,Thursday,2,1,2.0,2.0,2.0,,,0
u27,2013-04-15T10:19:51+00:00,Monday,10,1,2.0,2.0,2.0,,,0
u27,2013-04-18T03:59:43+00:00,Thursday,3,1,1.0,2.0,1.0,,,0
u27,2013-04-19T04:06:49+00:00,Friday,4,1,1.0,2.0,1.0,43.70397962,-72.28593035,1
u27,2013-04-21T02:19:35+00:00,Sunday,2,1,1.0,2.0,1.0,43.70387421,-72.28565294,1
u27,2013-04-22T04:19:44+00:00,Monday,4,1,1.0,2.0,1.0,43.70356921,-72.28639414,1
u27,2013-04-28T01:21:42+00:00,Sunday,1,1,1.0,2.0,1.0,43.70552478,-72.28974476,1
u27,2013-04-29T02:09:23+00:00,Monday,2,1,1.0,2.0,1.0,43.70401485,-72.28565495,1
u27,2013-05-04T04:44:54+00:00,Saturday,4,1,1.0,2.0,1.0,43.70317223,-72.28692052,1
u30,2013-04-03T18:56:44+00:00,Wednesday,18,1,3.0,2.0,1.0,,,0
u30,2013-04-06T22:01:57+00:00,Saturday,22,1,3.0,2.0,1.0,,,0
u30,2013-04-06T22:02:01+00:00,Saturday,22,1,3.0,2.0,1.0,,,0
u30,2013-04-10T19:24:19+00:00,Wednesday,19,3,2.0,1.0,,,,0
u30,2013-04-17T03:02:26+00:00,Wednesday,3,1,2.0,2.0,1.0,,,0
u30,2013-04-27T02:59:48+00:00,Saturday,2,3,3.0,1.0,,43.71728912,-72.27389189,1
u31,2013-04-02T01:55:16+00:00,Tuesday,1,4,2.0,1.0,2.0,,,0
u31,2013-04-04T02:01:16+00:00,Thursday,2,2,3.0,2.0,1.0,,,0
u31,2013-04-05T02:00:22+00:00,Friday,2,2,2.0,2.0,2.0,,,0
u31,2013-04-06T02:01:51+00:00,Saturday,2,2,3.0,2.0,2.0,,,0
u31,2013-04-06T22:45:17+00:00,Saturday,22,4,4.0,1.0,2.0,,,0
u31,2013-04-16T02:31:31+00:00,Tuesday,2,5,5.0,1.0,2.0,,,0
u31,2013-04-17T02:06:54+00:00,Wednesday,2,3,2.0,2.0,2.0,,,0
u31,2013-04-18T02:05:48+00:00,Thursday,2,2,2.0,2.0,1.0,,,0
u32,2013-04-02T04:16:50+00:00,Tuesday,4,1,1.0,2.0,2.0,,,0
u32,2013-04-03T02:19:13+00:00,Wednesday,2,1,2.0,2.0,2.0,,,0
u32,2013-04-04T03:24:18+00:00,Thursday,3,1,2.0,2.0,2.0,,,0
u32,2013-04-05T04:12:52+00:00,Friday,4,1,2.0,2.0,2.0,,,0
u32,2013-04-08T00:13:56+00:00,Monday,0,1,2.0,2.0,2.0,,,0
u32,2013-04-10T07:56:44+00:00,Wednesday,7,1,2.0,2.0,2.0,,,0
u32,2013-04-12T17:42:09+00:00,Friday,17,1,2.0,2.0,2.0,,,0
u32,2013-04-13T07:43:10+00:00,Saturday,7,1,2.0,2.0,2.0,,,0
u32,2013-04-15T07:51:14+00:00,Monday,7,2,2.0,1.0,,,,0
u32,2013-04-17T08:27:03+00:00,Wednesday,8,1,2.0,2.0,2.0,,,0
u32,2013-04-20T17:54:30+00:00,Saturday,17,2,2.0,1.0,,43.70587544,-72.2911665,1
u32,2013-04-21T02:50:27+00:00,Sunday,2,3,2.0,1.0,,43.70587544,-72.2911665,1
u32,2013-04-22T05:29:51+00:00,Monday,5,1,2.0,2.0,2.0,43.7031993,-72.2904444,1
u32,2013-04-23T04:21:00+00:00,Tuesday,4,3,2.0,1.0,,43.7031993,-72.2904444,1
u32,2013-04-26T07:42:08+00:00,Friday,7,1,2.0,2.0,2.0,43.70608389,-72.29104393,1
u32,2013-04-29T02:21:28+00:00,Monday,2,1,2.0,2.0,2.0,43.70301955,-72.29020739,1
u32,2013-04-29T02:21:51+00:00,Monday,2,1,2.0,2.0,2.0,43.70301955,-72.29020739,1
u32,2013-05-06T08:52:20+00:00,Monday,8,1,2.0,2.0,2.0,43.70389513,-72.29041685,1
u32,2013-05-08T02:16:19+00:00,Wednesday,2,1,2.0,2.0,2.0,43.70690225,-72.28707856,1
u32,2013-05-16T04:48:46+00:00,Thursday,4,1,2.0,2.0,2.0,43.70333692,-72.29043048,1
u32,2013-05-19T22:31:21+00:00,Sunday,22,1,3.0,2.0,2.0,,,0
u32,2013-05-19T22:31:36+00:00,Sunday,22,1,3.0,2.0,2.0,,,0
u32,2013-05-28T20:13:28+00:00,Tuesday,20,2,2.0,1.0,,43.70450738,-72.29025958,1
u32,2013-05-29T21:29:38+00:00,Wednesday,21,1,2.0,2.0,2.0,43.70602974,-72.28961179,1
u32,2013-05-30T22:47:44+00:00,Thursday,22,3,2.0,1.0,2.0,43.70605254,-72.28941754,1
u33,2013-04-02T04:04:53+00:00,Tuesday,4,1,2.0,2.0,2.0,,,0
u33,2013-04-03T02:08:47+00:00,Wednesday,2,1,1.0,2.0,2.0,,,0
u33,2013-04-04T05:48:17+00:00,Thursday,5,1,3.0,2.0,2.0,,,0
u33,2013-04-05T02:23:53+00:00,Friday,2,1,2.0,2.0,2.0,,,0
u33,2013-04-06T01:46:41+00:00,Saturday,1,1,3.0,2.0,2.0,,,0
u33,2013-04-07T00:00:38+00:00,Sunday,0,1,2.0,2.0,1.0,,,0
u33,2013-04-08T00:00:10+00:00,Monday,0,1,1.0,2.0,2.0,,,0
u33,2013-04-09T06:06:18+00:00,Tuesday,6,1,3.0,2.0,2.0,,,0
u33,2013-04-10T05:07:08+00:00,Wednesday,5,1,2.0,2.0,1.0,,,0
u33,2013-04-11T05:59:48+00:00,Thursday,5,1,3.0,2.0,2.0,,,0
u33,2013-04-12T05:51:46+00:00,Friday,5,1,3.0,2.0,2.0,,,0
u33,2013-04-13T03:48:08+00:00,Saturday,3,1,3.0,2.0,2.0,,,0
u33,2013-04-14T04:31:42+00:00,Sunday,4,1,1.0,2.0,2.0,,,0
u33,2013-04-15T12:51:44+00:00,Monday,12,1,1.0,2.0,2.0,,,0
u33,2013-04-16T11:52:14+00:00,Tuesday,11,1,3.0,2.0,1.0,,,0
u33,2013-04-17T02:00:07+00:00,Wednesday,2,1,1.0,2.0,2.0,,,0
u33,2013-04-18T05:50:24+00:00,Thursday,5,1,3.0,2.0,2.0,,,0
u33,2013-04-19T04:50:44+00:00,Friday,4,1,3.0,2.0,2.0,43.70746347,-72.28509434,1
u33,2013-04-20T09:43:27+00:00,Saturday,9,1,3.0,2.0,1.0,43.70375648,-72.29575915,1
u33,2013-04-21T02:40:51+00:00,Sunday,2,1,1.0,2.0,2.0,43.70378828,-72.29600636,1
u33,2013-04-22T04:00:29+00:00,Monday,4,1,3.0,2.0,1.0,43.70364552,-72.29593922,1
u33,2013-04-24T10:05:05+00:00,Wednesday,10,1,3.0,2.0,1.0,43.70371045,-72.29605661,1
u33,2013-04-27T00:12:28+00:00,Saturday,0,1,4.0,2.0,1.0,43.70094652,-72.28957887,1
u33,2013-04-30T02:21:19+00:00,Tuesday,2,1,2.0,2.0,2.0,43.70489887,-72.29225887,1
u33,2013-05-04T06:21:11+00:00,Saturday,6,1,2.0,2.0,2.0,43.70583433,-72.28880318,1
u33,2013-05-05T04:00:25+00:00,Sunday,4,1,2.0,2.0,2.0,43.70583433,-72.28880318,1
u33,2013-05-07T00:21:44+00:00,Tuesday,0,1,3.0,2.0,1.0,43.70353749,-72.29596044,1
u33,2013-05-07T01:01:52+00:00,Tuesday,1,1,3.0,2.0,1.0,43.70353749,-72.29596044,1
u33,2013-05-08T00:21:35+00:00,Wednesday,0,2,3.0,1.0,,43.70358127,-72.29612226,1
u33,2013-05-13T22:28:09+00:00,Monday,22,5,5.0,1.0,2.0,43.70416591,-72.29582511,1
u33,2013-05-15T03:59:22+00:00,Wednesday,3,1,1.0,2.0,1.0,43.70368448,-72.29611307,1
u33,2013-05-18T22:12:25+00:00,Saturday,22,1,2.0,2.0,2.0,43.70340016,-72.29598785,1
u33,2013-05-30T02:22:36+00:00,Thursday,2,1,3.0,2.0,2.0,,,0
u33,2013-05-31T20:56:28+00:00,Friday,20,1,1.0,2.0,2.0,43.70369562,-72.29580718,1
u34,2013-04-04T03:25:15+00:00,Thursday,3,1,3.0,2.0,2.0,,,0
u34,2013-04-06T02:57:57+00:00,Saturday,2,3,4.0,2.0,2.0,,,0
u34,2013-04-28T00:27:38+00:00,Sunday,0,1,3.0,2.0,2.0,,,0
u35,2013-04-02T04:47:27+00:00,Tuesday,4,1,2.0,2.0,1.0,,,0
u35,2013-04-04T02:50:50+00:00,Thursday,2,1,2.0,2.0,1.0,,,0
u35,2013-04-05T03:44:39+00:00,Friday,3,1,3.0,2.0,1.0,,,0
u35,2013-04-08T05:53:15+00:00,Monday,5,1,4.0,2.0,2.0,,,0
u35,2013-04-08T05:53:17+00:00,Monday,5,1,2.0,2.0,2.0,,,0
u35,2013-04-08T05:53:24+00:00,Monday,5,1,4.0,2.0,2.0,,,0
u35,2013-04-08T05:53:26+00:00,Monday,5,1,2.0,2.0,2.0,,,0
u35,2013-04-21T22:23:21+00:00,Sunday,22,1,4.0,2.0,2.0,43.70554288,-72.28320827,1
u35,2013-04-27T19:04:35+00:00,Saturday,19,1,2.0,2.0,2.0,43.70553437,-72.28348632,1
u35,2013-05-07T00:03:15+00:00,Tuesday,0,5,5.0,1.0,2.0,43.70696392,-72.28734398,1
u36,2013-04-02T06:51:27+00:00,Tuesday,6,3,2.0,2.0,1.0,,,0
u36,2013-04-03T02:18:14+00:00,Wednesday,2,2,2.0,2.0,1.0,,,0
u36,2013-04-04T02:13:57+00:00,Thursday,2,2,2.0,2.0,1.0,,,0
u36,2013-04-05T02:03:36+00:00,Friday,2,2,2.0,2.0,1.0,,,0
u36,2013-04-06T02:04:54+00:00,Saturday,2,2,2.0,2.0,1.0,,,0
u36,2013-04-07T00:42:54+00:00,Sunday,0,2,2.0,2.0,1.0,,,0
u36,2013-04-08T00:51:31+00:00,Monday,0,3,3.0,2.0,1.0,,,0
u36,2013-04-10T05:34:55+00:00,Wednesday,5,3,3.0,2.0,1.0,,,0
u36,2013-04-13T03:53:01+00:00,Saturday,3,2,2.0,2.0,1.0,,,0
u36,2013-04-14T02:32:31+00:00,Sunday,2,2,2.0,2.0,1.0,,,0
u36,2013-04-15T23:17:59+00:00,Monday,23,3,3.0,2.0,1.0,,,0
u36,2013-04-17T02:00:41+00:00,Wednesday,2,3,3.0,2.0,1.0,,,0
u36,2013-04-18T02:19:04+00:00,Thursday,2,3,3.0,2.0,,,,0
u36,2013-04-27T00:27:46+00:00,Saturday,0,2,2.0,2.0,1.0,43.70654909,-72.28710478,1
u36,2013-04-28T00:11:49+00:00,Sunday,0,2,2.0,2.0,,43.70674054,-72.28704712,1
u36,2013-04-29T04:31:17+00:00,Monday,4,3,3.0,1.0,2.0,43.71658745,-72.27561069,1
u36,2013-04-30T02:29:32+00:00,Tuesday,2,2,2.0,2.0,1.0,43.70666412,-72.28708106,1
u36,2013-05-01T04:37:42+00:00,Wednesday,4,3,3.0,1.0,2.0,43.7064439,-72.28686698,1
u36,2013-05-07T01:39:31+00:00,Tuesday,1,2,2.0,2.0,1.0,43.70671604,-72.28706727,1
u36,2013-05-16T05:46:43+00:00,Thursday,5,2,2.0,2.0,1.0,43.70660881,-72.28706869,1
u36,2013-05-17T04:02:18+00:00,Friday,4,2,2.0,1.0,2.0,43.65178229,-72.30992795,1
u36,2013-05-18T04:24:47+00:00,Saturday,4,2,2.0,2.0,2.0,43.65193359,-72.30987428,1
u36,2013-05-26T21:20:36+00:00,Sunday,21,5,5.0,1.0,2.0,43.71412072,-72.28619364,1
u36,2013-05-27T22:43:33+00:00,Monday,22,2,2.0,2.0,1.0,43.70669933,-72.28662273,1
u39,2013-04-10T03:45:45+00:00,Wednesday,3,1,1.0,2.0,2.0,,,0
u39,2013-04-10T03:45:48+00:00,Wednesday,3,1,1.0,2.0,2.0,,,0
u39,2013-04-10T04:24:44+00:00,Wednesday,4,1,1.0,2.0,2.0,,,0
u39,2013-04-10T04:24:46+00:00,Wednesday,4,1,1.0,2.0,2.0,,,0
u39,2013-04-13T06:05:08+00:00,Saturday,6,1,1.0,2.0,2.0,,,0
u39,2013-04-16T04:21:11+00:00,Tuesday,4,1,1.0,1.0,1.0,,,0
u39,2013-04-17T06:34:02+00:00,Wednesday,6,1,1.0,2.0,2.0,,,0
u39,2013-04-24T18:52:39+00:00,Wednesday,18,1,1.0,2.0,2.0,43.65167079,-72.31001806,1
u39,2013-04-25T20:32:15+00:00,Thursday,20,1,1.0,2.0,2.0,43.70691563,-72.28615388,1
u41,2013-04-04T02:03:29+00:00,Thursday,2,3,3.0,1.0,2.0,,,0
u42,2013-04-03T02:41:08+00:00,Wednesday,2,1,3.0,2.0,2.0,,,0
u42,2013-04-04T02:10:07+00:00,Thursday,2,1,2.0,2.0,2.0,,,0
u42,2013-04-06T02:57:51+00:00,Saturday,2,2,2.0,2.0,2.0,,,0
u42,2013-04-22T04:12:23+00:00,Monday,4,1,2.0,2.0,2.0,43.65853317,-72.24871692,1
u42,2013-04-28T00:34:16+00:00,Sunday,0,1,2.0,2.0,2.0,,,0
u42,2013-04-29T02:00:16+00:00,Monday,2,1,1.0,2.0,2.0,43.65870035,-72.24874161,1
u42,2013-04-30T02:32:38+00:00,Tuesday,2,1,1.0,2.0,2.0,43.69934723,-72.29020758,1
u42,2013-05-08T00:17:06+00:00,Wednesday,0,1,1.0,2.0,2.0,,,0
u42,2013-05-13T19:40:28+00:00,Monday,19,1,5.0,2.0,2.0,43.66723918,-72.25923325,1
u42,2013-05-13T19:40:41+00:00,Monday,19,1,5.0,2.0,2.0,43.66723918,-72.25923325,1
u42,2013-05-29T20:00:10+00:00,Wednesday,20,1,1.0,2.0,2.0,43.67176007,-72.26386586,1
u43,2013-04-02T01:37:19+00:00,Tuesday,1,1,3.0,2.0,2.0,,,0
u43,2013-04-02T04:07:14+00:00,Tuesday,4,1,3.0,2.0,2.0,,,0
u43,2013-04-03T02:29:30+00:00,Wednesday,2,1,2.0,2.0,2.0,,,0
u43,2013-04-03T19:47:35+00:00,Wednesday,19,1,3.0,2.0,2.0,,,0
u43,2013-04-04T00:40:04+00:00,Thursday,0,1,2.0,2.0,2.0,,,0
u43,2013-04-04T02:03:09+00:00,Thursday,2,1,2.0,2.0,2.0,,,0
u43,2013-04-04T23:10:58+00:00,Thursday,23,1,2.0,2.0,2.0,,,0
u43,2013-04-05T02:03:07+00:00,Friday,2,1,2.0,2.0,2.0,,,0
u43,2013-04-05T20:49:25+00:00,Friday,20,1,3.0,2.0,2.0,,,0
u43,2013-04-06T04:23:19+00:00,Saturday,4,1,3.0,2.0,2.0,,,0
u43,2013-04-07T00:38:36+00:00,Sunday,0,1,3.0,2.0,2.0,,,0
u43,2013-04-08T01:45:57+00:00,Monday,1,1,3.0,2.0,2.0,,,0
u43,2013-04-08T23:28:14+00:00,Monday,23,1,3.0,2.0,2.0,,,0
u43,2013-04-10T07:40:47+00:00,Wednesday,7,1,3.0,2.0,2.0,,,0
u43,2013-04-11T05:48:41+00:00,Thursday,5,1,3.0,2.0,2.0,,,0
u43,2013-04-12T02:49:51+00:00,Friday,2,1,3.0,2.0,2.0,,,0
u43,2013-04-13T05:23:51+00:00,Saturday,5,1,2.0,2.0,2.0,,,0
u43,2013-04-15T02:14:34+00:00,Monday,2,1,3.0,2.0,2.0,,,0
u43,2013-04-16T03:24:39+00:00,Tuesday,3,1,2.0,2.0,2.0,,,0
u43,2013-04-17T02:38:47+00:00,Wednesday,2,1,2.0,2.0,2.0,,,0
u43,2013-04-17T23:24:21+00:00,Wednesday,23,1,3.0,2.0,2.0,,,0
u43,2013-04-18T02:02:29+00:00,Thursday,2,1,3.0,2.0,2.0,,,0
u43,2013-04-19T04:04:17+00:00,Friday,4,1,3.0,2.0,2.0,43.70568693,-72.29135536,1
u43,2013-04-22T02:18:34+00:00,Monday,2,1,3.0,2.0,2.0,44.24401313,-69.80753861,1
u43,2013-04-22T04:43:46+00:00,Monday,4,1,3.0,2.0,2.0,,,0
u43,2013-04-24T06:31:15+00:00,Wednesday,6,1,3.0,2.0,2.0,43.70565801,-72.2912266,1
u43,2013-04-27T02:55:32+00:00,Saturday,2,1,4.0,2.0,2.0,43.70566341,-72.29149906,1
u43,2013-04-28T00:08:00+00:00,Sunday,0,1,3.0,2.0,2.0,43.70217417,-72.28803253,1
u43,2013-04-29T05:34:54+00:00,Monday,5,1,3.0,2.0,2.0,42.74186846,-71.20821987,1
u43,2013-04-30T02:14:04+00:00,Tuesday,2,1,3.0,2.0,2.0,43.705504,-72.29155831,1
u43,2013-05-04T04:00:26+00:00,Saturday,4,1,3.0,2.0,2.0,43.70551925,-72.2913828,1
u43,2013-05-18T22:27:27+00:00,Saturday,22,1,3.0,2.0,2.0,43.70293815,-72.29076426,1
u43,2013-05-19T22:11:48+00:00,Sunday,22,1,3.0,2.0,2.0,,,0
u43,2013-05-25T20:00:24+00:00,Saturday,20,1,3.0,2.0,2.0,43.70564182,-72.29120936,1
u44,2013-04-02T22:14:05+00:00,Tuesday,22,3,3.0,2.0,1.0,,,0
u44,2013-04-03T02:10:53+00:00,Wednesday,2,1,2.0,2.0,2.0,,,0
u44,2013-04-03T21:24:11+00:00,Wednesday,21,1,3.0,2.0,2.0,,,0
u44,2013-04-04T02:11:26+00:00,Thursday,2,1,3.0,2.0,2.0,,,0
u44,2013-04-04T23:29:43+00:00,Thursday,23,1,2.0,2.0,2.0,,,0
u44,2013-04-05T02:21:04+00:00,Friday,2,1,2.0,2.0,2.0,,,0
u44,2013-04-05T16:45:41+00:00,Friday,16,1,2.0,2.0,2.0,,,0
u44,2013-04-06T09:25:46+00:00,Saturday,9,1,3.0,2.0,2.0,,,0
u44,2013-04-07T00:21:10+00:00,Sunday,0,1,3.0,2.0,2.0,,,0
u44,2013-04-07T18:06:50+00:00,Sunday,18,1,3.0,2.0,2.0,,,0
u44,2013-04-08T01:38:21+00:00,Monday,1,1,2.0,2.0,2.0,,,0
u44,2013-04-09T07:03:41+00:00,Tuesday,7,1,3.0,2.0,2.0,,,0
u44,2013-04-10T06:36:02+00:00,Wednesday,6,1,3.0,2.0,2.0,,,0
u44,2013-04-11T02:34:43+00:00,Thursday,2,1,2.0,2.0,2.0,,,0
u44,2013-04-15T08:28:59+00:00,Monday,8,1,1.0,2.0,2.0,,,0
u44,2013-04-17T02:08:05+00:00,Wednesday,2,1,3.0,2.0,2.0,,,0
u44,2013-04-18T16:37:10+00:00,Thursday,16,3,3.0,1.0,2.0,,,0
u44,2013-04-19T04:04:35+00:00,Friday,4,3,3.0,1.0,2.0,43.69213733,-72.26689796,1
u44,2013-04-19T21:11:36+00:00,Friday,21,1,3.0,2.0,2.0,43.70311929,-72.28220394,1
u44,2013-04-21T02:14:49+00:00,Sunday,2,1,3.0,2.0,2.0,43.70938367,-72.28461173,1
u44,2013-04-21T17:09:09+00:00,Sunday,17,1,2.0,2.0,2.0,43.6926262,-72.26656479,1
u44,2013-04-22T04:26:28+00:00,Monday,4,1,3.0,2.0,2.0,43.69210219,-72.26702034,1
u44,2013-04-24T07:06:04+00:00,Wednesday,7,1,3.0,2.0,2.0,43.69236557,-72.26688975,1
u44,2013-04-25T02:49:56+00:00,Thursday,2,1,3.0,2.0,2.0,43.69935873,-72.28135033,1
u44,2013-04-26T03:09:42+00:00,Friday,3,1,3.0,2.0,2.0,43.6920329,-72.26703169,1
u44,2013-04-27T05:08:14+00:00,Saturday,5,1,3.0,2.0,2.0,43.69223254,-72.26690047,1
u44,2013-04-28T00:25:25+00:00,Sunday,0,1,2.0,2.0,2.0,,,0
u44,2013-04-29T02:54:59+00:00,Monday,2,1,2.0,2.0,2.0,43.69149444,-72.26930575,1
u44,2013-05-01T02:36:05+00:00,Wednesday,2,1,2.0,2.0,2.0,43.69226652,-72.2670805,1
u44,2013-05-02T02:47:10+00:00,Thursday,2,1,2.0,2.0,2.0,43.69226178,-72.26680454,1
u44,2013-05-04T03:30:47+00:00,Saturday,3,1,2.0,2.0,2.0,43.70976741,-72.28416244,1
u44,2013-05-06T01:04:53+00:00,Monday,1,1,2.0,2.0,2.0,43.70697752,-72.28728895,1
u44,2013-05-08T04:24:57+00:00,Wednesday,4,1,2.0,2.0,2.0,43.70672846,-72.28635162,1
u44,2013-05-09T06:08:56+00:00,Thursday,6,1,2.0,2.0,2.0,43.69230186,-72.26682816,1
u44,2013-05-10T04:47:17+00:00,Friday,4,3,2.0,1.0,2.0,43.69233024,-72.26686976,1
u44,2013-05-12T04:30:34+00:00,Sunday,4,1,2.0,2.0,2.0,,,0
u44,2013-05-15T01:00:49+00:00,Wednesday,1,1,2.0,2.0,2.0,43.69175278,-72.26719117,1
u44,2013-05-16T04:29:13+00:00,Thursday,4,1,2.0,2.0,2.0,43.6922921,-72.26685465,1
u44,2013-05-17T05:56:37+00:00,Friday,5,1,2.0,2.0,2.0,43.69430156,-72.26583813,1
u44,2013-05-19T01:47:49+00:00,Sunday,1,1,2.0,2.0,2.0,43.692126,-72.26679446,1
u44,2013-05-21T05:10:21+00:00,Tuesday,5,1,2.0,2.0,2.0,43.69227685,-72.26694425,1
u44,2013-05-22T04:58:46+00:00,Wednesday,4,1,2.0,2.0,2.0,43.69245721,-72.26707397,1
u44,2013-05-24T17:20:59+00:00,Friday,17,1,2.0,2.0,2.0,43.69222786,-72.26719913,1
u44,2013-05-31T21:15:47+00:00,Friday,21,1,2.0,2.0,2.0,43.69232465,-72.26672118,1
u45,2013-04-02T10:42:52+00:00,Tuesday,10,1,2.0,2.0,1.0,,,0
u45,2013-04-04T02:30:57+00:00,Thursday,2,1,2.0,2.0,2.0,,,0
u45,2013-04-05T03:06:40+00:00,Friday,3,1,3.0,2.0,1.0,,,0
u45,2013-04-06T02:01:14+00:00,Saturday,2,1,1.0,2.0,2.0,,,0
u45,2013-04-22T04:29:45+00:00,Monday,4,1,1.0,2.0,1.0,43.71778546,-72.30681569,1
u45,2013-04-28T01:50:16+00:00,Sunday,1,2,2.0,2.0,1.0,,,0
u45,2013-05-20T22:26:32+00:00,Monday,22,1,2.0,2.0,1.0,43.7008504,-72.28635463,1
u46,2013-04-01T18:35:00+00:00,Monday,18,1,1.0,2.0,1.0,,,0
u46,2013-04-02T04:03:37+00:00,Tuesday,4,3,3.0,1.0,,,,0
u46,2013-04-03T02:14:05+00:00,Wednesday,2,1,2.0,2.0,1.0,,,0
u46,2013-04-04T02:20:55+00:00,Thursday,2,4,3.0,1.0,,,,0
u46,2013-04-05T02:00:23+00:00,Friday,2,1,2.0,2.0,2.0,,,0
u46,2013-04-07T00:23:12+00:00,Sunday,0,1,2.0,2.0,,,,0
u46,2013-04-08T00:20:37+00:00,Monday,0,1,2.0,2.0,,,,0
u46,2013-04-09T02:49:23+00:00,Tuesday,2,5,2.0,1.0,,,,0
u46,2013-04-10T05:33:36+00:00,Wednesday,5,1,2.0,2.0,2.0,,,0
u46,2013-04-15T16:34:25+00:00,Monday,16,1,2.0,2.0,1.0,,,0
u46,2013-04-19T04:15:03+00:00,Friday,4,1,3.0,2.0,,43.70581816,-72.28762381,1
u46,2013-04-27T01:23:26+00:00,Saturday,1,1,3.0,2.0,2.0,44.45491021,-73.18366108,1
u46,2013-04-29T02:00:11+00:00,Monday,2,1,3.0,2.0,2.0,43.70528998,-72.29031972,1
u47,2013-04-02T04:31:31+00:00,Tuesday,4,1,2.0,2.0,2.0,,,0
u47,2013-04-19T04:09:13+00:00,Friday,4,1,2.0,2.0,1.0,43.702567806467414,-72.28883751668036,1
u47,2013-04-21T02:04:33+00:00,Sunday,2,1,2.0,2.0,1.0,43.70685012079775,-72.28665403090417,1
u47,2013-04-22T04:08:35+00:00,Monday,4,1,2.0,2.0,1.0,43.70653114747256,-72.28706650435925,1
u47,2013-04-28T03:10:14+00:00,Sunday,3,4,2.0,1.0,2.0,43.705234131775796,-72.28328417055309,1
u47,2013-05-04T04:00:16+00:00,Saturday,4,1,4.0,2.0,2.0,,,0
u47,2013-05-18T04:01:14+00:00,Saturday,4,1,3.0,2.0,2.0,,,0
u47,2013-05-19T23:04:16+00:00,Sunday,23,1,1.0,,,43.68147579487413,-72.32193337753415,1
u47,2013-05-28T20:00:07+00:00,Tuesday,20,1,1.0,,,43.681430825963616,-72.32192139141262,1
u49,2013-04-02T04:12:09+00:00,Tuesday,4,3,2.0,1.0,,,,0
u49,2013-04-04T02:04:41+00:00,Thursday,2,1,2.0,2.0,1.0,,,0
u49,2013-04-05T02:02:29+00:00,Friday,2,1,2.0,2.0,1.0,,,0
u49,2013-04-06T02:08:07+00:00,Saturday,2,1,2.0,2.0,2.0,,,0
u49,2013-04-07T00:45:23+00:00,Sunday,0,1,2.0,2.0,2.0,,,0
u49,2013-04-08T00:20:04+00:00,Monday,0,1,2.0,2.0,2.0,,,0
u49,2013-04-10T05:04:40+00:00,Wednesday,5,1,2.0,2.0,2.0,,,0
u49,2013-04-17T02:00:41+00:00,Wednesday,2,1,1.0,2.0,2.0,,,0
u49,2013-04-18T04:40:47+00:00,Thursday,4,1,2.0,2.0,2.0,,,0
u49,2013-04-28T00:40:21+00:00,Sunday,0,1,1.0,2.0,2.0,43.70731189456981,-72.29060578337602,1
u49,2013-04-29T02:27:54+00:00,Monday,2,1,1.0,2.0,2.0,,,0
u49,2013-04-30T03:40:52+00:00,Tuesday,3,3,2.0,1.0,2.0,43.70236269565432,-72.28341078913253,1
u49,2013-05-04T05:14:53+00:00,Saturday,5,2,1.0,1.0,2.0,43.707193056579484,-72.29060547563812,1
u49,2013-05-05T04:23:44+00:00,Sunday,4,1,1.0,2.0,2.0,43.70311076889067,-72.29034101735787,1
u49,2013-05-07T06:03:16+00:00,Tuesday,6,1,1.0,2.0,2.0,43.705985547631826,-72.2890841770398,1
u49,2013-05-08T02:02:16+00:00,Wednesday,2,1,1.0,2.0,2.0,43.70663268030553,-72.29093938341686,1
u49,2013-05-10T07:57:14+00:00,Friday,7,4,1.0,1.0,2.0,43.707106592105006,-72.29073445234907,1
u49,2013-05-13T02:53:32+00:00,Monday,2,1,1.0,2.0,2.0,43.63363720299468,-72.21116594197632,1
u49,2013-05-15T04:01:53+00:00,Wednesday,4,1,1.0,2.0,1.0,43.7059528775494,-72.28796572137354,1
u49,2013-05-18T06:33:54+00:00,Saturday,6,1,1.0,2.0,2.0,43.7071803391446,-72.29073719551904,1
u49,2013-05-18T22:24:22+00:00,Saturday,22,1,1.0,2.0,2.0,43.707252284293055,-72.29079785832832,1
u49,2013-05-21T03:30:40+00:00,Tuesday,3,4,1.0,1.0,2.0,43.70711113605721,-72.2909021265177,1
u49,2013-05-24T06:28:41+00:00,Friday,6,3,1.0,1.0,2.0,43.70714202777838,-72.29071285135586,1
u49,2013-05-25T22:37:50+00:00,Saturday,22,1,1.0,2.0,2.0,43.706969888401865,-72.29062563084044,1
u49,2013-05-30T20:03:13+00:00,Thursday,20,1,1.0,2.0,2.0,43.70722963681916,-72.29095809155727,1
u50,2013-04-04T03:40:07+00:00,Thursday,3,2,2.0,2.0,2.0,,,0
u50,2013-04-05T02:56:57+00:00,Friday,2,2,2.0,2.0,2.0,,,0
u50,2013-04-07T02:01:49+00:00,Sunday,2,2,2.0,1.0,1.0,,,0
u50,2013-04-10T05:13:13+00:00,Wednesday,5,2,2.0,2.0,2.0,,,0
u50,2013-05-15T05:12:25+00:00,Wednesday,5,2,2.0,2.0,2.0,43.7066062,-72.28694131,1
u51,2013-04-02T04:00:36+00:00,Tuesday,4,3,3.0,2.0,1.0,,,0
u51,2013-04-03T05:02:11+00:00,Wednesday,5,3,3.0,2.0,1.0,,,0
u51,2013-04-05T02:57:01+00:00,Friday,2,3,1.0,2.0,2.0,,,0
u51,2013-04-06T03:17:18+00:00,Saturday,3,3,1.0,2.0,2.0,,,0
u51,2013-04-08T00:46:02+00:00,Monday,0,3,3.0,2.0,2.0,,,0
u51,2013-04-10T05:16:05+00:00,Wednesday,5,3,3.0,2.0,1.0,,,0
u51,2013-04-17T03:05:27+00:00,Wednesday,3,3,3.0,2.0,2.0,,,0
u51,2013-04-19T04:00:28+00:00,Friday,4,3,3.0,2.0,1.0,43.70629349,-72.2869845,1
u51,2013-04-21T02:08:46+00:00,Sunday,2,3,3.0,2.0,2.0,43.70835688,-72.28276783,1
u51,2013-04-24T17:26:12+00:00,Wednesday,17,3,3.0,2.0,1.0,43.69653151,-72.28429978,1
u51,2013-05-04T05:31:54+00:00,Saturday,5,3,1.0,2.0,2.0,43.64675373,-72.30988564,1
u51,2013-05-05T23:55:37+00:00,Sunday,23,1,1.0,2.0,2.0,42.03807185,-72.61743268,1
u51,2013-05-08T01:18:57+00:00,Wednesday,1,1,1.0,2.0,2.0,,,0
u51,2013-05-15T05:00:47+00:00,Wednesday,5,3,3.0,2.0,1.0,43.70664139,-72.28665635,1
u51,2013-05-17T05:11:17+00:00,Friday,5,1,1.0,2.0,2.0,43.70526533,-72.29056337,1
u51,2013-05-18T23:58:27+00:00,Saturday,23,1,1.0,2.0,2.0,43.70640288,-72.28703686,1
u51,2013-05-18T23:58:40+00:00,Saturday,23,1,1.0,2.0,2.0,43.70640288,-72.28703686,1
u51,2013-05-26T23:12:35+00:00,Sunday,23,1,1.0,2.0,2.0,43.6285899,-72.32269504,1
u51,2013-05-26T23:12:37+00:00,Sunday,23,1,1.0,2.0,2.0,44.8133656,-71.88147691,1
u51,2013-05-27T20:00:11+00:00,Monday,20,1,1.0,2.0,2.0,43.69813972,-72.28405345,1
u51,2013-05-31T20:08:14+00:00,Friday,20,1,1.0,2.0,2.0,43.70419424,-72.28832947,1
u52,2013-04-03T02:27:46+00:00,Wednesday,2,1,3.0,2.0,2.0,,,0
u52,2013-04-04T02:38:11+00:00,Thursday,2,1,1.0,2.0,2.0,,,0
u52,2013-04-05T15:02:37+00:00,Friday,15,1,1.0,2.0,2.0,,,0
u52,2013-04-06T03:10:50+00:00,Saturday,3,1,1.0,2.0,2.0,,,0
u52,2013-04-06T18:55:52+00:00,Saturday,18,1,1.0,2.0,2.0,,,0
u52,2013-04-07T00:48:55+00:00,Sunday,0,1,2.0,2.0,2.0,,,0
u52,2013-04-08T00:47:33+00:00,Monday,0,1,2.0,2.0,2.0,,,0
u52,2013-04-17T03:54:17+00:00,Wednesday,3,1,3.0,2.0,2.0,,,0
u52,2013-04-18T02:49:51+00:00,Thursday,2,1,2.0,2.0,2.0,,,0
u52,2013-04-28T00:31:11+00:00,Sunday,0,1,1.0,2.0,2.0,43.704733966666666,-72.28868481666666,1
u53,2013-04-02T08:35:24+00:00,Tuesday,8,3,2.0,1.0,,,,0
u53,2013-04-03T02:00:20+00:00,Wednesday,2,1,1.0,2.0,1.0,,,0
u53,2013-04-04T02:18:39+00:00,Thursday,2,1,2.0,2.0,1.0,,,0
u53,2013-04-05T02:21:21+00:00,Friday,2,1,1.0,2.0,2.0,,,0
u53,2013-04-06T03:05:06+00:00,Saturday,3,1,4.0,2.0,1.0,,,0
u53,2013-04-06T03:05:07+00:00,Saturday,3,1,1.0,2.0,2.0,,,0
u53,2013-04-07T03:56:44+00:00,Sunday,3,1,1.0,2.0,2.0,,,0
u53,2013-04-08T17:19:12+00:00,Monday,17,1,1.0,2.0,2.0,,,0
u53,2013-04-13T22:54:41+00:00,Saturday,22,1,1.0,2.0,2.0,,,0
u53,2013-04-18T02:18:47+00:00,Thursday,2,1,1.0,2.0,2.0,,,0
u53,2013-04-19T05:19:21+00:00,Friday,5,1,2.0,2.0,2.0,43.70552167,-72.2830477,1
u53,2013-04-19T06:56:56+00:00,Friday,6,2,2.0,1.0,,43.70258733,-72.28374163,1
u53,2013-04-24T10:12:51+00:00,Wednesday,10,1,2.0,2.0,2.0,43.70542597,-72.28318778,1
u53,2013-04-28T08:07:40+00:00,Sunday,8,2,3.0,1.0,2.0,43.70603783,-72.28336171,1
u53,2013-04-29T01:42:57+00:00,Monday,1,1,2.0,2.0,2.0,43.70545297,-72.28328993,1
u53,2013-05-05T04:19:50+00:00,Sunday,4,1,2.0,2.0,2.0,43.70537434,-72.28318822,1
u53,2013-05-07T00:34:38+00:00,Tuesday,0,1,3.0,2.0,2.0,43.70751488,-72.28536136,1
u53,2013-05-16T04:06:32+00:00,Thursday,4,1,2.0,2.0,2.0,43.70542822,-72.28305246,1
u53,2013-05-17T04:48:37+00:00,Friday,4,1,1.0,2.0,2.0,43.70558555,-72.28313672,1
u53,2013-05-28T20:47:00+00:00,Tuesday,20,1,2.0,2.0,2.0,43.70533454,-72.28299423,1
u53,2013-05-29T21:13:28+00:00,Wednesday,21,1,2.0,2.0,2.0,43.70565067,-72.28319189,1
u54,2013-04-07T21:04:58+00:00,Sunday,21,5,5.0,1.0,2.0,,,0
u54,2013-04-30T02:35:35+00:00,Tuesday,2,1,2.0,2.0,2.0,43.70579093,-72.2916513,1
u56,2013-04-08T00:41:30+00:00,Monday,0,2,1.0,1.0,2.0,,,0
u56,2013-04-17T02:17:39+00:00,Wednesday,2,1,2.0,2.0,1.0,,,0
u56,2013-04-24T06:10:16+00:00,Wednesday,6,1,3.0,2.0,1.0,43.71655956,-72.30945355,1
u57,2013-04-02T04:00:44+00:00,Tuesday,4,5,4.0,1.0,,,,0
u57,2013-04-03T03:10:02+00:00,Wednesday,3,4,3.0,1.0,,,,0
u57,2013-04-04T03:10:32+00:00,Thursday,3,4,4.0,1.0,,,,0
u57,2013-04-05T02:17:47+00:00,Friday,2,4,4.0,1.0,,,,0
u57,2013-04-06T02:08:04+00:00,Saturday,2,1,3.0,2.0,1.0,,,0
u57,2013-04-07T00:07:52+00:00,Sunday,0,5,2.0,1.0,,,,0
u57,2013-04-08T00:03:19+00:00,Monday,0,5,2.0,1.0,,,,0
u57,2013-04-10T05:01:07+00:00,Wednesday,5,1,3.0,2.0,2.0,,,0
u57,2013-04-12T05:02:17+00:00,Friday,5,4,3.0,1.0,2.0,,,0
u57,2013-04-13T06:03:03+00:00,Saturday,6,3,3.0,1.0,2.0,,,0
u57,2013-04-16T04:07:48+00:00,Tuesday,4,4,4.0,1.0,,,,0
u57,2013-04-17T03:51:43+00:00,Wednesday,3,1,3.0,2.0,1.0,,,0
u57,2013-04-19T04:00:50+00:00,Friday,4,4,3.0,1.0,,43.70699504,-72.28855071,1
u57,2013-04-21T02:00:35+00:00,Sunday,2,1,2.0,2.0,1.0,43.81237747,-72.18886948,1
u57,2013-04-22T05:08:04+00:00,Monday,5,1,2.0,2.0,1.0,43.70635188,-72.2869814,1
u57,2013-04-24T06:00:20+00:00,Wednesday,6,1,3.0,2.0,1.0,43.70710105,-72.28877711,1
u57,2013-04-27T00:07:51+00:00,Saturday,0,1,3.0,2.0,1.0,43.70712028,-72.28906509,1
u57,2013-04-28T00:02:36+00:00,Sunday,0,2,3.0,1.0,2.0,43.70616713,-72.28704858,1
u57,2013-04-29T02:04:11+00:00,Monday,2,1,2.0,2.0,1.0,43.70378547,-72.29036229,1
u57,2013-04-30T04:04:15+00:00,Tuesday,4,4,4.0,1.0,,43.70278597,-72.29093312,1
u57,2013-05-04T04:10:20+00:00,Saturday,4,1,3.0,2.0,1.0,43.70644383,-72.28693503,1
u57,2013-05-05T04:07:31+00:00,Sunday,4,1,3.0,2.0,2.0,43.70255288,-72.28983647,1
u57,2013-05-07T00:03:24+00:00,Tuesday,0,4,3.0,1.0,2.0,43.70718012,-72.28882735,1
u57,2013-05-08T00:07:45+00:00,Wednesday,0,1,3.0,2.0,2.0,43.70646031,-72.2900943,1
u57,2013-05-15T04:06:18+00:00,Wednesday,4,1,3.0,2.0,1.0,43.70202283,-72.28836255,1
u57,2013-05-17T04:08:26+00:00,Friday,4,1,4.0,2.0,1.0,43.70316512,-72.29094043,1
u57,2013-05-18T04:00:25+00:00,Saturday,4,3,3.0,1.0,2.0,43.70704942,-72.28856556,1
u57,2013-05-25T20:25:31+00:00,Saturday,20,1,3.0,2.0,2.0,43.70653778,-72.28714271,1
u57,2013-05-28T20:34:47+00:00,Tuesday,20,1,2.0,2.0,2.0,43.70625996,-72.28688972,1
u57,2013-05-30T20:00:22+00:00,Thursday,20,1,2.0,2.0,1.0,43.70699711,-72.28881796,1
u57,2013-06-02T23:02:28+00:00,Sunday,23,3,3.0,1.0,2.0,43.66400198,-72.30431921,1
u57,2013-06-03T23:03:56+00:00,Monday,23,4,3.0,1.0,,43.70487483,-72.28075722,1
u58,2013-04-02T04:00:30+00:00,Tuesday,4,4,1.0,1.0,,,,0
u58,2013-04-05T02:39:15+00:00,Friday,2,4,3.0,1.0,,,,0
u58,2013-04-08T01:46:25+00:00,Monday,1,3,2.0,2.0,1.0,,,0
u58,2013-04-10T05:02:30+00:00,Wednesday,5,5,3.0,1.0,2.0,,,0
u58,2013-04-17T02:04:22+00:00,Wednesday,2,5,3.0,1.0,,,,0
u58,2013-04-18T02:43:00+00:00,Thursday,2,1,3.0,2.0,2.0,,,0
u58,2013-04-19T05:52:35+00:00,Friday,5,1,3.0,2.0,1.0,43.70613747,-72.28341241,1
u58,2013-04-21T04:34:12+00:00,Sunday,4,5,5.0,1.0,,43.7061514,-72.28332667,1
u58,2013-04-22T01:53:03+00:00,Monday,1,1,2.0,2.0,1.0,43.70626921,-72.28337803,1
u58,2013-04-22T04:15:59+00:00,Monday,4,1,2.0,2.0,1.0,43.70625615,-72.28323149,1
u58,2013-04-23T06:04:37+00:00,Tuesday,6,5,5.0,1.0,,43.70623236,-72.2830828,1
u58,2013-04-24T05:00:39+00:00,Wednesday,5,5,5.0,1.0,,43.7061263,-72.28350977,1
u58,2013-04-24T07:51:33+00:00,Wednesday,7,5,5.0,1.0,,43.7062471,-72.28322079,1
u58,2013-04-28T02:11:01+00:00,Sunday,2,3,2.0,1.0,2.0,43.70611602,-72.28317591,1
u58,2013-05-04T04:14:26+00:00,Saturday,4,3,3.0,1.0,,43.70610769,-72.28320694,1
u58,2013-05-05T05:05:28+00:00,Sunday,5,5,5.0,1.0,,43.70603328,-72.28336464,1
u58,2013-05-07T00:14:22+00:00,Tuesday,0,3,2.0,1.0,,43.70601095,-72.28337169,1
u58,2013-05-11T02:01:20+00:00,Saturday,2,1,2.0,2.0,1.0,43.70613712,-72.28339552,1
u58,2013-05-13T03:45:20+00:00,Monday,3,1,3.0,2.0,2.0,43.70647378,-72.28294033,1
u58,2013-05-16T05:22:13+00:00,Thursday,5,1,2.0,2.0,2.0,,,0
u58,2013-05-17T04:19:57+00:00,Friday,4,1,4.0,2.0,2.0,43.70614076,-72.28333241,1
u58,2013-05-18T05:41:20+00:00,Saturday,5,4,2.0,1.0,,43.70579923,-72.28339861,1
u58,2013-05-19T22:15:56+00:00,Sunday,22,1,1.0,2.0,,43.7061924,-72.28343594,1
u58,2013-05-28T07:45:25+00:00,Tuesday,7,1,4.0,2.0,1.0,43.70616772,-72.28339555,1
u58,2013-05-28T22:13:56+00:00,Tuesday,22,1,4.0,2.0,1.0,43.70616098,-72.28301592,1
u58,2013-05-29T20:12:29+00:00,Wednesday,20,1,3.0,2.0,2.0,43.70618821,-72.28324607,1
u58,2013-05-30T20:02:46+00:00,Thursday,20,1,1.0,2.0,2.0,43.7079224,-72.28383182,1
u58,2013-05-31T20:23:36+00:00,Friday,20,1,1.0,2.0,2.0,43.70630987,-72.28340771,1
u58,2013-06-01T20:26:41+00:00,Saturday,20,1,4.0,2.0,2.0,43.7064518,-72.28345807,1
u58,2013-06-02T21:04:02+00:00,Sunday,21,1,1.0,2.0,2.0,43.70627673,-72.28355468,1
u59,2013-04-02T04:34:01+00:00,Tuesday,4,1,3.0,2.0,1.0,,,0
u59,2013-04-02T06:53:49+00:00,Tuesday,6,4,2.0,1.0,1.0,,,0
u59,2013-04-03T03:57:15+00:00,Wednesday,3,1,4.0,2.0,1.0,,,0
u59,2013-04-04T02:28:26+00:00,Thursday,2,1,3.0,2.0,1.0,,,0
u59,2013-04-04T09:56:37+00:00,Thursday,9,1,4.0,2.0,1.0,,,0
u59,2013-04-05T02:04:36+00:00,Friday,2,1,3.0,2.0,1.0,,,0
u59,2013-04-06T02:01:33+00:00,Saturday,2,1,3.0,2.0,1.0,,,0
u59,2013-04-07T00:13:23+00:00,Sunday,0,1,3.0,2.0,1.0,,,0
u59,2013-04-07T08:07:23+00:00,Sunday,8,1,4.0,2.0,1.0,,,0
u59,2013-04-08T00:01:09+00:00,Monday,0,1,3.0,2.0,1.0,,,0
u59,2013-04-08T06:01:26+00:00,Monday,6,1,3.0,2.0,1.0,,,0
u59,2013-04-09T08:09:37+00:00,Tuesday,8,1,3.0,2.0,1.0,,,0
u59,2013-04-10T05:05:21+00:00,Wednesday,5,1,1.0,2.0,1.0,,,0
u59,2013-04-12T03:55:07+00:00,Friday,3,1,3.0,2.0,2.0,,,0
u59,2013-04-14T00:09:36+00:00,Sunday,0,1,2.0,2.0,1.0,,,0
u59,2013-04-14T20:05:55+00:00,Sunday,20,1,3.0,2.0,2.0,,,0
u59,2013-04-17T02:14:41+00:00,Wednesday,2,1,3.0,2.0,1.0,,,0
u59,2013-04-18T02:00:27+00:00,Thursday,2,1,3.0,2.0,1.0,,,0
u59,2013-04-19T16:01:02+00:00,Friday,16,1,4.0,2.0,1.0,43.70400148909539,-72.28680146858096,1
u59,2013-04-21T09:44:05+00:00,Sunday,9,1,4.0,2.0,2.0,43.70409922208637,-72.28208472020924,1
u59,2013-04-22T04:00:41+00:00,Monday,4,1,3.0,2.0,1.0,43.70345394127071,-72.29087851010263,1
u59,2013-04-24T02:28:51+00:00,Wednesday,2,1,3.0,2.0,1.0,,,0
u59,2013-04-24T06:05:06+00:00,Wednesday,6,1,3.0,2.0,1.0,43.702806774526834,-72.29073786176741,1
u59,2013-04-26T04:38:07+00:00,Friday,4,1,3.0,2.0,1.0,43.705345443449914,-72.29143733158708,1
u59,2013-04-27T00:21:03+00:00,Saturday,0,1,3.0,2.0,1.0,43.70476709213108,-72.2879319358617,1
u59,2013-04-28T00:03:33+00:00,Sunday,0,1,2.0,2.0,1.0,,,0
u59,2013-04-29T08:16:11+00:00,Monday,8,1,4.0,2.0,1.0,43.706689733080566,-72.28658253327012,1
u59,2013-05-04T04:01:23+00:00,Saturday,4,1,3.0,2.0,1.0,43.70586520526558,-72.29101865552366,1
u59,2013-05-15T06:05:06+00:00,Wednesday,6,1,4.0,2.0,1.0,,,0
u59,2013-05-20T20:48:15+00:00,Monday,20,1,3.0,2.0,1.0,43.70559212286025,-72.29091203771532,1
u59,2013-05-22T05:39:29+00:00,Wednesday,5,1,3.0,2.0,2.0,43.70286435820162,-72.28974292986095,1
u59,2013-05-25T20:37:32+00:00,Saturday,20,1,,2.0,2.0,,,0
u59,2013-05-28T20:06:39+00:00,Tuesday,20,1,3.0,2.0,1.0,43.70560381561518,-72.29110607877374,1
u59,2013-05-29T20:08:19+00:00,Wednesday,20,1,2.0,2.0,1.0,,,0
u59,2013-06-02T21:30:16+00:00,Sunday,21,1,3.0,2.0,1.0,29.902878901921213,-90.02735710702837,1
u59,2013-06-06T10:22:06+00:00,Thursday,10,3,2.0,1.0,,29.90286414977163,-90.02727756276727,1
