user_id,resp_time,datetime_utc,number,location
u00,1364114390,2013-03-24 08:39:50+00:00,,
u00,1364114393,2013-03-24 08:39:53+00:00,,
u00,1364114455,2013-03-24 08:40:55+00:00,,
u00,1364163095,2013-03-24 22:11:35+00:00,,
u00,1364177775,2013-03-25 02:16:15+00:00,,
u00,1364264483,2013-03-26 02:21:23+00:00,5,Unknown
u00,1364328798,2013-03-26 20:13:18+00:00,1,"43.70697406,-72.28758978"
u00,1364338301,2013-03-26 22:51:41+00:00,1,"43.70759062,-72.28510298"
u00,1364425743,2013-03-27 23:09:03+00:00,4,"43.70863158,-72.2842741"
u00,1364437520,2013-03-28 02:25:20+00:00,3,"43.70517792,-72.28685304"
u00,1364534048,2013-03-29 05:14:08+00:00,4,"43.70674964,-72.2875834"
u00,1364536801,2013-03-29 06:00:01+00:00,4,"43.70674964,-72.2875834"
u00,1364573023,2013-03-29 16:03:43+00:00,4,"43.70546998,-72.28794136"
u00,1364623648,2013-03-30 06:07:28+00:00,4,"43.70664323,-72.28735129"
u00,1364710284,2013-03-31 06:11:24+00:00,2,"43.75941375,-72.32875076"
u00,1364802076,2013-04-01 07:41:16+00:00,2,"43.75907887,-72.32921107"
u00,1364965063,2013-04-03 04:57:43+00:00,2,"43.787638,-72.32241148"
u00,1365023797,2013-04-03 21:16:37+00:00,3,"43.70708859,-72.28753397"
u00,1365046616,2013-04-04 03:36:56+00:00,3,"43.70708859,-72.28753397"
u00,1365135658,2013-04-05 04:20:58+00:00,4,"43.70708859,-72.28753397"
u00,1365194323,2013-04-05 20:38:43+00:00,5,"43.70708859,-72.28753397"
u00,1365408484,2013-04-08 08:08:04+00:00,4,"43.78764103,-72.32252081"
u00,1365538301,2013-04-09 20:11:41+00:00,5,"43.65303742,-72.30996674"
u00,1365621592,2013-04-10 19:19:52+00:00,4,"43.705058,-72.28772623"
u00,1365627469,2013-04-10 20:57:49+00:00,4,"43.70320123,-72.28865299"
u00,1365710432,2013-04-11 20:00:32+00:00,3,"43.70414319,-72.28774882"
u00,1365802767,2013-04-12 21:39:27+00:00,3,"43.70444924,-72.28793809"
u00,1366230470,2013-04-17 20:27:50+00:00,4,"43.70875092,-72.28435213"
u00,1366351223,2013-04-19 06:00:23+00:00,3,"43.75872078,-72.32869187"
u00,1366530863,2013-04-21 07:54:23+00:00,2,"43.75917542,-72.32926548"
u00,1366702251,2013-04-23 07:30:51+00:00,3,"43.75927356,-72.32923496"
u00,1367800777,2013-05-06 00:39:37+00:00,3,"48.85875992,2.36238333"
u00,1367886692,2013-05-07 00:31:32+00:00,4,"48.85374768,2.32779888"
u00,1368173175,2013-05-10 08:06:15+00:00,4,"43.75915207,-72.32893824"
u00,1368292836,2013-05-11 17:20:36+00:00,4,"43.75928658,-72.32924066"
u00,1368378399,2013-05-12 17:06:39+00:00,2,"43.75935021,-72.32916566"
u00,1368457494,2013-05-13 15:04:54+00:00,3,"43.75940174,-72.32918372"
u00,1368544017,2013-05-14 15:06:57+00:00,4,"43.75883975,-72.32934752"
u00,1369154095,2013-05-21 16:34:55+00:00,1,"43.70625307,-72.28700801"
u00,1369462231,2013-05-25 06:10:31+00:00,2,"38.9057069,-77.03396292"
u00,1369625942,2013-05-27 03:39:02+00:00,2,"43.75912044,-72.3291579"
u00,1369706424,2013-05-28 02:00:24+00:00,2,"43.70659363,-72.28727549"
u00,1369794914,2013-05-29 02:35:14+00:00,2,"43.70434788,-72.28657033"
u00,1369879854,2013-05-30 02:10:54+00:00,2,Unknown
u00,1369965660,2013-05-31 02:01:00+00:00,3,"43.70006541,-72.29016831"
u00,1370139580,2013-06-02 02:19:40+00:00,2,"43.73283379,-72.25842981"
u00,1370239154,2013-06-03 05:59:14+00:00,1,"43.75910573,-72.32818315"
u00,1370311653,2013-06-04 02:07:33+00:00,1,"43.70258236,-72.28403025"
u00,1370496946,2013-06-06 05:35:46+00:00,2,"43.66724891,-72.31884989"
u01,1364118416,2013-03-24 09:46:56+00:00,,
u01,1364119584,2013-03-24 10:06:24+00:00,,
u01,1364120318,2013-03-24 10:18:38+00:00,,
u01,1364121003,2013-03-24 10:30:03+00:00,,
u01,1364122098,2013-03-24 10:48:18+00:00,,
u01,1364359545,2013-03-27 04:45:45+00:00,4,"43.70693516,-72.28748551"
u01,1364359547,2013-03-27 04:45:47+00:00,4,"43.70640008,-72.28886262"
u01,1364423876,2013-03-27 22:37:56+00:00,2,"43.70678246,-72.289184"
u01,1364538014,2013-03-29 06:20:14+00:00,4,"43.70696787,-72.28902663"
u01,1364623214,2013-03-30 06:00:14+00:00,3,"43.70698995,-72.28913573"
u01,1364711972,2013-03-31 06:39:32+00:00,4,"43.70680994,-72.28923207"
u01,1365011666,2013-04-03 17:54:26+00:00,2,"43.70506577,-72.29201827"
u01,1365134898,2013-04-05 04:08:18+00:00,4,"43.70674954,-72.28920665"
u01,1365223042,2013-04-06 04:37:22+00:00,4,"43.69935393,-72.29030653"
u01,1365223069,2013-04-06 04:37:49+00:00,4,"43.69935393,-72.29030653"
u01,1365321158,2013-04-07 07:52:38+00:00,3,"43.70670639,-72.28907917"
u01,1365402604,2013-04-08 06:30:04+00:00,4,"43.70644183,-72.2892299"
u01,1365625543,2013-04-10 20:25:43+00:00,3,"43.70678215,-72.28917973"
u01,1365798499,2013-04-12 20:28:19+00:00,2,"43.70684932,-72.28899775"
u01,1366092021,2013-04-16 06:00:21+00:00,4,"43.7067925,-72.28917303"
u01,1366178407,2013-04-17 06:00:07+00:00,4,"43.70680473,-72.28919958"
u01,1366269768,2013-04-18 07:22:48+00:00,4,"43.70687856,-72.28943709"
u01,1366354101,2013-04-19 06:48:21+00:00,4,"43.7064275,-72.28908974"
u02,1364118723,2013-03-24 09:52:03+00:00,,
u02,1364121906,2013-03-24 10:45:06+00:00,,
u02,1364121907,2013-03-24 10:45:07+00:00,,
u02,1364121909,2013-03-24 10:45:09+00:00,,
u02,1364122030,2013-03-24 10:47:10+00:00,,
u02,1364349643,2013-03-27 02:00:43+00:00,3,"43.70722118,-72.29347434"
u02,1364537036,2013-03-29 06:03:56+00:00,4,"43.70704851,-72.29352529"
u02,1364640150,2013-03-30 10:42:30+00:00,3,"43.70709166,-72.29282882"
u02,1364796476,2013-04-01 06:07:56+00:00,3,"43.70712733,-72.29338199"
u02,1365135357,2013-04-05 04:15:57+00:00,3,"43.7070604,-72.29313622"
u02,1365315064,2013-04-07 06:11:04+00:00,3,"43.70695809,-72.29258525"
u02,1365405374,2013-04-08 07:16:14+00:00,4,"43.70620445,-72.29116858"
u02,1365489038,2013-04-09 06:30:38+00:00,2,"43.70719741,-72.29304273"
u02,1365624992,2013-04-10 20:16:32+00:00,3,"43.7069528,-72.2931724"
u02,1365710413,2013-04-11 20:00:13+00:00,4,"43.70791892,-72.28484015"
u02,1365797140,2013-04-12 20:05:40+00:00,3,"43.70847866,-72.28433145"
u02,1365883787,2013-04-13 20:09:47+00:00,2,"43.70725458,-72.29319166"
u02,1365970956,2013-04-14 20:22:36+00:00,2,"43.70306572,-72.29094266"
u02,1366092013,2013-04-16 06:00:13+00:00,2,"43.70685857,-72.29270076"
u02,1366264984,2013-04-18 06:03:04+00:00,3,"43.70709895,-72.29314257"
u02,1366524421,2013-04-21 06:07:01+00:00,3,"43.70730987,-72.29311925"
u02,1366611496,2013-04-22 06:18:16+00:00,3,"43.70637115,-72.28677143"
u02,1366697581,2013-04-23 06:13:01+00:00,2,"43.70597948,-72.28876093"
u02,1367821922,2013-05-06 06:32:02+00:00,3,"43.70733654,-72.29309241"
u02,1369461927,2013-05-25 06:05:27+00:00,1,"43.64550248,-72.31783898"
u03,1364118970,2013-03-24 09:56:10+00:00,,
u03,1364122017,2013-03-24 10:46:57+00:00,,
u03,1364122019,2013-03-24 10:46:59+00:00,,
u03,1364122021,2013-03-24 10:47:01+00:00,,
u03,1364122029,2013-03-24 10:47:09+00:00,,
u03,1364410075,2013-03-27 18:47:55+00:00,2,"43.70540211,-72.28318209"
u03,1364410077,2013-03-27 18:47:57+00:00,1,"43.70525296,-72.28308162"
u03,1364429362,2013-03-28 00:09:22+00:00,3,"43.70529598,-72.28322475"
u03,1364773834,2013-03-31 23:50:34+00:00,2,"43.70530653,-72.2831011"
u03,1364773839,2013-03-31 23:50:39+00:00,1,"43.70531824,-72.28324444"
u03,1364773842,2013-03-31 23:50:42+00:00,1,"43.70535266,-72.28309587"
u03,1364773845,2013-03-31 23:50:45+00:00,2,"43.70535266,-72.28309587"
u03,1364803105,2013-04-01 07:58:25+00:00,1,"43.70531274,-72.28305168"
u03,1365182991,2013-04-05 17:29:51+00:00,1,"43.70532086,-72.2832369"
u03,1365358332,2013-04-07 18:12:12+00:00,2,"43.70528579,-72.28310255"
u03,1365527128,2013-04-09 17:05:28+00:00,2,"43.705293,-72.28306177"
u03,1365883218,2013-04-13 20:00:18+00:00,1,"43.70757708,-72.28323056"
u03,1366093226,2013-04-16 06:20:26+00:00,1,"43.7053649,-72.28294338"
u03,1366271428,2013-04-18 07:50:28+00:00,2,"43.70523965,-72.28314435"
u03,1366536573,2013-04-21 09:29:33+00:00,2,"43.70535349,-72.28311717"
u03,1366613204,2013-04-22 06:46:44+00:00,2,"43.70529561,-72.28303611"
u03,1366697022,2013-04-23 06:03:42+00:00,1,"43.70520444,-72.28312961"
u03,1367857470,2013-05-06 16:24:30+00:00,1,"43.70537463,-72.28318556"
u03,1368387304,2013-05-12 19:35:04+00:00,2,"43.70579533,-72.28356911"
u03,1368638303,2013-05-15 17:18:23+00:00,1,"43.70532924,-72.28318456"
u04,1364118676,2013-03-24 09:51:16+00:00,,
u04,1364119689,2013-03-24 10:08:09+00:00,,
u04,1364120191,2013-03-24 10:16:31+00:00,,
u04,1364121724,2013-03-24 10:42:04+00:00,,
u04,1364350101,2013-03-27 02:08:21+00:00,3,"43.70442851,-72.28676606"
u04,1364541131,2013-03-29 07:12:11+00:00,3,"43.70364698,-72.28605308"
u04,1364627383,2013-03-30 07:09:43+00:00,3,"43.70522558,-72.29116765"
u04,1364683020,2013-03-30 22:37:00+00:00,3,"43.70315377,-72.28626052"
u04,1364745256,2013-03-31 15:54:16+00:00,4,"43.70315377,-72.28626052"
u04,1364758406,2013-03-31 19:33:26+00:00,3,"43.70315377,-72.28626052"
u04,1364965554,2013-04-03 05:05:54+00:00,2,"43.70406845,-72.28722573"
u04,1364965554,2013-04-03 05:05:54+00:00,3,"43.70406845,-72.28722573"
u04,1365008060,2013-04-03 16:54:20+00:00,2,"43.70406845,-72.28722573"
u04,1365089895,2013-04-04 15:38:15+00:00,3,"43.70500049,-72.28555637"
u04,1365135301,2013-04-05 04:15:01+00:00,3,"43.70307665,-72.28927304"
u04,1365294145,2013-04-07 00:22:25+00:00,3,"43.70419632,-72.28592597"
u04,1365353378,2013-04-07 16:49:38+00:00,4,"43.70400146,-72.28561947"
u04,1365353382,2013-04-07 16:49:42+00:00,4,"43.70400146,-72.28561947"
u04,1365401353,2013-04-08 06:09:13+00:00,3,Unknown
u04,1365710575,2013-04-11 20:02:55+00:00,3,"43.70417131,-72.28591047"
u04,1365799445,2013-04-12 20:44:05+00:00,3,"43.7041984,-72.28652356"
u04,1365883921,2013-04-13 20:12:01+00:00,3,Unknown
u04,1366092010,2013-04-16 06:00:10+00:00,3,"43.70596983,-72.29501146"
u04,1366383771,2013-04-19 15:02:51+00:00,3,"43.70394475,-72.2863293"
u04,1367132384,2013-04-28 06:59:44+00:00,3,"43.70395298,-72.28591488"
u04,1367597378,2013-05-03 16:09:38+00:00,3,"43.7028707,-72.28951833"
u04,1367721213,2013-05-05 02:33:33+00:00,4,"42.48235825,-76.48771688"
u04,1367768369,2013-05-05 15:39:29+00:00,4,"43.70270522,-72.28685093"
u04,1367856091,2013-05-06 16:01:31+00:00,3,"43.70414453,-72.28604036"
u04,1368176332,2013-05-10 08:58:52+00:00,3,"43.70272466,-72.28964384"
u04,1368458822,2013-05-13 15:27:02+00:00,2,"43.70393102,-72.2857803"
u05,1364122430,2013-03-24 10:53:50+00:00,,
u05,1364122432,2013-03-24 10:53:52+00:00,,
u05,1364122434,2013-03-24 10:53:54+00:00,,
u05,1364122436,2013-03-24 10:53:56+00:00,,
u05,1364122437,2013-03-24 10:53:57+00:00,,
u05,1364409300,2013-03-27 18:35:00+00:00,4,"43.70751491,-72.28694759"
u05,1364415095,2013-03-27 20:11:35+00:00,3,"43.70751491,-72.28694759"
u05,1364501297,2013-03-28 20:08:17+00:00,3,"43.70751491,-72.28694759"
u05,1364605378,2013-03-30 01:02:58+00:00,5,"43.70751491,-72.28694759"
u05,1364626139,2013-03-30 06:48:59+00:00,6,"43.70751491,-72.28694759"
u05,1364713747,2013-03-31 07:09:07+00:00,5,"42.69942036,-71.43609676"
u07,1364119006,2013-03-24 09:56:46+00:00,,
u07,1364122083,2013-03-24 10:48:03+00:00,,
u07,1364122087,2013-03-24 10:48:07+00:00,,
u07,1364122089,2013-03-24 10:48:09+00:00,,
u07,1364355805,2013-03-27 03:43:25+00:00,3,"43.70675332,-72.2868274"
u07,1364404680,2013-03-27 17:18:00+00:00,3,"43.7040066,-72.28391899"
u07,1364459758,2013-03-28 08:35:58+00:00,3,"43.70327981,-72.28393317"
u07,1364493810,2013-03-28 18:03:30+00:00,3,"43.70381904,-72.28413912"
u07,1364540098,2013-03-29 06:54:58+00:00,3,"43.70321138,-72.29012708"
u07,1364576745,2013-03-29 17:05:45+00:00,4,"43.70392608,-72.28391071"
u07,1364637690,2013-03-30 10:01:30+00:00,3,"43.7038505,-72.28368719"
u07,1364713671,2013-03-31 07:07:51+00:00,3,"43.70358547,-72.28382208"
u07,1364731804,2013-03-31 12:10:04+00:00,3,"43.7034298,-72.2850223"
u07,1364797445,2013-04-01 06:24:05+00:00,4,"43.70393335,-72.2837312"
u07,1364839337,2013-04-01 18:02:17+00:00,3,"43.70371391,-72.28343209"
u07,1364905294,2013-04-02 12:21:34+00:00,4,"43.70848921,-72.28671205"
u07,1364965492,2013-04-03 05:04:52+00:00,4,"43.70278287,-72.28564898"
u07,1365011831,2013-04-03 17:57:11+00:00,3,"43.70391766,-72.28483911"
u07,1365054104,2013-04-04 05:41:44+00:00,3,"43.70695956,-72.28589822"
u07,1365710670,2013-04-11 20:04:30+00:00,3,"43.70829698,-72.28430122"
u07,1366182899,2013-04-17 07:14:59+00:00,3,"43.70380132,-72.28395937"
u07,1366245253,2013-04-18 00:34:13+00:00,3,"43.70396269,-72.28384852"
u07,1366267611,2013-04-18 06:46:51+00:00,3,"43.70643727,-72.28702697"
u07,1366367487,2013-04-19 10:31:27+00:00,3,"43.70464073,-72.29441487"
u07,1366440755,2013-04-20 06:52:35+00:00,4,"43.70392925,-72.28380701"
u07,1366529120,2013-04-21 07:25:20+00:00,3,"43.70334071,-72.28326211"
u07,1366611879,2013-04-22 06:24:39+00:00,3,"43.70671038,-72.27728207"
u07,1366752728,2013-04-23 21:32:08+00:00,4,"43.70425769,-72.28391582"
u08,1364118492,2013-03-24 09:48:12+00:00,,
u08,1364123064,2013-03-24 11:04:24+00:00,,
u08,1364123065,2013-03-24 11:04:25+00:00,,
u08,1364123067,2013-03-24 11:04:27+00:00,,
u08,1364123069,2013-03-24 11:04:29+00:00,,
u08,1364349840,2013-03-27 02:04:00+00:00,3,Unknown
u08,1364354153,2013-03-27 03:15:53+00:00,2,Unknown
u08,1364418535,2013-03-27 21:08:55+00:00,2,"43.70227295,-72.28989198"
u08,1364499570,2013-03-28 19:39:30+00:00,2,"43.70528743,-72.29155419"
u08,1364544782,2013-03-29 08:13:02+00:00,2,"43.70582719,-72.28937924"
u08,1364578969,2013-03-29 17:42:49+00:00,2,"43.70350954,-72.28608081"
u08,1364623933,2013-03-30 06:12:13+00:00,2,"43.70350954,-72.28608081"
u08,1364675909,2013-03-30 20:38:29+00:00,2,"43.70350954,-72.28608081"
u08,1364709653,2013-03-31 06:00:53+00:00,2,"43.70350954,-72.28608081"
u08,1364797581,2013-04-01 06:26:21+00:00,2,"43.70712705,-72.28700077"
u08,1364835021,2013-04-01 16:50:21+00:00,3,"43.70326445,-72.28627025"
u08,1364956300,2013-04-03 02:31:40+00:00,3,"43.70237031,-72.28787598"
u08,1365010648,2013-04-03 17:37:28+00:00,3,"43.70237031,-72.28787598"
u08,1365050812,2013-04-04 04:46:52+00:00,3,"43.7052264,-72.28719803"
u08,1365104692,2013-04-04 19:44:52+00:00,2,"43.70301411,-72.28619057"
u08,1365185777,2013-04-05 18:16:17+00:00,3,"43.70342734,-72.28638739"
u08,1365211943,2013-04-06 01:32:23+00:00,3,"43.70410077,-72.28719868"
u08,1365298057,2013-04-07 01:27:37+00:00,3,"43.04882397,-71.72452648"
u08,1365389722,2013-04-08 02:55:22+00:00,4,"43.70278047,-72.28749202"
u08,1365590053,2013-04-10 10:34:13+00:00,3,"43.70731779,-72.2868045"
u08,1365626456,2013-04-10 20:40:56+00:00,3,"43.70370174,-72.28680811"
u08,1365747918,2013-04-12 06:25:18+00:00,3,"43.70314121,-72.28659035"
u08,1365818223,2013-04-13 01:57:03+00:00,3,"43.70385469,-72.28643647"
u08,1365917937,2013-04-14 05:38:57+00:00,3,"43.70360138,-72.28652466"
u08,1365998852,2013-04-15 04:07:32+00:00,3,"43.70343873,-72.28651243"
u08,1366085548,2013-04-16 04:12:28+00:00,3,"43.70396504,-72.28927469"
u08,1366265075,2013-04-18 06:04:35+00:00,3,"43.70430223,-72.29046297"
u08,1366317248,2013-04-18 20:34:08+00:00,3,"43.70430223,-72.29046297"
u08,1366489262,2013-04-20 20:21:02+00:00,4,"43.70518194,-72.28800233"
u08,1366575694,2013-04-21 20:21:34+00:00,3,"43.70406215,-72.28755806"
u08,1366698644,2013-04-23 06:30:44+00:00,2,"43.7052687,-72.28811786"
u08,1366758113,2013-04-23 23:01:53+00:00,3,"43.70434734,-72.28679491"
u08,1366851436,2013-04-25 00:57:16+00:00,3,"43.70440204,-72.29052256"
u08,1366926955,2013-04-25 21:55:55+00:00,3,"43.70369581,-72.28686269"
u08,1367022678,2013-04-27 00:31:18+00:00,3,"43.70295661,-72.28995533"
u08,1367399813,2013-05-01 09:16:53+00:00,3,"43.70708811,-72.28767562"
u08,1367564416,2013-05-03 07:00:16+00:00,3,"43.70502255,-72.28804551"
u08,1367745582,2013-05-05 09:19:42+00:00,3,"43.7037094,-72.28660102"
u08,1367898813,2013-05-07 03:53:33+00:00,3,"43.7049437,-72.28880281"
u08,1368136745,2013-05-09 21:59:05+00:00,3,"43.70454326,-72.2895076"
u08,1368338756,2013-05-12 06:05:56+00:00,4,"43.70343934,-72.28739154"
u08,1369316368,2013-05-23 13:39:28+00:00,3,"43.70447785,-72.29155849"
u08,1369706919,2013-05-28 02:08:39+00:00,1,Unknown
u09,1364118789,2013-03-24 09:53:09+00:00,,
u09,1364119749,2013-03-24 10:09:09+00:00,,
u09,1364120299,2013-03-24 10:18:19+00:00,,
u09,1364121009,2013-03-24 10:30:09+00:00,,
u09,1364121855,2013-03-24 10:44:15+00:00,,
u09,1364454183,2013-03-28 07:03:03+00:00,3,"43.70735876,-72.28984988"
u10,1364118561,2013-03-24 09:49:21+00:00,,
u10,1364119452,2013-03-24 10:04:12+00:00,,
u10,1364120894,2013-03-24 10:28:14+00:00,,
u10,1364121775,2013-03-24 10:42:55+00:00,,
u10,1364428008,2013-03-27 23:46:48+00:00,2,"43.70559517,-72.28821559"
u10,1364609270,2013-03-30 02:07:50+00:00,3,"43.70644884,-72.28820168"
u10,1364624708,2013-03-30 06:25:08+00:00,3,"43.70644884,-72.28820168"
u10,1364713361,2013-03-31 07:02:41+00:00,3,"43.7026033,-72.28671544"
u10,1364797607,2013-04-01 06:26:47+00:00,4,"43.70241112,-72.28788985"
u10,1364962732,2013-04-03 04:18:52+00:00,3,Unknown
u10,1365135055,2013-04-05 04:10:55+00:00,3,"43.70173422,-72.28775943"
u10,1365319580,2013-04-07 07:26:20+00:00,3,"43.70336268,-72.28777469"
u10,1365387571,2013-04-08 02:19:31+00:00,3,"43.70238375,-72.28772441"
u10,1365408804,2013-04-08 08:13:24+00:00,3,"43.70238375,-72.28772441"
u10,1365631093,2013-04-10 21:58:13+00:00,3,"43.70278942,-72.28658418"
u10,1365798149,2013-04-12 20:22:29+00:00,3,"43.70278942,-72.28658418"
u10,1365883254,2013-04-13 20:00:54+00:00,3,"43.70278942,-72.28658418"
u10,1365969660,2013-04-14 20:01:00+00:00,2,"43.70278942,-72.28658418"
u10,1365969671,2013-04-14 20:01:11+00:00,2,"43.70278942,-72.28658418"
u10,1366093067,2013-04-16 06:17:47+00:00,4,"43.7050225,-72.28939767"
u10,1366270980,2013-04-18 07:43:00+00:00,4,"43.7050225,-72.28939767"
u10,1366389540,2013-04-19 16:39:00+00:00,3,"43.7050225,-72.28939767"
u10,1366530324,2013-04-21 07:45:24+00:00,3,"43.70539179,-72.28841197"
u10,1366595839,2013-04-22 01:57:19+00:00,4,"43.70376741,-72.28830285"
u10,1366617056,2013-04-22 07:50:56+00:00,4,"43.70324408,-72.28961597"
u10,1366703848,2013-04-23 07:57:28+00:00,3,"43.70324408,-72.28961597"
u10,1367167098,2013-04-28 16:38:18+00:00,4,"43.70151131,-72.28813703"
u10,1367598599,2013-05-03 16:29:59+00:00,3,"43.70431466,-72.28543542"
u10,1367771391,2013-05-05 16:29:51+00:00,3,"43.70318292,-72.28786899"
u10,1367858028,2013-05-06 16:33:48+00:00,4,"43.70290684,-72.28530452"
u10,1368205311,2013-05-10 17:01:51+00:00,3,"43.70721373,-72.28551043"
u10,1368376254,2013-05-12 16:30:54+00:00,4,"43.70274793,-72.28753523"
u10,1368434408,2013-05-13 08:40:08+00:00,3,"43.70200305,-72.28757046"
u10,1369966520,2013-05-31 02:15:20+00:00,2,Unknown
u12,1364118665,2013-03-24 09:51:05+00:00,,
u12,1364122186,2013-03-24 10:49:46+00:00,,
u12,1364122188,2013-03-24 10:49:48+00:00,,
u12,1364122190,2013-03-24 10:49:50+00:00,,
u12,1364122193,2013-03-24 10:49:53+00:00,,
u12,1364430371,2013-03-28 00:26:11+00:00,2,"43.63759451,-72.24841422"
u12,1364537776,2013-03-29 06:16:16+00:00,3,"43.63750239,-72.24838839"
u12,1364710147,2013-03-31 06:09:07+00:00,1,"43.63735709,-72.24818692"
u12,1364781880,2013-04-01 02:04:40+00:00,1,"43.64714305,-72.18863182"
u12,1364828856,2013-04-01 15:07:36+00:00,1,"43.63758924,-72.24854285"
u12,1365048034,2013-04-04 04:00:34+00:00,3,"43.70231248,-72.28784577"
u12,1365314938,2013-04-07 06:08:58+00:00,4,Unknown
u12,1365400850,2013-04-08 06:00:50+00:00,3,"37.08200819,-76.38337962"
u12,1365625386,2013-04-10 20:23:06+00:00,3,"43.63733001,-72.24831108"
u12,1365713549,2013-04-11 20:52:29+00:00,1,"43.63760479,-72.24817944"
u12,1365875575,2013-04-13 17:52:55+00:00,4,"43.63769981,-72.24843196"
u12,1365891834,2013-04-13 22:23:54+00:00,3,"43.63800068,-72.25275713"
u12,1365919350,2013-04-14 06:02:30+00:00,1,"43.63750659,-72.24820929"
u12,1365969856,2013-04-14 20:04:16+00:00,1,"43.63788781,-72.24855406"
u12,1366358971,2013-04-19 08:09:31+00:00,3,"43.63750473,-72.24859763"
u12,1366613160,2013-04-22 06:46:00+00:00,1,"43.63751615,-72.24827533"
u12,1367224085,2013-04-29 08:28:05+00:00,1,"43.6375209,-72.24825666"
u12,1368373248,2013-05-12 15:40:48+00:00,1,"43.63779157,-72.24841028"
u13,1364118751,2013-03-24 09:52:31+00:00,,
u13,1364122149,2013-03-24 10:49:09+00:00,,
u13,1364122150,2013-03-24 10:49:10+00:00,,
u13,1364122151,2013-03-24 10:49:11+00:00,,
u13,1364122153,2013-03-24 10:49:13+00:00,,
u13,1364122155,2013-03-24 10:49:15+00:00,,
u14,1364118750,2013-03-24 09:52:30+00:00,,
u14,1364121451,2013-03-24 10:37:31+00:00,,
u14,1364121453,2013-03-24 10:37:33+00:00,,
u14,1364121455,2013-03-24 10:37:35+00:00,,
u14,1364121787,2013-03-24 10:43:07+00:00,,
u14,1364169362,2013-03-24 23:56:02+00:00,,
u14,1364426236,2013-03-27 23:17:16+00:00,4,"43.70612113,-72.28723353"
u14,1364547697,2013-03-29 09:01:37+00:00,3,"43.70485903,-72.28640248"
u14,1364584961,2013-03-29 19:22:41+00:00,3,"43.70509271,-72.28680761"
u14,1364626115,2013-03-30 06:48:35+00:00,3,"43.70415142,-72.28835024"
u14,1364637137,2013-03-30 09:52:17+00:00,4,"43.70499355,-72.28677683"
u14,1364669924,2013-03-30 18:58:44+00:00,4,"43.70503113,-72.28694162"
u14,1364710073,2013-03-31 06:07:53+00:00,4,"43.70498786,-72.28672971"
u14,1364806726,2013-04-01 08:58:46+00:00,2,"43.70516844,-72.28680259"
u14,1364875298,2013-04-02 04:01:38+00:00,3,"43.7048674,-72.28716119"
u14,1364951540,2013-04-03 01:12:20+00:00,2,"43.70759133,-72.28860353"
u14,1364961787,2013-04-03 04:03:07+00:00,3,"43.70597053,-72.28839433"
u14,1365049858,2013-04-04 04:30:58+00:00,3,"43.70169949,-72.28842649"
u14,1365281236,2013-04-06 20:47:16+00:00,4,"43.70506289,-72.28675801"
u14,1365314840,2013-04-07 06:07:20+00:00,3,"43.70476614,-72.28673145"
u14,1365498525,2013-04-09 09:08:45+00:00,3,"43.70477259,-72.28698419"
u14,1365627832,2013-04-10 21:03:52+00:00,3,"43.70498939,-72.28699053"
u14,1365711043,2013-04-11 20:10:43+00:00,4,"43.70511041,-72.28702345"
u14,1365797000,2013-04-12 20:03:20+00:00,4,"43.70460577,-72.28671025"
u14,1366180199,2013-04-17 06:29:59+00:00,4,"43.70496368,-72.28727007"
u14,1366524292,2013-04-21 06:04:52+00:00,4,"43.70592312,-72.28765391"
u14,1366610404,2013-04-22 06:00:04+00:00,3,"43.70497161,-72.28670851"
u14,1367824345,2013-05-06 07:12:25+00:00,3,"43.70635373,-72.28713582"
u14,1368087880,2013-05-09 08:24:40+00:00,3,"43.70512664,-72.28785661"
u14,1368304375,2013-05-11 20:32:55+00:00,4,"43.70490336,-72.286727"
u14,1368381761,2013-05-12 18:02:41+00:00,3,"43.70592194,-72.28696999"
u14,1369793618,2013-05-29 02:13:38+00:00,1,Unknown
u15,1364118946,2013-03-24 09:55:46+00:00,,
u15,1364122069,2013-03-24 10:47:49+00:00,,
u15,1364122071,2013-03-24 10:47:51+00:00,,
u15,1364122073,2013-03-24 10:47:53+00:00,,
u15,1364122075,2013-03-24 10:47:55+00:00,,
u15,1364546202,2013-03-29 08:36:42+00:00,5,"43.70575397,-72.29579325"
u15,1364623241,2013-03-30 06:00:41+00:00,5,"43.70475624,-72.29065153"
u15,1365050950,2013-04-04 04:49:10+00:00,5,"43.70414117,-72.29034521"
u15,1365395363,2013-04-08 04:29:23+00:00,4,"41.49583437,-71.45812765"
u15,1365400753,2013-04-08 05:59:13+00:00,4,Unknown
u15,1365488044,2013-04-09 06:14:04+00:00,4,Unknown
u15,1365975516,2013-04-14 21:38:36+00:00,4,Unknown
u15,1366093993,2013-04-16 06:33:13+00:00,5,"43.7052318,-72.29189415"
u15,1366610798,2013-04-22 06:06:38+00:00,4,Unknown
u15,1366696848,2013-04-23 06:00:48+00:00,4,"43.70746352,-72.28565777"
u16,1364121764,2013-03-24 10:42:44+00:00,,
u16,1364121766,2013-03-24 10:42:46+00:00,,
u16,1364121767,2013-03-24 10:42:47+00:00,,
u16,1364121769,2013-03-24 10:42:49+00:00,,
u16,1364121770,2013-03-24 10:42:50+00:00,,
u16,1364414565,2013-03-27 20:02:45+00:00,4,"43.70284853,-72.29016458"
u16,1364536873,2013-03-29 06:01:13+00:00,5,"43.70705237,-72.28884358"
u16,1364630584,2013-03-30 08:03:04+00:00,5,"43.70724486,-72.28721651"
u16,1364712086,2013-03-31 06:41:26+00:00,5,"43.70490618,-72.2903464"
u16,1364800826,2013-04-01 07:20:26+00:00,4,"43.70358976,-72.29054215"
u16,1364966366,2013-04-03 05:19:26+00:00,4,"43.70358976,-72.29054215"
u16,1365051042,2013-04-04 04:50:42+00:00,4,"43.70450379,-72.28884561"
u16,1365369009,2013-04-07 21:10:09+00:00,3,"43.70362252,-72.29130382"
u16,1365409327,2013-04-08 08:22:07+00:00,3,"43.70638642,-72.28846824"
u16,1365561190,2013-04-10 02:33:10+00:00,4,"43.71418086,-72.2968304"
u16,1365624015,2013-04-10 20:00:15+00:00,4,"43.70474513,-72.28856577"
u16,1365710463,2013-04-11 20:01:03+00:00,4,Unknown
u16,1365798640,2013-04-12 20:30:40+00:00,4,"43.70364199,-72.29076278"
u16,1365884204,2013-04-13 20:16:44+00:00,2,"43.70364199,-72.29076278"
u16,1365970767,2013-04-14 20:19:27+00:00,2,"43.70348086,-72.29159422"
u16,1366178453,2013-04-17 06:00:53+00:00,4,"43.71269528,-72.28398406"
u16,1366252587,2013-04-18 02:36:27+00:00,2,"43.70692473,-72.28664094"
u16,1366317800,2013-04-18 20:43:20+00:00,3,"43.70378332,-72.29056908"
u16,1366351343,2013-04-19 06:02:23+00:00,3,"43.70590563,-72.28948565"
u16,1366526554,2013-04-21 06:42:34+00:00,3,"43.70371738,-72.29052339"
u16,1366696862,2013-04-23 06:01:02+00:00,1,"43.70366774,-72.29147122"
u16,1367037331,2013-04-27 04:35:31+00:00,2,"43.70383449,-72.29122954"
u16,1367129406,2013-04-28 06:10:06+00:00,2,"43.70375428,-72.29078493"
u16,1367443208,2013-05-01 21:20:08+00:00,2,Unknown
u16,1367564410,2013-05-03 07:00:10+00:00,3,"43.70360319,-72.29109274"
u16,1367773761,2013-05-05 17:09:21+00:00,2,"43.70397531,-72.28989529"
u16,1367820007,2013-05-06 06:00:07+00:00,2,"43.70369577,-72.29064258"
u16,1367948888,2013-05-07 17:48:08+00:00,3,"43.70534496,-72.29049134"
u16,1368203224,2013-05-10 16:27:04+00:00,3,"43.70268316,-72.28781994"
u16,1368259638,2013-05-11 08:07:18+00:00,4,"43.70317722,-72.28939878"
u16,1368354077,2013-05-12 10:21:17+00:00,3,"43.70386158,-72.29032649"
u16,1368461238,2013-05-13 16:07:18+00:00,1,Unknown
u16,1368551965,2013-05-14 17:19:25+00:00,4,"43.70391463,-72.28988644"
u16,1368904424,2013-05-18 19:13:44+00:00,4,Unknown
u16,1369104502,2013-05-21 02:48:22+00:00,3,Unknown
u16,1369376571,2013-05-24 06:22:51+00:00,3,"43.70390811,-72.29065789"
u16,1369533994,2013-05-26 02:06:34+00:00,3,"43.70364151,-72.29040973"
u16,1369626798,2013-05-27 03:53:18+00:00,2,"43.70370567,-72.28967439"
u16,1369792839,2013-05-29 02:00:39+00:00,1,"43.68753666,-72.29250241"
u16,1369880959,2013-05-30 02:29:19+00:00,1,"43.68753666,-72.29250241"
u17,1364121522,2013-03-24 10:38:42+00:00,,
u17,1364121523,2013-03-24 10:38:43+00:00,,
u17,1364121525,2013-03-24 10:38:45+00:00,,
u17,1364121526,2013-03-24 10:38:46+00:00,,
u17,1364121571,2013-03-24 10:39:31+00:00,,
u17,1364421916,2013-03-27 22:05:16+00:00,1,"43.70652474,-72.28811653"
u17,1364536888,2013-03-29 06:01:28+00:00,3,"43.70465195,-72.29099209"
u17,1364625437,2013-03-30 06:37:17+00:00,3,"43.70454578,-72.29083895"
u17,1364797576,2013-04-01 06:26:16+00:00,1,"43.70470793,-72.29118335"
u17,1365486866,2013-04-09 05:54:26+00:00,4,"43.70512967,-72.28920458"
u17,1365486869,2013-04-09 05:54:29+00:00,4,"43.70512967,-72.28920458"
u17,1365671524,2013-04-11 09:12:04+00:00,2,"43.70380893,-72.28772947"
u17,1365713737,2013-04-11 20:55:37+00:00,3,"43.70380893,-72.28772947"
u17,1365881545,2013-04-13 19:32:25+00:00,4,"43.70459704,-72.29138802"
u17,1365976409,2013-04-14 21:53:29+00:00,2,"43.70459704,-72.29138802"
u17,1366092073,2013-04-16 06:01:13+00:00,4,"43.70495522,-72.29090614"
u17,1366156296,2013-04-16 23:51:36+00:00,3,"43.70495522,-72.29090614"
u17,1366271801,2013-04-18 07:56:41+00:00,2,"43.70432313,-72.29132532"
u17,1366339005,2013-04-19 02:36:45+00:00,3,"43.70237732,-72.28914013"
u17,1366389858,2013-04-19 16:44:18+00:00,3,"43.70421868,-72.29109236"
u17,1366487219,2013-04-20 19:46:59+00:00,3,Unknown
u17,1366534126,2013-04-21 08:48:46+00:00,3,Unknown
u17,1366582232,2013-04-21 22:10:32+00:00,4,Unknown
u17,1366611134,2013-04-22 06:12:14+00:00,4,"43.70462714,-72.28876934"
u17,1366697148,2013-04-23 06:05:48+00:00,2,Unknown
u17,1367129129,2013-04-28 06:05:29+00:00,3,"43.70366438,-72.2901632"
u17,1367210048,2013-04-29 04:34:08+00:00,2,Unknown
u17,1367736212,2013-05-05 06:43:32+00:00,2,"43.70443163,-72.29097302"
u17,1367829780,2013-05-06 08:43:00+00:00,1,"43.70238747,-72.28949237"
u17,1368260013,2013-05-11 08:13:33+00:00,2,Unknown
u17,1368435843,2013-05-13 09:04:03+00:00,1,"43.70440021,-72.29112204"
u17,1368520433,2013-05-14 08:33:53+00:00,1,"43.7047545,-72.28932815"
u17,1368582569,2013-05-15 01:49:29+00:00,1,"43.70673393,-72.28776049"
u17,1369397199,2013-05-24 12:06:39+00:00,3,Unknown
u17,1369527994,2013-05-26 00:26:34+00:00,1,Unknown
u17,1369624388,2013-05-27 03:13:08+00:00,1,Unknown
u18,1364121772,2013-03-24 10:42:52+00:00,,
u18,1364121774,2013-03-24 10:42:54+00:00,,
u18,1364121775,2013-03-24 10:42:55+00:00,,
u18,1364121777,2013-03-24 10:42:57+00:00,,
u18,1364121855,2013-03-24 10:44:15+00:00,,
u18,1364403163,2013-03-27 16:52:43+00:00,3,"43.70687522,-72.28935409"
u18,1364493543,2013-03-28 17:59:03+00:00,3,"43.70725878,-72.28908602999999"
u18,1364540861,2013-03-29 07:07:41+00:00,3,"43.70732982,-72.28913201"
u18,1364630829,2013-03-30 08:07:09+00:00,2,"43.70753673,-72.28928834"
u18,1364710539,2013-03-31 06:15:39+00:00,2,"43.70715631,-72.28913382"
u18,1365185613,2013-04-05 18:13:33+00:00,1,"43.70605791,-72.28694024"
u18,1365185620,2013-04-05 18:13:40+00:00,3,"43.70605791,-72.28694024"
u18,1365221391,2013-04-06 04:09:51+00:00,2,"43.7070722,-72.28918173"
u18,1365394301,2013-04-08 04:11:41+00:00,3,"43.70730177,-72.28915579"
u18,1365405923,2013-04-08 07:25:23+00:00,1,"43.70736049,-72.28920014"
u18,1365626163,2013-04-10 20:36:03+00:00,3,"43.70155456,-72.28823683"
u18,1365710534,2013-04-11 20:02:14+00:00,2,"43.70730854,-72.287476"
u18,1365710897,2013-04-11 20:08:17+00:00,2,"43.70730854,-72.287476"
u18,1365800545,2013-04-12 21:02:25+00:00,1,"43.70728713,-72.28820549"
u18,1366182788,2013-04-17 07:13:08+00:00,3,"43.70498286,-72.28791117"
u18,1366341947,2013-04-19 03:25:47+00:00,2,"43.70264346,-72.28707"
u18,1366525058,2013-04-21 06:17:38+00:00,2,"43.70724964,-72.28892471"
u18,1366560404,2013-04-21 16:06:44+00:00,1,"43.70734979,-72.28910436"
u18,1366616610,2013-04-22 07:43:30+00:00,1,"43.70610767,-72.28849979"
u18,1366702826,2013-04-23 07:40:26+00:00,1,"43.70728871,-72.28933649"
u18,1367597898,2013-05-03 16:18:18+00:00,1,"43.70739317,-72.28896594"
u18,1369709552,2013-05-28 02:52:32+00:00,1,"43.70735666,-72.2890518"
u19,1364118943,2013-03-24 09:55:43+00:00,,
u19,1364122311,2013-03-24 10:51:51+00:00,,
u19,1364122313,2013-03-24 10:51:53+00:00,,
u19,1364122315,2013-03-24 10:51:55+00:00,,
u19,1364122317,2013-03-24 10:51:57+00:00,,
u19,1364367105,2013-03-27 06:51:45+00:00,2,"43.70690704,-72.28632015"
u19,1364544927,2013-03-29 08:15:27+00:00,2,"43.69950084,-72.29157244"
u19,1364623729,2013-03-30 06:08:49+00:00,1,"43.70288904,-72.28988903"
u19,1364805180,2013-04-01 08:33:00+00:00,3,Unknown
u19,1364965531,2013-04-03 05:05:31+00:00,1,"43.70106694,-72.2864999"
u19,1365048502,2013-04-04 04:08:22+00:00,3,"43.69789429,-72.31446361"
u19,1365126241,2013-04-05 01:44:01+00:00,4,"43.7030279,-72.28948573"
u19,1365221569,2013-04-06 04:12:49+00:00,3,"43.70676365,-72.28546175"
u19,1365402308,2013-04-08 06:25:08+00:00,2,"43.7067029,-72.28540419"
u19,1365624313,2013-04-10 20:05:13+00:00,3,"43.70647041,-72.28787574"
u19,1365710404,2013-04-11 20:00:04+00:00,4,"43.70300231,-72.28918281"
u19,1365798000,2013-04-12 20:20:00+00:00,3,"43.70651205,-72.28555058"
u19,1365883239,2013-04-13 20:00:39+00:00,4,"43.70310945,-72.29051358"
u19,1365913006,2013-04-14 04:16:46+00:00,4,"43.70285468,-72.29111293"
u19,1365971422,2013-04-14 20:30:22+00:00,5,"43.70285468,-72.29111293"
u19,1366092988,2013-04-16 06:16:28+00:00,4,"43.70154751,-72.29133289"
u19,1366183989,2013-04-17 07:33:09+00:00,4,"43.7027651,-72.2899934"
u19,1366264850,2013-04-18 06:00:50+00:00,4,"43.69378323,-72.29014069"
u19,1366351489,2013-04-19 06:04:49+00:00,4,"43.70734975,-72.28629956"
u19,1366525735,2013-04-21 06:28:55+00:00,5,"43.7067391,-72.28556913"
u19,1366614034,2013-04-22 07:00:34+00:00,5,"43.7067805,-72.28550931"
u19,1366696853,2013-04-23 06:00:53+00:00,4,"43.70676468,-72.28542565"
u19,1366960558,2013-04-26 07:15:58+00:00,5,"43.70445438,-72.28941379"
u19,1367400490,2013-05-01 09:28:10+00:00,3,"43.70101204,-72.28677708"
u19,1367564685,2013-05-03 07:04:45+00:00,3,"43.7071838,-72.28865575"
u19,1367739763,2013-05-05 07:42:43+00:00,3,"43.70691192,-72.28587513"
u19,1367825397,2013-05-06 07:29:57+00:00,5,"43.70706627,-72.28596306"
u19,1368169288,2013-05-10 07:01:28+00:00,2,"43.70300642,-72.28981807"
u19,1368217944,2013-05-10 20:32:24+00:00,3,"43.70680418,-72.28601166"
u19,1368253687,2013-05-11 06:28:07+00:00,4,"43.70702534,-72.28577028"
u19,1368349104,2013-05-12 08:58:24+00:00,5,"43.70701211,-72.28611727"
u19,1368519244,2013-05-14 08:14:04+00:00,3,"43.70650157,-72.28532126"
u19,1368775553,2013-05-17 07:25:53+00:00,4,"43.70714135,-72.28594665"
u19,1369127546,2013-05-21 09:12:26+00:00,3,"43.70712264,-72.28701115"
u19,1369210248,2013-05-22 08:10:48+00:00,4,"43.7040776,-72.29042456"
u19,1369377258,2013-05-24 06:34:18+00:00,3,"43.70722775,-72.28725812"
u19,1369470124,2013-05-25 08:22:04+00:00,3,"43.70744109,-72.28667853"
u19,1369561967,2013-05-26 09:52:47+00:00,3,"43.70709334,-72.28524117"
u19,1369984369,2013-05-31 07:12:49+00:00,6,"43.70696465,-72.28583899"
u20,1364121465,2013-03-24 10:37:45+00:00,,
u20,1364121466,2013-03-24 10:37:46+00:00,,
u20,1364121467,2013-03-24 10:37:47+00:00,,
u20,1364121469,2013-03-24 10:37:49+00:00,,
u20,1364121470,2013-03-24 10:37:50+00:00,,
u20,1364121788,2013-03-24 10:43:08+00:00,,
u20,1364425348,2013-03-27 23:02:28+00:00,3,Unknown
u20,1364536531,2013-03-29 05:55:31+00:00,3,Unknown
u20,1364536825,2013-03-29 06:00:25+00:00,3,Unknown
u20,1364975730,2013-04-03 07:55:30+00:00,2,"43.70432872,-72.28591216"
u20,1365102281,2013-04-04 19:04:41+00:00,3,"43.70552246,-72.28315169"
u20,1365402177,2013-04-08 06:22:57+00:00,1,"43.7053909,-72.2831404"
u20,1365714286,2013-04-11 21:04:46+00:00,2,"43.70644022,-72.28264149"
u22,1364122235,2013-03-24 10:50:35+00:00,,
u22,1364122237,2013-03-24 10:50:37+00:00,,
u22,1364122237,2013-03-24 10:50:37+00:00,,
u22,1364122239,2013-03-24 10:50:39+00:00,,
u22,1364122241,2013-03-24 10:50:41+00:00,,
u22,1364122243,2013-03-24 10:50:43+00:00,,
u22,1364369732,2013-03-27 07:35:32+00:00,2,"43.70665178,-72.28678516"
u22,1364440000,2013-03-28 03:06:40+00:00,2,"43.70286901,-72.28809997"
u22,1364455221,2013-03-28 07:20:21+00:00,3,"43.70256935,-72.28790785"
u22,1364520541,2013-03-29 01:29:01+00:00,3,"43.70399272,-72.29051569"
u22,1364540279,2013-03-29 06:57:59+00:00,3,"43.70399272,-72.29051569"
u22,1364583855,2013-03-29 19:04:15+00:00,3,"43.70414927,-72.29076226"
u22,1364602884,2013-03-30 00:21:24+00:00,3,"43.7086476,-72.28468996"
u22,1364618480,2013-03-30 04:41:20+00:00,3,"43.70424862,-72.29040642"
u22,1364724922,2013-03-31 10:15:22+00:00,3,"43.70411722,-72.29047127"
u22,1364805951,2013-04-01 08:45:51+00:00,1,"43.70397877,-72.29023959"
u22,1364926936,2013-04-02 18:22:16+00:00,2,"43.70407922,-72.29020632"
u22,1364963713,2013-04-03 04:35:13+00:00,2,"43.70419679,-72.29044657"
u22,1365038089,2013-04-04 01:14:49+00:00,3,"43.70594306,-72.28855419"
u22,1365049311,2013-04-04 04:21:51+00:00,1,"43.70594306,-72.28855419"
u22,1365136477,2013-04-05 04:34:37+00:00,1,"43.70426694,-72.29029645"
u22,1365278413,2013-04-06 20:00:13+00:00,3,"43.70405335,-72.29024681"
u22,1365316168,2013-04-07 06:29:28+00:00,3,"43.70434883,-72.29055101"
u22,1365402146,2013-04-08 06:22:26+00:00,3,"43.70295171,-72.28573905"
u22,1365551818,2013-04-09 23:56:58+00:00,2,"43.70418536,-72.29015097"
u22,1365666859,2013-04-11 07:54:19+00:00,3,"43.70412073,-72.29025745"
u22,1365711856,2013-04-11 20:24:16+00:00,3,"43.70464858,-72.29198064"
u22,1365883582,2013-04-13 20:06:22+00:00,3,"43.70323331,-72.29018729"
u22,1365975848,2013-04-14 21:44:08+00:00,4,"43.70408869,-72.29048838"
u22,1366095626,2013-04-16 07:00:26+00:00,3,"43.70389866,-72.29006061"
u22,1366358643,2013-04-19 08:04:03+00:00,3,"43.70426635,-72.29067159"
u22,1366525257,2013-04-21 06:20:57+00:00,3,"43.70424172,-72.29101498"
u22,1366610403,2013-04-22 06:00:03+00:00,1,"43.70418092,-72.29045018"
u22,1368088583,2013-05-09 08:36:23+00:00,1,"43.70433388,-72.29020625"
u22,1368346293,2013-05-12 08:11:33+00:00,2,"43.70412851,-72.29030418"
u23,1364118857,2013-03-24 09:54:17+00:00,,
u23,1364119359,2013-03-24 10:02:39+00:00,,
u23,1364120040,2013-03-24 10:14:00+00:00,,
u23,1364121133,2013-03-24 10:32:13+00:00,,
u23,1364122006,2013-03-24 10:46:46+00:00,,
u23,1364428307,2013-03-27 23:51:47+00:00,1,"43.70561004,-72.28332987"
u23,1364494935,2013-03-28 18:22:15+00:00,2,"43.70545859,-72.28327112"
u23,1364536812,2013-03-29 06:00:12+00:00,1,"43.70542162,-72.28306587"
u23,1364577669,2013-03-29 17:21:09+00:00,1,"43.70562674,-72.28323386"
u23,1364603399,2013-03-30 00:29:59+00:00,1,"43.70697315,-72.28677802"
u23,1364623447,2013-03-30 06:04:07+00:00,1,"43.70552841,-72.28316626"
u23,1364663728,2013-03-30 17:15:28+00:00,1,"43.70543514,-72.2831621"
u23,1364711716,2013-03-31 06:35:16+00:00,1,"43.70543416,-72.28315549"
u23,1364749936,2013-03-31 17:12:16+00:00,1,"43.70546909,-72.28312334"
u23,1364783972,2013-04-01 02:39:32+00:00,1,"43.70560877,-72.2829117"
u23,1364796013,2013-04-01 06:00:13+00:00,1,"43.70560877,-72.2829117"
u23,1364949827,2013-04-03 00:43:47+00:00,2,"43.70543892,-72.28338924"
u23,1364962021,2013-04-03 04:07:01+00:00,1,"43.70584231,-72.28305972"
u23,1365010515,2013-04-03 17:35:15+00:00,2,"43.70553167,-72.28322691"
u23,1365050809,2013-04-04 04:46:49+00:00,1,"43.70510657,-72.28314592"
u23,1365137408,2013-04-05 04:50:08+00:00,1,"43.70538733,-72.28323434"
u23,1365210646,2013-04-06 01:10:46+00:00,1,"43.70565145,-72.28330752"
u23,1365308163,2013-04-07 04:16:03+00:00,1,"43.70563195,-72.28339769"
u23,1365389633,2013-04-08 02:53:53+00:00,2,"43.70539334,-72.28311345"
u23,1365400942,2013-04-08 06:02:22+00:00,1,"43.70553735,-72.28329059"
u23,1365561367,2013-04-10 02:36:07+00:00,1,"43.7056173,-72.2833203"
u23,1365625883,2013-04-10 20:31:23+00:00,1,"43.7056173,-72.2833203"
u23,1365710551,2013-04-11 20:02:31+00:00,1,"43.70528667,-72.28338562"
u23,1365796887,2013-04-12 20:01:27+00:00,1,"43.7054476,-72.28326768"
u23,1365886490,2013-04-13 20:54:50+00:00,1,"43.70260706,-72.28790197"
u23,1365969597,2013-04-14 19:59:57+00:00,1,"43.7050473,-72.28277244"
u23,1366179202,2013-04-17 06:13:22+00:00,1,"43.70524941,-72.28302207"
u23,1366271407,2013-04-18 07:50:07+00:00,1,"43.70543897,-72.28317522"
u23,1366351216,2013-04-19 06:00:16+00:00,1,"43.70536425,-72.28308904"
u23,1366610480,2013-04-22 06:01:20+00:00,1,"43.70531979,-72.28326262"
u23,1366696797,2013-04-23 05:59:57+00:00,1,"43.70542313,-72.28315593"
u23,1367129887,2013-04-28 06:18:07+00:00,1,"43.70551445,-72.28307203"
u24,1364118590,2013-03-24 09:49:50+00:00,,
u24,1364122135,2013-03-24 10:48:55+00:00,,
u24,1364122137,2013-03-24 10:48:57+00:00,,
u24,1364122139,2013-03-24 10:48:59+00:00,,
u24,1364122140,2013-03-24 10:49:00+00:00,,
u24,1364122403,2013-03-24 10:53:23+00:00,,
u24,1364122405,2013-03-24 10:53:25+00:00,,
u24,1364122407,2013-03-24 10:53:27+00:00,,
u24,1364122409,2013-03-24 10:53:29+00:00,,
u24,1364432870,2013-03-28 01:07:50+00:00,4,"43.70590151,-72.29089607"
u24,1364539973,2013-03-29 06:52:53+00:00,4,"43.67055143,-72.31802098"
u24,1364548345,2013-03-29 09:12:25+00:00,4,"43.70633345,-72.29084334"
u24,1364580057,2013-03-29 18:00:57+00:00,3,"43.70633345,-72.29084334"
u24,1364636362,2013-03-30 09:39:22+00:00,3,"43.70588361,-72.29057766"
u24,1364671919,2013-03-30 19:31:59+00:00,4,"43.70617004,-72.29083553"
u24,1364712138,2013-03-31 06:42:18+00:00,4,"43.70524858,-72.29046327"
u24,1364727366,2013-03-31 10:56:06+00:00,6,"43.70524858,-72.29046327"
u24,1364806041,2013-04-01 08:47:21+00:00,5,"43.70631987,-72.29102945"
u24,1364866252,2013-04-02 01:30:52+00:00,3,"43.70550136,-72.29129217"
u24,1364937133,2013-04-02 21:12:13+00:00,3,"43.70677201,-72.29138349"
u24,1365024917,2013-04-03 21:35:17+00:00,4,"43.70609599,-72.28861366"
u24,1365050918,2013-04-04 04:48:38+00:00,4,"43.70609599,-72.28861366"
u24,1365104447,2013-04-04 19:40:47+00:00,5,"43.70613594,-72.29081044"
u24,1365135602,2013-04-05 04:20:02+00:00,4,"43.70659181,-72.2906454"
u24,1365278560,2013-04-06 20:02:40+00:00,5,"43.70620136,-72.29091932"
u24,1365327605,2013-04-07 09:40:05+00:00,4,"43.70379372,-72.29020154"
u24,1365410228,2013-04-08 08:37:08+00:00,4,"43.70628881,-72.29056354"
u24,1365710548,2013-04-11 20:02:28+00:00,4,"43.70595458,-72.2905622"
u24,1365754471,2013-04-12 08:14:31+00:00,4,Unknown
u24,1365799945,2013-04-12 20:52:25+00:00,4,"43.706227,-72.29104106"
u24,1365886714,2013-04-13 20:58:34+00:00,5,"43.70619094,-72.29054811"
u24,1365971739,2013-04-14 20:35:39+00:00,4,"43.70617355,-72.29100552"
u24,1366250508,2013-04-18 02:01:48+00:00,4,Unknown
u24,1366360027,2013-04-19 08:27:07+00:00,4,"43.7062649,-72.29090775"
u25,1364118950,2013-03-24 09:55:50+00:00,,
u25,1364121461,2013-03-24 10:37:41+00:00,,
u25,1364121463,2013-03-24 10:37:43+00:00,,
u25,1364121465,2013-03-24 10:37:45+00:00,,
u25,1364121796,2013-03-24 10:43:16+00:00,,
u25,1364535848,2013-03-29 05:44:08+00:00,4,"43.70909673,-72.28432992"
u25,1364538918,2013-03-29 06:35:18+00:00,4,"43.70909673,-72.28432992"
u25,1364627124,2013-03-30 07:05:24+00:00,3,"43.70076509,-72.2869313"
u25,1364789483,2013-04-01 04:11:23+00:00,3,"42.00881745,-71.3042994"
u25,1364794074,2013-04-01 05:27:54+00:00,5,"43.44153531,-72.06255875"
u25,1364966403,2013-04-03 05:20:03+00:00,3,"43.70433167,-72.28846521"
u25,1365054027,2013-04-04 05:40:27+00:00,3,"43.70115034,-72.2859029"
u25,1365188158,2013-04-05 18:55:58+00:00,4,Unknown
u25,1365400367,2013-04-08 05:52:47+00:00,2,Unknown
u25,1365400387,2013-04-08 05:53:07+00:00,2,Unknown
u25,1365710494,2013-04-11 20:01:34+00:00,3,Unknown
u25,1366095876,2013-04-16 07:04:36+00:00,2,"43.70609873,-72.28690685"
u25,1366268665,2013-04-18 07:04:25+00:00,3,"43.7004869,-72.28717433"
u25,1366528275,2013-04-21 07:11:15+00:00,2,Unknown
u27,1364118625,2013-03-24 09:50:25+00:00,,
u27,1364121452,2013-03-24 10:37:32+00:00,,
u27,1364121453,2013-03-24 10:37:33+00:00,,
u27,1364121455,2013-03-24 10:37:35+00:00,,
u27,1364121819,2013-03-24 10:43:39+00:00,,
u27,1364503039,2013-03-28 20:37:19+00:00,1,"43.70655446,-72.28713909"
u27,1364540368,2013-03-29 06:59:28+00:00,3,"43.70274374,-72.28756665"
u27,1364583822,2013-03-29 19:03:42+00:00,2,"43.70754161,-72.28527106"
u27,1364721605,2013-03-31 09:20:05+00:00,3,"43.70245107,-72.28768138"
u27,1364808758,2013-04-01 09:32:38+00:00,1,"43.70389316,-72.28575202"
u27,1364961623,2013-04-03 04:00:23+00:00,3,"43.70388196,-72.28583882"
u27,1365401063,2013-04-08 06:04:23+00:00,1,"43.70405156,-72.28599069"
u27,1366021199,2013-04-15 10:19:59+00:00,2,Unknown
u27,1366093217,2013-04-16 06:20:17+00:00,2,"43.70415002,-72.2857329"
u27,1366190293,2013-04-17 09:18:13+00:00,3,"43.70400104,-72.28585139"
u27,1366270841,2013-04-18 07:40:41+00:00,3,"43.70424431,-72.28559775"
u27,1366353023,2013-04-19 06:30:23+00:00,2,"43.70375531,-72.28604079"
u27,1366527981,2013-04-21 07:06:21+00:00,2,"43.70378808,-72.28567117"
u27,1367128817,2013-04-28 06:00:17+00:00,2,"43.70552478,-72.28974476"
u27,1367574970,2013-05-03 09:56:10+00:00,3,"43.70456912,-72.28710171"
u27,1370055746,2013-06-01 03:02:26+00:00,1,"43.70375608,-72.28703624"
u30,1364121463,2013-03-24 10:37:43+00:00,,
u30,1364121465,2013-03-24 10:37:45+00:00,,
u30,1364121466,2013-03-24 10:37:46+00:00,,
u30,1364121571,2013-03-24 10:39:31+00:00,,
u30,1364538631,2013-03-29 06:30:31+00:00,4,"43.70440077,-72.28257231"
u30,1364600118,2013-03-29 23:35:18+00:00,4,"43.70240618,-72.28732915"
u30,1364719665,2013-03-31 08:47:45+00:00,5,"42.94097068,-72.52796872"
u30,1364757665,2013-03-31 19:21:05+00:00,3,"42.94097068,-72.52796872"
u30,1365285715,2013-04-06 22:01:55+00:00,4,"43.70294473,-72.28772261"
u30,1365285717,2013-04-06 22:01:57+00:00,5,"43.70294473,-72.28772261"
u30,1365451869,2013-04-08 20:11:09+00:00,2,Unknown
u30,1365710642,2013-04-11 20:04:02+00:00,5,"43.70279814,-72.28714674"
u30,1365889159,2013-04-13 21:39:19+00:00,5,"43.69971813,-72.29088714"
u30,1365972665,2013-04-14 20:51:05+00:00,2,"40.7742808,-73.96073797"
u30,1366092142,2013-04-16 06:02:22+00:00,3,"43.70432058,-72.28833341"
u30,1366271630,2013-04-18 07:53:50+00:00,4,"43.70237328,-72.28670467"
u30,1366390533,2013-04-19 16:55:33+00:00,3,"43.70254488,-72.28677668"
u30,1366495761,2013-04-20 22:09:21+00:00,4,"41.23064284,-73.0728831"
u30,1366524194,2013-04-21 06:03:14+00:00,4,"41.23064284,-73.0728831"
u30,1366616931,2013-04-22 07:48:51+00:00,2,"41.23064284,-73.0728831"
u30,1366862519,2013-04-25 04:01:59+00:00,5,"41.23064284,-73.0728831"
u31,1364118585,2013-03-24 09:49:45+00:00,,
u31,1364122031,2013-03-24 10:47:11+00:00,,
u31,1364122032,2013-03-24 10:47:12+00:00,,
u31,1364122034,2013-03-24 10:47:14+00:00,,
u31,1364122035,2013-03-24 10:47:15+00:00,,
u31,1364435143,2013-03-28 01:45:43+00:00,1,"43.68033949,-72.29342364"
u31,1364537176,2013-03-29 06:06:16+00:00,3,"43.62582222,-72.32170345"
u31,1364828649,2013-04-01 15:04:09+00:00,3,"43.68058811,-72.29382608"
u31,1365314445,2013-04-07 06:00:45+00:00,2,"43.68058975,-72.29341535"
u31,1365400957,2013-04-08 06:02:37+00:00,1,"43.70251778,-72.28878459"
u31,1365624340,2013-04-10 20:05:40+00:00,1,"43.70752443,-72.28535807"
u31,1365797553,2013-04-12 20:12:33+00:00,1,"43.68182466,-72.29459983"
u31,1366178640,2013-04-17 06:04:00+00:00,1,"43.70683607,-72.28698903"
u31,1366265712,2013-04-18 06:15:12+00:00,1,"43.68306447,-72.29439954"
u32,1364118532,2013-03-24 09:48:52+00:00,,
u32,1364122198,2013-03-24 10:49:58+00:00,,
u32,1364122199,2013-03-24 10:49:59+00:00,,
u32,1364122202,2013-03-24 10:50:02+00:00,,
u32,1364605869,2013-03-30 01:11:09+00:00,,
u32,1364605871,2013-03-30 01:11:11+00:00,,
u32,1364605873,2013-03-30 01:11:13+00:00,,
u32,1364605874,2013-03-30 01:11:14+00:00,,
u32,1364636896,2013-03-30 09:48:16+00:00,5,Unknown
u32,1364713545,2013-03-31 07:05:45+00:00,3,"43.64827459,-72.24550815"
u32,1364801360,2013-04-01 07:29:20+00:00,4,"42.43957501,-71.25060403"
u32,1364889257,2013-04-02 07:54:17+00:00,3,"43.70574271,-72.28946233"
u32,1365012270,2013-04-03 18:04:30+00:00,4,"43.70371584,-72.2909896"
u32,1365153964,2013-04-05 09:26:04+00:00,4,"43.70584223,-72.29075364"
u32,1365221171,2013-04-06 04:06:11+00:00,5,"43.70612576,-72.29094097"
u32,1365325721,2013-04-07 09:08:41+00:00,5,"43.70515516,-72.28939444"
u32,1365448376,2013-04-08 19:12:56+00:00,3,"43.70832897,-72.28441037"
u32,1365580661,2013-04-10 07:57:41+00:00,4,"43.70340811,-72.29061712"
u32,1365627151,2013-04-10 20:52:31+00:00,4,"43.70827877,-72.28438588"
u32,1365710617,2013-04-11 20:03:37+00:00,5,"43.70433336,-72.29107034"
u32,1365788516,2013-04-12 17:41:56+00:00,4,"43.71906267,-72.27262809"
u32,1365889980,2013-04-13 21:53:00+00:00,4,"43.71713165,-72.27145544"
u32,1365972622,2013-04-14 20:50:22+00:00,5,"43.71713165,-72.27145544"
u32,1366181407,2013-04-17 06:50:07+00:00,4,"43.70285908,-72.29002745"
u32,1366283372,2013-04-18 11:09:32+00:00,5,Unknown
u32,1366363009,2013-04-19 09:16:49+00:00,4,"43.70300607,-72.29026873"
u32,1366622227,2013-04-22 09:17:07+00:00,3,"43.7031993,-72.2904444"
u32,1367566704,2013-05-03 07:38:24+00:00,5,"43.70211393,-72.28994529"
u32,1367774853,2013-05-05 17:27:33+00:00,6,"43.70420319,-72.28854729"
u32,1367820046,2013-05-06 06:00:46+00:00,3,"43.70425459,-72.29094939"
u32,1368084955,2013-05-09 07:35:55+00:00,4,"43.7089232,-72.28415444"
u32,1368211828,2013-05-10 18:50:28+00:00,4,"43.719082,-72.2724696"
u32,1368403698,2013-05-13 00:08:18+00:00,6,"43.7037874,-72.29006945"
u32,1369083609,2013-05-20 21:00:09+00:00,4,Unknown
u32,1369636149,2013-05-27 06:29:09+00:00,4,"43.65273307,-72.24424084"
u32,1369769722,2013-05-28 19:35:22+00:00,4,"43.70450738,-72.29025958"
u33,1364118472,2013-03-24 09:47:52+00:00,,
u33,1364121442,2013-03-24 10:37:22+00:00,,
u33,1364121444,2013-03-24 10:37:24+00:00,,
u33,1364121446,2013-03-24 10:37:26+00:00,,
u33,1364121741,2013-03-24 10:42:21+00:00,,
u33,1364536880,2013-03-29 06:01:20+00:00,4,"43.70167351,-72.28833149"
u33,1364632880,2013-03-30 08:41:20+00:00,3,"43.70377911,-72.28961632"
u33,1364714100,2013-03-31 07:15:00+00:00,4,"43.7037725,-72.29602645"
u33,1364796175,2013-04-01 06:02:55+00:00,4,"43.70581992,-72.28789232"
u33,1364839848,2013-04-01 18:10:48+00:00,5,"43.70412701,-72.29543193"
u33,1364962348,2013-04-03 04:12:28+00:00,4,"43.70375564,-72.296021"
u33,1365054483,2013-04-04 05:48:03+00:00,3,"43.70403059,-72.29608355"
u33,1365134880,2013-04-05 04:08:00+00:00,3,"43.70185971,-72.2876715"
u33,1365314566,2013-04-07 06:02:46+00:00,4,"43.70467136,-72.29424691"
u33,1365400859,2013-04-08 06:00:59+00:00,3,"43.70582114,-72.28794392"
u33,1365469921,2013-04-09 01:12:01+00:00,3,"43.70568599,-72.28783925"
u33,1365624136,2013-04-10 20:02:16+00:00,4,"43.70332015,-72.29598121"
u33,1365710513,2013-04-11 20:01:53+00:00,4,"43.70341924,-72.29629875"
u33,1365796813,2013-04-12 20:00:13+00:00,4,"43.70368617,-72.29580241"
u33,1365890110,2013-04-13 21:55:10+00:00,4,"43.70351337,-72.29604785"
u33,1365970487,2013-04-14 20:14:47+00:00,2,"43.70362837,-72.29609942"
u33,1366182075,2013-04-17 07:01:15+00:00,5,"43.70326794,-72.29043467"
u33,1366264817,2013-04-18 06:00:17+00:00,4,"43.70351032,-72.29612362"
u33,1366352617,2013-04-19 06:23:37+00:00,5,"43.70746347,-72.28509434"
u33,1366611635,2013-04-22 06:20:35+00:00,3,"43.70410502,-72.29484537"
u33,1366999423,2013-04-26 18:03:43+00:00,4,"43.7037887,-72.29615197"
u33,1367306486,2013-04-30 07:21:26+00:00,3,"43.70501854,-72.29249544"
u33,1367555631,2013-05-03 04:33:51+00:00,5,"43.701888339999996,-72.28851972"
u33,1367733607,2013-05-05 06:00:07+00:00,4,"43.70583433,-72.28880318"
u33,1368079518,2013-05-09 06:05:18+00:00,5,Unknown
u33,1368166237,2013-05-10 06:10:37+00:00,4,Unknown
u33,1368256131,2013-05-11 07:08:51+00:00,5,"43.70096638,-72.28858467"
u33,1368450868,2013-05-13 13:14:28+00:00,6,"43.70242394,-72.2919064"
u33,1368522719,2013-05-14 09:11:59+00:00,5,"43.70368448,-72.29611307"
u33,1369463827,2013-05-25 06:37:07+00:00,4,"43.70336841,-72.29649498"
u33,1369880535,2013-05-30 02:22:15+00:00,3,Unknown
u33,1370054815,2013-06-01 02:46:55+00:00,2,"43.70483061,-72.29437769"
u34,1364118558,2013-03-24 09:49:18+00:00,,
u34,1364122255,2013-03-24 10:50:55+00:00,,
u34,1364122257,2013-03-24 10:50:57+00:00,,
u34,1364122257,2013-03-24 10:50:57+00:00,,
u34,1364122259,2013-03-24 10:50:59+00:00,,
u34,1364122260,2013-03-24 10:51:00+00:00,,
u34,1364545919,2013-03-29 08:31:59+00:00,3,"43.706922,-72.28620799"
u34,1364964792,2013-04-03 04:53:12+00:00,4,"43.70794976,-72.28483945"
u34,1365052927,2013-04-04 05:22:07+00:00,4,"43.70834285,-72.28515483"
u34,1365140523,2013-04-05 05:42:03+00:00,4,"43.7072904,-72.28579172"
u34,1365227384,2013-04-06 05:49:44+00:00,4,"43.69979349,-72.28945872"
u35,1364118988,2013-03-24 09:56:28+00:00,,
u35,1364122373,2013-03-24 10:52:53+00:00,,
u35,1364122375,2013-03-24 10:52:55+00:00,,
u35,1364122376,2013-03-24 10:52:56+00:00,,
u35,1364122378,2013-03-24 10:52:58+00:00,,
u35,1364530878,2013-03-29 04:21:18+00:00,2,"43.70551161,-72.28318058"
u35,1364547418,2013-03-29 08:56:58+00:00,2,"43.70568371,-72.28335447"
u35,1364623742,2013-03-30 06:09:02+00:00,2,"43.70540779,-72.28341488"
u35,1364716836,2013-03-31 08:00:36+00:00,2,"43.70556869,-72.28311254"
u35,1364803082,2013-04-01 07:58:02+00:00,1,"43.70537348,-72.2834109"
u35,1364964796,2013-04-03 04:53:16+00:00,3,"43.69342141,-72.27623288"
u35,1365048335,2013-04-04 04:05:35+00:00,2,"43.64103289,-72.24899344"
u35,1365222411,2013-04-06 04:26:51+00:00,1,"43.70826852,-72.28473529"
u35,1365400395,2013-04-08 05:53:15+00:00,2,"43.53959054,-72.38995452"
u35,1365400404,2013-04-08 05:53:24+00:00,2,"43.53959054,-72.38995452"
u35,1365401061,2013-04-08 06:04:21+00:00,3,"43.53959054,-72.38995452"
u35,1365624599,2013-04-10 20:09:59+00:00,3,"43.70410839,-72.29042107"
u35,1365710637,2013-04-11 20:03:57+00:00,3,"43.7032067,-72.29080808"
u35,1365799930,2013-04-12 20:52:10+00:00,3,"43.7032067,-72.29080808"
u35,1365981554,2013-04-14 23:19:14+00:00,2,"43.7053364,-72.28315167"
u35,1366269033,2013-04-18 07:10:33+00:00,4,"43.7077701,-72.28363396"
u35,1366354152,2013-04-19 06:49:12+00:00,3,"43.7053473,-72.28304112"
u35,1366588821,2013-04-22 00:00:21+00:00,2,"43.70554288,-72.28320827"
u35,1367107724,2013-04-28 00:08:44+00:00,2,"43.70553437,-72.28348632"
u35,1367570068,2013-05-03 08:34:28+00:00,3,"43.70537226,-72.28333742"
u35,1368177205,2013-05-10 09:13:25+00:00,2,"43.65861498,-72.24869697"
u35,1368253515,2013-05-11 06:25:15+00:00,2,"43.70206724,-72.28924417"
u36,1364118687,2013-03-24 09:51:27+00:00,,
u36,1364121759,2013-03-24 10:42:39+00:00,,
u36,1364121760,2013-03-24 10:42:40+00:00,,
u36,1364121762,2013-03-24 10:42:42+00:00,,
u36,1364122110,2013-03-24 10:48:30+00:00,,
u36,1364624475,2013-03-30 06:21:15+00:00,3,"43.7069831,-72.28711031"
u36,1364712530,2013-03-31 06:48:50+00:00,2,Unknown
u36,1364796153,2013-04-01 06:02:33+00:00,3,Unknown
u36,1364961924,2013-04-03 04:05:24+00:00,2,"43.65180986,-72.30990188"
u36,1365053019,2013-04-04 05:23:39+00:00,2,"43.70856017,-72.28174284"
u36,1365136378,2013-04-05 04:32:58+00:00,2,"43.70672504,-72.2870343"
u36,1365228648,2013-04-06 06:10:48+00:00,2,"43.70663368,-72.28708155"
u36,1365314514,2013-04-07 06:01:54+00:00,2,"43.70654951,-72.28722688"
u36,1365401839,2013-04-08 06:17:19+00:00,2,"43.70650173,-72.28705275"
u36,1365488005,2013-04-09 06:13:25+00:00,2,"43.70676793,-72.2870234"
u36,1365624406,2013-04-10 20:06:46+00:00,2,"43.70650577,-72.28713836"
u36,1365710936,2013-04-11 20:08:56+00:00,2,"43.65196548,-72.3102879"
u36,1365804511,2013-04-12 22:08:31+00:00,2,"43.70667952,-72.2873341"
u36,1365885530,2013-04-13 20:38:50+00:00,2,"43.70691067,-72.28670488"
u36,1365906751,2013-04-14 02:32:31+00:00,2,"43.70691067,-72.28670488"
u36,1365971864,2013-04-14 20:37:44+00:00,2,"43.70655032,-72.28707265"
u36,1366067895,2013-04-15 23:18:15+00:00,2,"43.70655534,-72.28702434"
u36,1366179115,2013-04-17 06:11:55+00:00,2,"43.7065966,-72.28746486"
u36,1366270611,2013-04-18 07:36:51+00:00,2,"43.65177507,-72.31008393"
u36,1366571637,2013-04-21 19:13:57+00:00,4,"37.94400248,-121.72342483"
u36,1367564641,2013-05-03 07:04:01+00:00,2,"43.708084649999996,-72.28344417"
u36,1367820620,2013-05-06 06:10:20+00:00,2,"43.6516745,-72.31006304"
u36,1368086449,2013-05-09 08:00:49+00:00,2,"43.70655827,-72.28689597"
u36,1368171554,2013-05-10 07:39:14+00:00,2,"43.70698351,-72.28592491"
u36,1368260774,2013-05-11 08:26:14+00:00,2,"43.70603522,-72.28341178"
u36,1368341477,2013-05-12 06:51:17+00:00,2,"43.70664892,-72.28671625"
u36,1368522144,2013-05-14 09:02:24+00:00,2,"43.65151083,-72.31049935"
u36,1369379308,2013-05-24 07:08:28+00:00,2,"43.70331517,-72.2903492"
u36,1369470009,2013-05-25 08:20:09+00:00,2,"43.70652774,-72.28696301"
u36,1369620147,2013-05-27 02:02:27+00:00,2,"43.70694171,-72.28700511"
u36,1369713618,2013-05-28 04:00:18+00:00,2,"43.70798191,-72.28389574"
u36,1369793826,2013-05-29 02:17:06+00:00,2,"43.70676478,-72.28709385"
u39,1364118624,2013-03-24 09:50:24+00:00,,
u39,1364121576,2013-03-24 10:39:36+00:00,,
u39,1364121578,2013-03-24 10:39:38+00:00,,
u39,1364121579,2013-03-24 10:39:39+00:00,,
u39,1364121818,2013-03-24 10:43:38+00:00,,
u39,1365565546,2013-04-10 03:45:46+00:00,1,"43.70657715,-72.28645985"
u39,1365565548,2013-04-10 03:45:48+00:00,1,Unknown
u39,1365567884,2013-04-10 04:24:44+00:00,1,"43.70657715,-72.28645985"
u39,1365567886,2013-04-10 04:24:46+00:00,1,Unknown
u39,1365833115,2013-04-13 06:05:15+00:00,1,"43.65161386,-72.31003509"
u39,1366086071,2013-04-16 04:21:11+00:00,1,"43.7008617,-72.28950786"
u39,1366086072,2013-04-16 04:21:12+00:00,1,"43.7008617,-72.28950786"
u39,1366180412,2013-04-17 06:33:32+00:00,1,"43.65176968,-72.30989016"
u39,1366180451,2013-04-17 06:34:11+00:00,1,"43.65176968,-72.30989016"
u39,1366180453,2013-04-17 06:34:13+00:00,1,"43.65176968,-72.30989016"
u39,1366829560,2013-04-24 18:52:40+00:00,1,"43.65167079,-72.31001806"
u41,1364118400,2013-03-24 09:46:40+00:00,,
u41,1364122128,2013-03-24 10:48:48+00:00,,
u41,1364122130,2013-03-24 10:48:50+00:00,,
u41,1364122131,2013-03-24 10:48:51+00:00,,
u41,1364536894,2013-03-29 06:01:34+00:00,4,Unknown
u41,1364710078,2013-03-31 06:07:58+00:00,2,"43.70397289,-72.28593403"
u41,1364806251,2013-04-01 08:50:51+00:00,2,"43.70394481,-72.28581948"
u41,1365710966,2013-04-11 20:09:26+00:00,3,"43.70389958,-72.28580745"
u41,1365883920,2013-04-13 20:12:00+00:00,4,"43.70393265,-72.28608222"
u41,1365974754,2013-04-14 21:25:54+00:00,4,"43.70428777,-72.28778708"
u41,1367128821,2013-04-28 06:00:21+00:00,5,"43.7053667,-72.28824005"
u42,1364118721,2013-03-24 09:52:01+00:00,,
u42,1364122194,2013-03-24 10:49:54+00:00,,
u42,1364122196,2013-03-24 10:49:56+00:00,,
u42,1364122197,2013-03-24 10:49:57+00:00,,
u42,1364122199,2013-03-24 10:49:59+00:00,,
u42,1364123103,2013-03-24 11:05:03+00:00,,
u42,1364123105,2013-03-24 11:05:05+00:00,,
u42,1364123107,2013-03-24 11:05:07+00:00,,
u42,1364123108,2013-03-24 11:05:08+00:00,,
u42,1364904603,2013-04-02 12:10:03+00:00,2,"43.70755244,-72.28629937"
u42,1364904605,2013-04-02 12:10:05+00:00,2,"43.6942702,-72.27887471"
u42,1364964760,2013-04-03 04:52:40+00:00,3,"43.62834565,-72.3223213"
u42,1365048895,2013-04-04 04:14:55+00:00,3,"43.70714459,-72.28293882"
u42,1365222410,2013-04-06 04:26:50+00:00,3,"43.70819283,-72.28502758"
u42,1366368751,2013-04-19 10:52:31+00:00,3,"43.65846416,-72.24872049"
u42,1366613086,2013-04-22 06:44:46+00:00,3,"43.65857427,-72.24864027"
u42,1366701590,2013-04-23 07:19:50+00:00,2,"43.62825468,-72.32243547"
u42,1367733680,2013-05-05 06:01:20+00:00,3,"43.65863,-72.24877757"
u42,1367830461,2013-05-06 08:54:21+00:00,3,"43.65858208,-72.24870122"
u42,1368474026,2013-05-13 19:40:26+00:00,1,"43.66270982,-72.25494813"
u42,1368474039,2013-05-13 19:40:39+00:00,1,"43.66270982,-72.25494813"
u42,1368553308,2013-05-14 17:41:48+00:00,3,"43.66117959,-72.25346471"
u42,1368553363,2013-05-14 17:42:43+00:00,3,"43.66117959,-72.25346471"
u42,1370052013,2013-06-01 02:00:13+00:00,2,"43.70377618,-72.28228327"
u43,1364118866,2013-03-24 09:54:26+00:00,,
u43,1364121449,2013-03-24 10:37:29+00:00,,
u43,1364121450,2013-03-24 10:37:30+00:00,,
u43,1364121452,2013-03-24 10:37:32+00:00,,
u43,1364121917,2013-03-24 10:45:17+00:00,,
u43,1364856107,2013-04-01 22:41:47+00:00,3,"43.70661883,-72.28760805"
u43,1364925669,2013-04-02 18:01:09+00:00,3,"43.70546977,-72.29153142"
u43,1364961762,2013-04-03 04:02:42+00:00,3,"43.7056535,-72.29132724"
u43,1364977509,2013-04-03 08:25:09+00:00,3,"43.7056535,-72.29132724"
u43,1364977521,2013-04-03 08:25:21+00:00,3,"43.7056535,-72.29132724"
u43,1365008348,2013-04-03 16:59:08+00:00,4,"43.70566059,-72.29130704"
u43,1365026743,2013-04-03 22:05:43+00:00,4,"43.70566059,-72.29130704"
u43,1365048076,2013-04-04 04:01:16+00:00,4,"43.70619631,-72.28823087"
u43,1365108718,2013-04-04 20:51:58+00:00,3,"43.70619631,-72.28823087"
u43,1365126487,2013-04-05 01:48:07+00:00,3,"43.70549429,-72.29181405"
u43,1365134417,2013-04-05 04:00:17+00:00,3,"43.70263734,-72.29102803"
u43,1365187439,2013-04-05 18:43:59+00:00,3,"43.70572255,-72.29124291"
u43,1365222200,2013-04-06 04:23:20+00:00,3,"43.50783677,-72.13449058"
u43,1365285590,2013-04-06 21:59:50+00:00,2,"43.50783677,-72.13449058"
u43,1365314595,2013-04-07 06:03:15+00:00,2,"42.36112482,-71.07113958"
u43,1365360429,2013-04-07 18:47:09+00:00,2,"42.36112482,-71.07113958"
u43,1365400856,2013-04-08 06:00:56+00:00,2,"43.70599853,-72.29087445"
u43,1365463470,2013-04-08 23:24:30+00:00,2,"43.70560342,-72.29137243"
u43,1365544356,2013-04-09 21:52:36+00:00,4,"43.70566653,-72.29162127"
u43,1365623537,2013-04-10 19:52:17+00:00,3,"43.70355489,-72.28875143"
u43,1365624504,2013-04-10 20:08:24+00:00,3,"43.70355489,-72.28875143"
u43,1365710550,2013-04-11 20:02:30+00:00,3,"43.70349928,-72.29089432"
u43,1365731222,2013-04-12 01:47:02+00:00,3,"43.70234665,-72.28813935"
u43,1365789652,2013-04-12 18:00:52+00:00,3,"43.70234665,-72.28813935"
u43,1365798142,2013-04-12 20:22:22+00:00,3,"43.70234665,-72.28813935"
u43,1365885211,2013-04-13 20:33:31+00:00,4,"43.70462998,-72.28974619"
u43,1365969233,2013-04-14 19:53:53+00:00,2,"43.70500487,-72.2905778"
u43,1365972785,2013-04-14 20:53:05+00:00,2,"43.70500487,-72.2905778"
u43,1366063009,2013-04-15 21:56:49+00:00,3,Unknown
u43,1366092616,2013-04-16 06:10:16+00:00,3,Unknown
u43,1366183909,2013-04-17 07:31:49+00:00,3,"43.70567734,-72.29183525"
u43,1366240967,2013-04-17 23:22:47+00:00,4,"43.70523224,-72.29210557"
u43,1366264839,2013-04-18 06:00:39+00:00,4,"43.70565768,-72.29148478"
u43,1366317333,2013-04-18 20:35:33+00:00,3,"43.70557117,-72.29109324"
u43,1366352235,2013-04-19 06:17:15+00:00,3,"43.70564535,-72.29122186"
u43,1366597115,2013-04-22 02:18:35+00:00,4,"44.26783796,-69.80648763"
u43,1366612354,2013-04-22 06:32:34+00:00,3,Unknown
u43,1366696819,2013-04-23 06:00:19+00:00,3,"43.70451755,-72.28952021"
u43,1367134604,2013-04-28 07:36:44+00:00,4,"42.37524231,-71.1246049"
u43,1367602031,2013-05-03 17:27:11+00:00,4,"43.70571777,-72.29145544"
u43,1368080658,2013-05-09 06:24:18+00:00,3,"43.70569392,-72.290703"
u43,1368424828,2013-05-13 06:00:28+00:00,3,"43.70614429,-72.2869262"
u43,1369461695,2013-05-25 06:01:35+00:00,4,Unknown
u43,1369794718,2013-05-29 02:31:58+00:00,4,"43.70553515,-72.29157025"
u44,1364121980,2013-03-24 10:46:20+00:00,,
u44,1364121981,2013-03-24 10:46:21+00:00,,
u44,1364121983,2013-03-24 10:46:23+00:00,,
u44,1364121985,2013-03-24 10:46:25+00:00,,
u44,1364940845,2013-04-02 22:14:05+00:00,3,"43.70687995,-72.28684036"
u44,1364955063,2013-04-03 02:11:03+00:00,2,"43.70687995,-72.28684036"
u44,1364962069,2013-04-03 04:07:49+00:00,2,"43.69228995,-72.26681751"
u44,1365050660,2013-04-04 04:44:20+00:00,2,"43.69220757,-72.26687248"
u44,1365092064,2013-04-04 16:14:24+00:00,2,"43.69207668,-72.26667703"
u44,1365128503,2013-04-05 02:21:43+00:00,2,"43.70647656,-72.28646693"
u44,1365136270,2013-04-05 04:31:10+00:00,2,"43.70653963,-72.28694217"
u44,1365299990,2013-04-07 01:59:50+00:00,2,"43.69204284,-72.26686288"
u44,1365316940,2013-04-07 06:42:20+00:00,2,"43.69252995,-72.26679213"
u44,1365401191,2013-04-08 06:06:31+00:00,2,"43.69245308,-72.26713397"
u44,1365491029,2013-04-09 07:03:49+00:00,2,"43.69230772,-72.26689566"
u44,1365630157,2013-04-10 21:42:37+00:00,2,"43.70905522,-72.28367829"
u44,1365699853,2013-04-11 17:04:13+00:00,2,"43.69231687,-72.26692115"
u44,1365713948,2013-04-11 20:59:08+00:00,2,"43.70752065,-72.28669805"
u44,1365801310,2013-04-12 21:15:10+00:00,2,"43.69213022,-72.27010971"
u44,1365871791,2013-04-13 16:49:51+00:00,3,"43.69215012,-72.26703486"
u44,1366014547,2013-04-15 08:29:07+00:00,1,"43.69250898,-72.26687713"
u44,1366095189,2013-04-16 06:53:09+00:00,1,"43.70711018,-72.28582147"
u44,1366129720,2013-04-16 16:28:40+00:00,2,"43.69226815,-72.26702755"
u44,1366178953,2013-04-17 06:09:13+00:00,2,"43.69206524,-72.26693223"
u44,1366390760,2013-04-19 16:59:20+00:00,2,"43.69231923,-72.26700025"
u44,1366475612,2013-04-20 16:33:32+00:00,4,"43.69222142,-72.26706862"
u44,1366533980,2013-04-21 08:46:20+00:00,2,"43.69234545,-72.26685624"
u44,1366661861,2013-04-22 20:17:41+00:00,2,"43.70957133,-72.28436521"
u44,1366698202,2013-04-23 06:23:22+00:00,2,"43.70957133,-72.28436521"
u44,1366738984,2013-04-23 17:43:04+00:00,2,"43.69227118,-72.26710539"
u44,1366849773,2013-04-25 00:29:33+00:00,2,"43.69935873,-72.28135033"
u44,1366907384,2013-04-25 16:29:44+00:00,2,"43.69221585,-72.26709452"
u44,1366993625,2013-04-26 16:27:05+00:00,2,"43.69232314,-72.26697319"
u44,1367082659,2013-04-27 17:10:59+00:00,2,Unknown
u44,1367187155,2013-04-28 22:12:35+00:00,2,"43.69230343,-72.26698234"
u44,1367248361,2013-04-29 15:12:41+00:00,2,"43.69198838,-72.26681867"
u44,1367335734,2013-04-30 15:28:54+00:00,3,"43.69205554,-72.2671205"
u44,1367420663,2013-05-01 15:04:23+00:00,2,"43.69241334,-72.26678771"
u44,1367512023,2013-05-02 16:27:03+00:00,2,"43.69204957,-72.26697347"
u44,1367595234,2013-05-03 15:33:54+00:00,2,"43.69218699,-72.26710181"
u44,1367687482,2013-05-04 17:11:22+00:00,3,"43.69208378,-72.26703755"
u44,1367775960,2013-05-05 17:46:00+00:00,1,"43.69238395,-72.26701546"
u44,1367871054,2013-05-06 20:10:54+00:00,2,"43.70691341,-72.28711558"
u44,1367951057,2013-05-07 18:24:17+00:00,2,"43.69255276,-72.26704092"
u44,1368030436,2013-05-08 16:27:16+00:00,2,"43.69230186,-72.26682816"
u44,1368121174,2013-05-09 17:39:34+00:00,2,"43.69230186,-72.26682816"
u44,1368205342,2013-05-10 17:02:22+00:00,2,"43.69241681,-72.26706585"
u44,1368333008,2013-05-12 04:30:08+00:00,2,Unknown
u44,1368378353,2013-05-12 17:05:53+00:00,1,"43.69220954,-72.26702639"
u44,1368465073,2013-05-13 17:11:13+00:00,2,"43.69206484,-72.26700327"
u44,1368552702,2013-05-14 17:31:42+00:00,2,"43.69225,-72.26698519"
u44,1368636552,2013-05-15 16:49:12+00:00,2,"43.69219289,-72.26671048"
u44,1368726564,2013-05-16 17:49:24+00:00,2,"43.69229577,-72.26673522"
u44,1368812682,2013-05-17 17:44:42+00:00,2,"43.69229406,-72.26664182"
u44,1368898838,2013-05-18 17:40:38+00:00,2,"43.6922613,-72.26687932"
u44,1368992174,2013-05-19 19:36:14+00:00,3,"43.69142104,-72.26941669"
u44,1369068285,2013-05-20 16:44:45+00:00,2,"43.69230186,-72.26692699"
u44,1369244505,2013-05-22 17:41:45+00:00,3,"43.69230566,-72.26694933"
u44,1369329213,2013-05-23 17:13:33+00:00,2,"43.69213441,-72.26712004"
u44,1369416043,2013-05-24 17:20:43+00:00,4,"43.69222786,-72.26719913"
u44,1369503843,2013-05-25 17:44:03+00:00,2,"43.69476866,-72.27943547"
u44,1369675720,2013-05-27 17:28:40+00:00,2,"43.69341383,-72.2733575"
u45,1364118522,2013-03-24 09:48:42+00:00,,
u45,1364122270,2013-03-24 10:51:10+00:00,,
u45,1364122272,2013-03-24 10:51:12+00:00,,
u45,1364122273,2013-03-24 10:51:13+00:00,,
u45,1364122275,2013-03-24 10:51:15+00:00,,
u45,1364899371,2013-04-02 10:42:51+00:00,3,"43.70714984,-72.2865919"
u45,1364899371,2013-04-02 10:42:51+00:00,3,"43.70714984,-72.2865919"
u45,1364977332,2013-04-03 08:22:12+00:00,4,"43.70797577,-72.28494445"
u45,1365048661,2013-04-04 04:11:01+00:00,3,"43.70913025,-72.28483736"
u45,1365138121,2013-04-05 05:02:01+00:00,3,"43.70789644,-72.28491183"
u45,1365224528,2013-04-06 05:02:08+00:00,3,"43.70816382,-72.2852289"
u45,1365713136,2013-04-11 20:45:36+00:00,3,"43.70704773,-72.28579557"
u45,1365803777,2013-04-12 21:56:17+00:00,2,"43.70795674,-72.2850216"
u45,1365976510,2013-04-14 21:55:10+00:00,2,"43.70819668,-72.28503784"
u45,1366099726,2013-04-16 08:08:46+00:00,3,"43.65868105,-72.24849809"
u45,1366100026,2013-04-16 08:13:46+00:00,3,"43.65868105,-72.24849809"
u45,1366268779,2013-04-18 07:06:19+00:00,2,"43.71743737,-72.3069841"
u45,1366610404,2013-04-22 06:00:04+00:00,3,"43.706812,-72.28671513"
u45,1367820882,2013-05-06 06:14:42+00:00,3,Unknown
u45,1368264270,2013-05-11 09:24:30+00:00,3,"43.71766644,-72.30678104"
u46,1364118433,2013-03-24 09:47:13+00:00,,
u46,1364121909,2013-03-24 10:45:09+00:00,,
u46,1364121911,2013-03-24 10:45:11+00:00,,
u46,1364121913,2013-03-24 10:45:13+00:00,,
u46,1364121945,2013-03-24 10:45:45+00:00,,
u46,1364775638,2013-04-01 00:20:38+00:00,4,"43.70640514,-72.28820773"
u46,1364796174,2013-04-01 06:02:54+00:00,4,"43.70106678,-72.28949426"
u46,1364841320,2013-04-01 18:35:20+00:00,3,"43.70105311,-72.28963051"
u46,1364895950,2013-04-02 09:45:50+00:00,4,"43.7044068,-72.28971584"
u46,1364961912,2013-04-03 04:05:12+00:00,4,"43.70502483,-72.28874105"
u46,1365042062,2013-04-04 02:21:02+00:00,4,"43.70675529,-72.28728531"
u46,1365048039,2013-04-04 04:00:39+00:00,4,"43.70675529,-72.28728531"
u46,1365135771,2013-04-05 04:22:51+00:00,3,"43.70589093,-72.28772656"
u46,1365135779,2013-04-05 04:22:59+00:00,4,"43.70589093,-72.28772656"
u46,1365315123,2013-04-07 06:12:03+00:00,3,"43.70589876,-72.28814521"
u46,1365624041,2013-04-10 20:00:41+00:00,4,"43.70418508,-72.2961775"
u46,1365796933,2013-04-12 20:02:13+00:00,4,"43.70450188,-72.2971835"
u46,1365884055,2013-04-13 20:14:15+00:00,4,Unknown
u46,1366043682,2013-04-15 16:34:42+00:00,4,"43.70520754,-72.29021202"
u46,1366313549,2013-04-18 19:32:29+00:00,4,"43.70418499,-72.29773208"
u46,1366351655,2013-04-19 06:07:35+00:00,5,"43.70242371,-72.29305417"
u46,1368178180,2013-05-10 09:29:40+00:00,2,"43.70465108,-72.29535043"
u47,1364121431,2013-03-24 10:37:11+00:00,,
u47,1364121433,2013-03-24 10:37:13+00:00,,
u47,1364121434,2013-03-24 10:37:14+00:00,,
u47,1364121628,2013-03-24 10:40:28+00:00,,
u47,1364548084,2013-03-29 09:08:04+00:00,3,Unknown
u47,1364674238,2013-03-30 20:10:38+00:00,3,Unknown
u47,1365050491,2013-04-04 04:41:31+00:00,2,Unknown
u47,1365137844,2013-04-05 04:57:24+00:00,4,"43.70679119601846,-72.28743245825171"
u47,1365886152,2013-04-13 20:49:12+00:00,3,"43.68140639271587,-72.32202088460326"
u47,1365972583,2013-04-14 20:49:43+00:00,3,"43.68140509352088,-72.32197218574584"
u47,1366057637,2013-04-15 20:27:17+00:00,3,"43.68150102440268,-72.32201526872814"
u47,1366270973,2013-04-18 07:42:53+00:00,2,"43.68151468690485,-72.32208207249641"
u47,1366529804,2013-04-21 07:36:44+00:00,2,"43.68150525726378,-72.32196740806103"
u47,1366611907,2013-04-22 06:25:07+00:00,2,"43.70653114747256,-72.28706650435925"
u47,1367572660,2013-05-03 09:17:40+00:00,3,Unknown
u47,1368338411,2013-05-12 06:00:11+00:00,4,Unknown
u47,1369375373,2013-05-24 06:02:53+00:00,2,"43.7070740852505,-72.28581625968218"
u47,1369461855,2013-05-25 06:04:15+00:00,4,"43.68153224699199,-72.32217259705067"
u47,1369620154,2013-05-27 02:02:34+00:00,3,"43.706551347859204,-72.28690414689481"
u47,1369706444,2013-05-28 02:00:44+00:00,5,"43.70288774371147,-72.29048950597644"
u47,1369792806,2013-05-29 02:00:06+00:00,6,"43.681430825963616,-72.32192139141262"
u49,1364118812,2013-03-24 09:53:32+00:00,,
u49,1364121426,2013-03-24 10:37:06+00:00,,
u49,1364121427,2013-03-24 10:37:07+00:00,,
u49,1364121429,2013-03-24 10:37:09+00:00,,
u49,1364121905,2013-03-24 10:45:05+00:00,,
u49,1364510919,2013-03-28 22:48:39+00:00,3,"43.70660906218045,-72.28850320131149"
u49,1364536855,2013-03-29 06:00:55+00:00,2,"43.70716131206944,-72.29069298796604"
u49,1364594690,2013-03-29 22:04:50+00:00,2,"43.70267879651378,-72.29108858322432"
u49,1364623978,2013-03-30 06:12:58+00:00,3,"43.70714923611114,-72.2907766105146"
u49,1364712735,2013-03-31 06:52:15+00:00,4,"43.70705776482245,-72.29079078809796"
u49,1364798027,2013-04-01 06:33:47+00:00,4,"43.70709124872432,-72.29070399484226"
u49,1365026997,2013-04-03 22:09:57+00:00,3,"43.703158651028865,-72.2870008394822"
u49,1365048088,2013-04-04 04:01:28+00:00,3,"43.707160898813775,-72.29070505330372"
u49,1365113046,2013-04-04 22:04:06+00:00,4,"43.707100069217596,-72.29064611462705"
u49,1365135049,2013-04-05 04:10:49+00:00,3,"43.70602807141132,-72.28961758062928"
u49,1365214087,2013-04-06 02:08:07+00:00,4,"43.47757182567488,-72.10256690864196"
u49,1365407097,2013-04-08 07:44:57+00:00,3,"43.707128974835264,-72.29069696738179"
u49,1365624036,2013-04-10 20:00:36+00:00,3,"43.70321966184834,-72.2876130893634"
u49,1365710416,2013-04-11 20:00:16+00:00,3,"43.707152921972195,-72.28990023480135"
u49,1365798533,2013-04-12 20:28:53+00:00,3,Unknown
u49,1365883244,2013-04-13 20:00:44+00:00,3,"43.707040367006044,-72.29090060653363"
u49,1365969750,2013-04-14 20:02:30+00:00,5,"43.706990801600554,-72.29083031513625"
u49,1366260035,2013-04-18 04:40:35+00:00,3,"43.70143796257927,-72.28840592331314"
u49,1366696826,2013-04-23 06:00:26+00:00,4,"43.70328375766367,-72.29034840992854"
u49,1367701471,2013-05-04 21:04:31+00:00,4,"43.707145329987014,-72.29043743098563"
u49,1367733750,2013-05-05 06:02:30+00:00,4,"43.70311076889067,-72.29034101735787"
u49,1367906607,2013-05-07 06:03:27+00:00,4,"43.705985547631826,-72.2890841770398"
u49,1368085862,2013-05-09 07:51:02+00:00,3,Unknown
u49,1368172422,2013-05-10 07:53:42+00:00,4,"43.70710055266189,-72.29069788063012"
u49,1368252043,2013-05-11 06:00:43+00:00,3,"42.29421807481455,-71.30431207650626"
u49,1368413613,2013-05-13 02:53:33+00:00,4,"43.64085192959396,-72.2207083033798"
u49,1368858843,2013-05-18 06:34:03+00:00,4,"43.7071803391446,-72.29073719551904"
u49,1369376818,2013-05-24 06:26:58+00:00,3,"43.70536949189704,-72.2894110901644"
u49,1369461802,2013-05-25 06:03:22+00:00,4,"43.70718961158385,-72.29064125113423"
u49,1369616344,2013-05-27 00:59:04+00:00,4,"43.70730262660705,-72.29076807376563"
u49,1369621141,2013-05-27 02:19:01+00:00,3,"43.70482673868034,-72.29528006827621"
u49,1369879547,2013-05-30 02:05:47+00:00,4,"43.70722431435143,-72.29087450123586"
u49,1369986770,2013-05-31 07:52:50+00:00,3,"43.707175423533876,-72.29072460503018"
u50,1364118908,2013-03-24 09:55:08+00:00,,
u50,1364121436,2013-03-24 10:37:16+00:00,,
u50,1364121438,2013-03-24 10:37:18+00:00,,
u50,1364121440,2013-03-24 10:37:20+00:00,,
u50,1364121905,2013-03-24 10:45:05+00:00,,
u50,1364593119,2013-03-29 21:38:39+00:00,2,"43.70717042,-72.28652835"
u50,1364710386,2013-03-31 06:13:06+00:00,1,"43.7081182,-72.28358526"
u50,1364812039,2013-04-01 10:27:19+00:00,1,"43.70568092,-72.28295897"
u50,1365140475,2013-04-05 05:41:15+00:00,1,"43.70666919,-72.28713494"
u50,1365316306,2013-04-07 06:31:46+00:00,1,"43.70683169,-72.28705001"
u50,1365630564,2013-04-10 21:49:24+00:00,2,"43.70553455,-72.28285265"
u50,1365711007,2013-04-11 20:10:07+00:00,2,"43.70657402,-72.28709846"
u51,1364119034,2013-03-24 09:57:14+00:00,,
u51,1364122295,2013-03-24 10:51:35+00:00,,
u51,1364122297,2013-03-24 10:51:37+00:00,,
u51,1364122299,2013-03-24 10:51:39+00:00,,
u51,1364122300,2013-03-24 10:51:40+00:00,,
u51,1364537669,2013-03-29 06:14:29+00:00,3,"43.69935689,-72.29051287"
u51,1364627439,2013-03-30 07:10:39+00:00,3,"43.68294283,-72.28488609"
u51,1364720335,2013-03-31 08:58:55+00:00,2,"43.65187205,-72.30975063"
u51,1364797637,2013-04-01 06:27:17+00:00,2,"43.70551734,-72.28335444"
u51,1364965653,2013-04-03 05:07:33+00:00,3,"43.68788979,-72.29233141"
u51,1365135473,2013-04-05 04:17:53+00:00,2,"43.69498059,-72.29014274"
u51,1365312457,2013-04-07 05:27:37+00:00,2,"43.67761453,-72.1007708"
u51,1365318475,2013-04-07 07:07:55+00:00,2,"43.67761453,-72.1007708"
u51,1365405277,2013-04-08 07:14:37+00:00,1,"43.70057731,-72.28955261"
u51,1365624603,2013-04-10 20:10:03+00:00,1,"43.70660044,-72.28702986"
u51,1365711620,2013-04-11 20:20:20+00:00,1,"43.70644132,-72.28719247"
u51,1365799747,2013-04-12 20:49:07+00:00,1,"43.70664201,-72.28687051"
u51,1366068415,2013-04-15 23:26:55+00:00,1,"43.7065978,-72.28709206"
u51,1366093581,2013-04-16 06:26:21+00:00,1,Unknown
u51,1366183759,2013-04-17 07:29:19+00:00,2,"43.70763358,-72.28826433"
u51,1366362470,2013-04-19 09:07:50+00:00,2,"43.70192126,-72.28925157"
u51,1366584069,2013-04-21 22:41:09+00:00,1,"43.70647457,-72.28694116"
u51,1366613449,2013-04-22 06:50:49+00:00,3,"43.70639016,-72.28683325"
u51,1366700819,2013-04-23 07:06:59+00:00,2,"43.70640485,-72.28685946"
u51,1367568991,2013-05-03 08:16:31+00:00,2,"43.70276553,-72.28905969"
u51,1367798138,2013-05-05 23:55:38+00:00,2,"42.03807185,-72.61743268"
u51,1367837130,2013-05-06 10:45:30+00:00,2,"43.70983685,-72.28318346"
u51,1368208488,2013-05-10 17:54:48+00:00,1,"43.70867293,-72.28167835"
u51,1368343350,2013-05-12 07:22:30+00:00,1,"43.70644675,-72.2867901"
u51,1368404521,2013-05-13 00:22:01+00:00,1,"43.70854618,-72.28326996"
u51,1368516542,2013-05-14 07:29:02+00:00,2,"43.69545444,-72.2897973"
u51,1369467674,2013-05-25 07:41:14+00:00,1,"43.6285899,-72.32269504"
u51,1369622904,2013-05-27 02:48:24+00:00,1,"43.69384957,-72.28397489"
u51,1369883774,2013-05-30 03:16:14+00:00,1,"43.70738663,-72.28550615"
u51,1370054362,2013-06-01 02:39:22+00:00,2,"43.70419424,-72.28832947"
u51,1370208452,2013-06-02 21:27:32+00:00,3,"43.70660417,-72.28703816"
u51,1370280774,2013-06-03 17:32:54+00:00,1,"43.65737758,-72.24507738"
u51,1370399869,2013-06-05 02:37:49+00:00,1,"43.69719798,-72.28066952"
u52,1364118751,2013-03-24 09:52:31+00:00,,
u52,1364121887,2013-03-24 10:44:47+00:00,,
u52,1364121889,2013-03-24 10:44:49+00:00,,
u52,1364121891,2013-03-24 10:44:51+00:00,,
u52,1364121891,2013-03-24 10:44:51+00:00,,
u52,1364121907,2013-03-24 10:45:07+00:00,,
u52,1364639381,2013-03-30 10:29:41+00:00,3,"43.7071139,-72.2889671"
u52,1364711213,2013-03-31 06:26:53+00:00,3,"43.7070176,-72.28908631666667"
u52,1364797087,2013-04-01 06:18:07+00:00,3,"43.707209383333335,-72.28884528333333"
u52,1364963448,2013-04-03 04:30:48+00:00,3,"43.7069401,-72.28877828333333"
u52,1365049956,2013-04-04 04:32:36+00:00,2,"43.706527333333334,-72.28934398333334"
u52,1365174196,2013-04-05 15:03:16+00:00,3,"43.70728103333333,-72.28899271666667"
u52,1365224295,2013-04-06 04:58:15+00:00,3,"43.702451116666666,-72.28956378333334"
u52,1365274578,2013-04-06 18:56:18+00:00,2,"43.70713576666667,-72.28891061666667"
u52,1365315425,2013-04-07 06:17:05+00:00,2,"43.707121433333334,-72.28947938333333"
u52,1365624535,2013-04-10 20:08:55+00:00,2,"43.7030312,-72.28956423333334"
u52,1365710425,2013-04-11 20:00:25+00:00,2,"43.7072184,-72.28903266666667"
u52,1365797086,2013-04-12 20:04:46+00:00,3,"43.70737126666667,-72.28852878333333"
u52,1365883654,2013-04-13 20:07:34+00:00,2,"43.70717081666667,-72.28903926666666"
u53,1364118811,2013-03-24 09:53:31+00:00,,
u53,1364119517,2013-03-24 10:05:17+00:00,,
u53,1364120259,2013-03-24 10:17:39+00:00,,
u53,1364120989,2013-03-24 10:29:49+00:00,,
u53,1364121832,2013-03-24 10:43:52+00:00,,
u53,1364428295,2013-03-27 23:51:35+00:00,2,"43.70802035,-72.28348765"
u53,1364500735,2013-03-28 19:58:55+00:00,4,"43.70813907,-72.28399749"
u53,1364551120,2013-03-29 09:58:40+00:00,2,"43.70545141,-72.28303045"
u53,1364592769,2013-03-29 21:32:49+00:00,3,"43.70789343,-72.28376628"
u53,1364623287,2013-03-30 06:01:27+00:00,3,"43.70550267,-72.2831871"
u53,1364797369,2013-04-01 06:22:49+00:00,3,"43.01145504,-71.43604216"
u53,1364797369,2013-04-01 06:22:49+00:00,4,"43.40062634,-72.01627429"
u53,1364797372,2013-04-01 06:22:52+00:00,3,"43.63632448,-72.28880593"
u53,1364816075,2013-04-01 11:34:35+00:00,3,"43.70548962,-72.28310369"
u53,1364966360,2013-04-03 05:19:20+00:00,2,Unknown
u53,1365050752,2013-04-04 04:45:52+00:00,3,"43.70703943,-72.2869256"
u53,1365128630,2013-04-05 02:23:50+00:00,4,"43.70567171,-72.28315625"
u53,1365217505,2013-04-06 03:05:05+00:00,3,"43.70652295,-72.28353758"
u53,1365308506,2013-04-07 04:21:46+00:00,3,Unknown
u53,1365317258,2013-04-07 06:47:38+00:00,3,"43.70548027,-72.28293906"
u53,1365441552,2013-04-08 17:19:12+00:00,2,"43.66454128,-72.24716229"
u53,1365714036,2013-04-11 21:00:36+00:00,4,"43.70546486,-72.28308025"
u53,1365840677,2013-04-13 08:11:17+00:00,3,"43.70524211,-72.28287642"
u53,1365893681,2013-04-13 22:54:41+00:00,3,"43.7062465,-72.28310904"
u53,1366096229,2013-04-16 07:10:29+00:00,2,"43.70553921,-72.28302343"
u53,1366353520,2013-04-19 06:38:40+00:00,3,"43.70552167,-72.2830477"
u53,1366635799,2013-04-22 13:03:19+00:00,2,"43.70533036,-72.28315461"
u53,1366697528,2013-04-23 06:12:08+00:00,2,"43.70544746,-72.28320389"
u53,1367577579,2013-05-03 10:39:39+00:00,3,"43.70547626,-72.28309158"
u53,1368079509,2013-05-09 06:05:09+00:00,2,"43.70675386,-72.28641585"
u53,1368165957,2013-05-10 06:05:57+00:00,3,"43.70550636,-72.2830905"
u53,1368259867,2013-05-11 08:11:07+00:00,3,"43.65051289,-72.31035182"
u53,1368347551,2013-05-12 08:32:31+00:00,3,"43.70536903,-72.28326056"
u53,1368425718,2013-05-13 06:15:18+00:00,3,"43.70568311,-72.28321676"
u53,1369796227,2013-05-29 02:57:07+00:00,3,"43.70556611,-72.28299394"
u53,1369971639,2013-05-31 03:40:39+00:00,4,"43.70539723,-72.28309558"
u54,1364118988,2013-03-24 09:56:28+00:00,,
u54,1364121434,2013-03-24 10:37:14+00:00,,
u54,1364121436,2013-03-24 10:37:16+00:00,,
u54,1364121438,2013-03-24 10:37:18+00:00,,
u54,1364122006,2013-03-24 10:46:46+00:00,,
u54,1364847735,2013-04-01 20:22:15+00:00,6,"41.55404933,-73.03993472"
u54,1364961631,2013-04-03 04:00:31+00:00,3,"43.70393297,-72.29575493"
u54,1365138058,2013-04-05 05:00:58+00:00,3,"43.70280446,-72.29102992"
u54,1365221461,2013-04-06 04:11:01+00:00,2,"43.70304486,-72.29041049"
u54,1365368699,2013-04-07 21:04:59+00:00,3,"44.0287685,-72.1012526"
u54,1365712333,2013-04-11 20:32:13+00:00,2,Unknown
u54,1365972426,2013-04-14 20:47:06+00:00,2,"43.70684315,-72.28727941"
u54,1366178710,2013-04-17 06:05:10+00:00,3,"43.70620298,-72.28867813"
u54,1366264811,2013-04-18 06:00:11+00:00,3,"43.70415015,-72.29367693"
u54,1366525967,2013-04-21 06:32:47+00:00,2,"43.70285976,-72.28598337"
u54,1367257738,2013-04-29 17:48:58+00:00,1,Unknown
u56,1364118749,2013-03-24 09:52:29+00:00,,
u56,1364122233,2013-03-24 10:50:33+00:00,,
u56,1364122234,2013-03-24 10:50:34+00:00,,
u56,1364122236,2013-03-24 10:50:36+00:00,,
u56,1364122237,2013-03-24 10:50:37+00:00,,
u56,1364122239,2013-03-24 10:50:39+00:00,,
u56,1365460894,2013-04-08 22:41:34+00:00,2,"43.01433773,-72.34858847"
u56,1365619734,2013-04-10 18:48:54+00:00,3,"43.7167643,-72.3092846"
u56,1365887597,2013-04-13 21:13:17+00:00,2,"43.01440941,-72.34824962"
u56,1365976137,2013-04-14 21:48:57+00:00,2,"43.71634031,-72.30888868"
u56,1366095907,2013-04-16 07:05:07+00:00,2,"43.71671598,-72.3090822"
u56,1366270823,2013-04-18 07:40:23+00:00,2,"43.71646992,-72.30896549"
u56,1367600904,2013-05-03 17:08:24+00:00,3,"43.71663661,-72.30912731"
u56,1368119959,2013-05-09 17:19:19+00:00,4,"43.71641225,-72.30929063"
u56,1368433193,2013-05-13 08:19:53+00:00,2,"43.71665523,-72.30904318"
u56,1368519827,2013-05-14 08:23:47+00:00,3,"43.7165207,-72.30909122"
u56,1369008603,2013-05-20 00:10:03+00:00,4,Unknown
u56,1370311962,2013-06-04 02:12:42+00:00,1,"43.71654905,-72.30960914"
u57,1364414589,2013-03-27 20:03:09+00:00,4,"43.7028781,-72.29009704"
u57,1364536905,2013-03-29 06:01:45+00:00,5,"43.70693132,-72.28888253"
u57,1364624134,2013-03-30 06:15:34+00:00,4,"43.70742863,-72.28842649"
u57,1364709684,2013-03-31 06:01:24+00:00,5,"43.70316428,-72.28958366"
u57,1364799430,2013-04-01 06:57:10+00:00,4,"43.70707976,-72.28926095"
u57,1364961683,2013-04-03 04:01:23+00:00,4,"43.70323119,-72.28881724"
u57,1365051802,2013-04-04 05:03:22+00:00,5,"43.72349899,-72.28934052"
u57,1365134489,2013-04-05 04:01:29+00:00,5,"43.70303294,-72.29061235"
u57,1365224334,2013-04-06 04:58:54+00:00,4,"43.07856719,-71.47247614"
u57,1365624902,2013-04-10 20:15:02+00:00,4,"43.70688139,-72.28866023"
u57,1365743069,2013-04-12 05:04:29+00:00,4,"43.70715199,-72.2885498"
u57,1365796880,2013-04-12 20:01:20+00:00,4,"43.70702788,-72.28909157"
u57,1365885657,2013-04-13 20:40:57+00:00,5,"43.70698043,-72.2887427"
u57,1365969995,2013-04-14 20:06:35+00:00,5,"43.7037867,-72.28943352"
u57,1366151097,2013-04-16 22:24:57+00:00,4,"43.70724046,-72.28885725"
u57,1366179422,2013-04-17 06:17:02+00:00,4,"43.70712411,-72.28877067"
u57,1366500247,2013-04-20 23:24:07+00:00,5,"43.81237747,-72.18886948"
u57,1366524811,2013-04-21 06:13:31+00:00,4,"43.7071141,-72.28895246"
u57,1366615905,2013-04-22 07:31:45+00:00,5,"43.70635188,-72.2869814"
u57,1367128986,2013-04-28 06:03:06+00:00,4,"43.70726931,-72.28898657"
u57,1367317773,2013-04-30 10:29:33+00:00,4,"43.70262136,-72.29084874"
u57,1367566027,2013-05-03 07:27:07+00:00,5,"43.70692093,-72.2882277"
u57,1367733842,2013-05-05 06:04:02+00:00,4,"43.70702291,-72.28833102"
u57,1367859414,2013-05-06 16:56:54+00:00,5,"43.70700711,-72.28832348"
u57,1368165706,2013-05-10 06:01:46+00:00,5,"43.70696809,-72.28884744"
u57,1368256033,2013-05-11 07:07:13+00:00,5,"43.70542513,-72.289677"
u57,1368338583,2013-05-12 06:03:03+00:00,5,"43.70705639,-72.28908191"
u57,1368511243,2013-05-14 06:00:43+00:00,4,"43.70707271,-72.28864822"
u57,1369375214,2013-05-24 06:00:14+00:00,5,"43.70570937,-72.29025871"
u57,1369462230,2013-05-25 06:10:30+00:00,5,"43.65234606,-72.31917207"
u57,1369533893,2013-05-26 02:04:53+00:00,6,"43.70485676,-72.28807261"
u57,1369620157,2013-05-27 02:02:37+00:00,4,"43.70412608,-72.28996465"
u57,1369706413,2013-05-28 02:00:13+00:00,4,"43.70502248,-72.28958197"
u57,1369797790,2013-05-29 03:23:10+00:00,4,Unknown
u57,1370055411,2013-06-01 02:56:51+00:00,3,"43.70718501,-72.28886216"
u57,1370229702,2013-06-03 03:21:42+00:00,4,"43.70642722,-72.29108366"
u58,1364428486,2013-03-27 23:54:46+00:00,1,"43.70611586,-72.28345541"
u58,1364542583,2013-03-29 07:36:23+00:00,2,"43.70738403,-72.28764595"
u58,1364709958,2013-03-31 06:05:58+00:00,1,"43.70850694,-72.28242346"
u58,1364963578,2013-04-03 04:32:58+00:00,3,"43.70622215,-72.28330781"
u58,1365048511,2013-04-04 04:08:31+00:00,3,"43.70745402,-72.28325715"
u58,1365138208,2013-04-05 05:03:28+00:00,2,"43.70660035,-72.28709394"
u58,1365221422,2013-04-06 04:10:22+00:00,2,"43.70610012,-72.28338585"
u58,1365315964,2013-04-07 06:26:04+00:00,3,"43.70583037,-72.28328387"
u58,1365405296,2013-04-08 07:14:56+00:00,2,"43.70606612,-72.2831362"
u58,1365626973,2013-04-10 20:49:33+00:00,2,"43.70736617,-72.28585735"
u58,1365711945,2013-04-11 20:25:45+00:00,3,"42.36179445,-71.0801419"
u58,1365797325,2013-04-12 20:08:45+00:00,2,"43.70710444,-72.28311046"
u58,1365885030,2013-04-13 20:30:30+00:00,1,"43.70632,-72.28343388"
u58,1365973448,2013-04-14 21:04:08+00:00,1,"43.70620341,-72.28324609"
u58,1366093178,2013-04-16 06:19:38+00:00,2,"43.70839358,-72.2822233"
u58,1366183775,2013-04-17 07:29:35+00:00,3,"43.70607334,-72.28289277"
u58,1366258337,2013-04-18 04:12:17+00:00,3,"43.70645524,-72.28313281"
u58,1366264812,2013-04-18 06:00:12+00:00,3,"43.70645524,-72.28313281"
u58,1366351210,2013-04-19 06:00:10+00:00,3,"43.70613747,-72.28341241"
u58,1366518900,2013-04-21 04:35:00+00:00,2,"43.70614787,-72.2833544"
u58,1366563098,2013-04-21 16:51:38+00:00,2,"43.7061593,-72.2835932"
u58,1366595595,2013-04-22 01:53:15+00:00,2,"43.70626803,-72.2833694"
u58,1366611386,2013-04-22 06:16:26+00:00,2,"43.70625615,-72.28323149"
u58,1366697090,2013-04-23 06:04:50+00:00,2,"43.70623102,-72.28310164"
u58,1366959980,2013-04-26 07:06:20+00:00,3,"43.70616071,-72.28328686"
u58,1367138695,2013-04-28 08:44:55+00:00,1,"43.70591621,-72.28494616"
u58,1367574032,2013-05-03 09:40:32+00:00,2,"43.7062086,-72.28353341"
u58,1367748842,2013-05-05 10:14:02+00:00,1,"43.70616309,-72.28327894"
u58,1367821214,2013-05-06 06:20:14+00:00,1,"43.70673131,-72.28330986"
u58,1368097135,2013-05-09 10:58:55+00:00,3,"43.7062678,-72.28294227"
u58,1368165614,2013-05-10 06:00:14+00:00,3,"43.70621972,-72.28341278"
u58,1368255753,2013-05-11 07:02:33+00:00,1,"43.70317016,-72.28645937"
u58,1368350621,2013-05-12 09:23:41+00:00,1,"43.70647378,-72.28294033"
u58,1368416721,2013-05-13 03:45:21+00:00,2,"43.70647378,-72.28294033"
u58,1368432143,2013-05-13 08:02:23+00:00,1,"43.70599042,-72.28304403"
u58,1368524722,2013-05-14 09:45:22+00:00,2,"43.7059648,-72.2834485"
u58,1369473920,2013-05-25 09:25:20+00:00,1,"43.70627269,-72.28321965"
u58,1369539147,2013-05-26 03:32:27+00:00,2,"43.70539408,-72.28305743"
u58,1369622696,2013-05-27 02:44:56+00:00,1,"43.70618726,-72.28339225"
u58,1369779453,2013-05-28 22:17:33+00:00,2,"43.70622433,-72.28334234"
u58,1369793021,2013-05-29 02:03:41+00:00,2,"43.70527295,-72.28304277"
u58,1369882147,2013-05-30 02:49:07+00:00,1,"43.70565376,-72.28328564"
u58,1370058058,2013-06-01 03:40:58+00:00,2,"43.70239827,-72.28972347"
u59,1364355943,2013-03-27 03:45:43+00:00,4,"43.70600279420614,-72.28865772485733"
u59,1364401054,2013-03-27 16:17:34+00:00,4,"43.70436740107834,-72.28962558321655"
u59,1364488487,2013-03-28 16:34:47+00:00,5,"43.702606027945876,-72.2895226534456"
u59,1364517560,2013-03-29 00:39:20+00:00,5,"43.702606027945876,-72.2895226534456"
u59,1364541921,2013-03-29 07:25:21+00:00,4,"43.702606027945876,-72.2895226534456"
u59,1364586014,2013-03-29 19:40:14+00:00,4,"43.702606027945876,-72.2895226534456"
u59,1364623434,2013-03-30 06:03:54+00:00,4,"43.705576616339386,-72.29041096754372"
u59,1364686737,2013-03-30 23:38:57+00:00,5,"43.70673427,-72.28779417"
u59,1364714867,2013-03-31 07:27:47+00:00,5,"43.70295231,-72.29014782"
u59,1364722663,2013-03-31 09:37:43+00:00,4,"43.70295231,-72.29014782"
u59,1364766376,2013-03-31 21:46:16+00:00,4,"43.70563006,-72.29085119"
u59,1364802306,2013-04-01 07:45:06+00:00,4,"43.7025121,-72.28898705"
u59,1364829242,2013-04-01 15:14:02+00:00,4,"43.7025121,-72.28898705"
u59,1364838786,2013-04-01 17:53:06+00:00,4,"43.704395,-72.28801132"
u59,1364921380,2013-04-02 16:49:40+00:00,4,"43.70566922,-72.29087336"
u59,1364961692,2013-04-03 04:01:32+00:00,4,"43.70763698,-72.2908901"
u59,1364968699,2013-04-03 05:58:19+00:00,4,"43.7052441,-72.29056065"
u59,1365048595,2013-04-04 04:09:55+00:00,5,"43.70492743,-72.2901242"
u59,1365094619,2013-04-04 16:56:59+00:00,5,"43.70385188,-72.28719243"
u59,1365122662,2013-04-05 00:44:22+00:00,5,"43.705932260490954,-72.28973739780486"
u59,1365127477,2013-04-05 02:04:37+00:00,5,"43.70590191800147,-72.28983261622488"
u59,1365134513,2013-04-05 04:01:53+00:00,5,"43.70497429277748,-72.29044700972736"
u59,1365177647,2013-04-05 16:00:47+00:00,4,"43.705437518656254,-72.29089770466089"
u59,1365205423,2013-04-05 23:43:43+00:00,4,"43.70539468713105,-72.29043569415808"
u59,1365293865,2013-04-07 00:17:45+00:00,5,"43.70573427993804,-72.2908112872392"
u59,1365314533,2013-04-07 06:02:13+00:00,4,"43.703158563002944,-72.29066770523787"
u59,1365338654,2013-04-07 12:44:14+00:00,4,Unknown
u59,1365393711,2013-04-08 04:01:51+00:00,4,"43.703208435326815,-72.29068145155907"
u59,1365400840,2013-04-08 06:00:40+00:00,4,"43.7060222402215,-72.29019781574607"
u59,1365494970,2013-04-09 08:09:30+00:00,4,"43.705809926614165,-72.29142350144684"
u59,1365562568,2013-04-10 02:56:08+00:00,4,Unknown
u59,1365624089,2013-04-10 20:01:29+00:00,4,"43.702894197776914,-72.29080315679312"
u59,1365710567,2013-04-11 20:02:47+00:00,4,"43.701694663614035,-72.2882104665041"
u59,1365797198,2013-04-12 20:06:38+00:00,4,"43.70402202475816,-72.28741058148444"
u59,1365815120,2013-04-13 01:05:20+00:00,4,"43.70522507932037,-72.29081598110497"
u59,1365884757,2013-04-13 20:25:57+00:00,5,Unknown
u59,1365898164,2013-04-14 00:09:24+00:00,5,"43.70568109676242,-72.29072663001716"
u59,1365969954,2013-04-14 20:05:54+00:00,4,"43.70137925259769,-72.28947512805462"
u59,1365969955,2013-04-14 20:05:55+00:00,4,"43.70137925259769,-72.28947512805462"
u59,1366071506,2013-04-16 00:18:26+00:00,4,Unknown
u59,1366092014,2013-04-16 06:00:14+00:00,4,"43.70289050973952,-72.2909696213901"
u59,1366178596,2013-04-17 06:03:16+00:00,4,"43.70563139207661,-72.29079762473702"
u59,1366264831,2013-04-18 06:00:31+00:00,4,Unknown
u59,1366351219,2013-04-19 06:00:19+00:00,5,Unknown
u59,1366537553,2013-04-21 09:45:53+00:00,4,"43.70550541207194,-72.2784256003797"
u59,1366610449,2013-04-22 06:00:49+00:00,4,"43.70345394127071,-72.29087851010263"
u59,1366653461,2013-04-22 17:57:41+00:00,4,"43.705973415635526,-72.28723850101233"
u59,1366697001,2013-04-23 06:03:21+00:00,4,Unknown
u59,1366836425,2013-04-24 20:47:05+00:00,4,Unknown
u59,1366918826,2013-04-25 19:40:26+00:00,4,"43.7066536070779,-72.28823712095618"
u59,1367100501,2013-04-27 22:08:21+00:00,5,Unknown
u59,1367129674,2013-04-28 06:14:34+00:00,5,"43.704226040281355,-72.29057994671166"
u59,1367183499,2013-04-28 21:11:39+00:00,4,"43.705516937188804,-72.29096400551498"
u59,1367223321,2013-04-29 08:15:21+00:00,5,"43.706689733080566,-72.28658253327012"
u59,1367251143,2013-04-29 15:59:03+00:00,5,"43.70427260175347,-72.28899610228837"
u59,1367348634,2013-04-30 19:03:54+00:00,5,"43.70579710230231,-72.29083056561649"
u59,1367510606,2013-05-02 16:03:26+00:00,5,"43.70563415810466,-72.2912774886936"
u59,1367595723,2013-05-03 15:42:03+00:00,4,"43.705528462305665,-72.29130095802248"
u59,1367734805,2013-05-05 06:20:05+00:00,4,"43.70178573299199,-72.28840081952512"
u59,1367945862,2013-05-07 16:57:42+00:00,4,"43.705429220572114,-72.29127271100879"
u59,1368034650,2013-05-08 17:37:30+00:00,4,Unknown
u59,1368172884,2013-05-10 08:01:24+00:00,4,Unknown
u59,1368293719,2013-05-11 17:35:19+00:00,4,"33.64079515915364,-84.43565824069083"
u59,1368430003,2013-05-13 07:26:43+00:00,3,"29.90313538815826,-90.02738610841334"
u59,1368719008,2013-05-16 15:43:28+00:00,5,"43.70553600601852,-72.29107699356973"
u59,1368911202,2013-05-18 21:06:42+00:00,5,"43.70494906324893,-72.29194141924381"
u59,1368992078,2013-05-19 19:34:38+00:00,5,"43.705568527802825,-72.29081480763853"
u59,1369162575,2013-05-21 18:56:15+00:00,4,Unknown
u59,1369249118,2013-05-22 18:58:38+00:00,4,"43.705720701254904,-72.29104246012866"
u59,1369514296,2013-05-25 20:38:16+00:00,4,Unknown
u59,1369595864,2013-05-26 19:17:44+00:00,4,"43.705819859169424,-72.29087230749428"
u59,1369681760,2013-05-27 19:09:20+00:00,4,"43.70550733990967,-72.2909749019891"
u59,1369792836,2013-05-29 02:00:36+00:00,4,Unknown
u59,1369858105,2013-05-29 20:08:25+00:00,4,Unknown
u59,1369930348,2013-05-30 16:12:28+00:00,5,"43.705530599690974,-72.29089292697608"
u59,1370152824,2013-06-02 06:00:24+00:00,4,"29.900103276595473,-90.0295245833695"
u59,1370387889,2013-06-04 23:18:09+00:00,3,"29.902872280217707,-90.02744721248746"
u59,1370477153,2013-06-06 00:05:53+00:00,3,"29.902892354875803,-90.02732827328146"
u59,1370648791,2013-06-07 23:46:31+00:00,3,"29.899868331849575,-90.02978006377816"
