user_id,level,location,resp_time
u44,4,"43.69230795,-72.26691314",1364970926
u44,5,"43.70631764,-72.2868794",1365039582
u44,4,"43.70687995,-72.28684036",1364947585
u44,4,"43.70598417,-72.28671793",1365034778
u44,4,"43.69220757,-72.26687248",1365055880
u44,4,"43.69207668,-72.26667703",1365092074
u44,1,"43.69207668,-72.26667703",1365099647
u44,1,"43.70647656,-72.28646693",1365112476
u44,4,"43.70647656,-72.28646693",1365128510
u44,1,"43.70647656,-72.28646693",1365121898
u44,4,"43.70653963,-72.28694217",1365141955
u44,4,"43.69200732,-72.26705782",1365180357
u44,1,"43.69245308,-72.26713397",1365358007
u44,1,"43.70785555,-72.28572217",1365265847
u44,4,"43.70785555,-72.28572217",1365240302
u44,2,"43.69245308,-72.26713397",1365398461
u44,1,"43.69220733,-72.26727623",1365439214
u44,4,"43.69225568,-72.26665378",1365453699
u44,4,"43.69234133,-72.26691819",1365494583
u44,1,"43.69197213,-72.26693076",1365483485
u44,1,"43.69221111,-72.26702562",1365525503
u44,1,"43.69188915,-72.26684014",1365546616
u44,1,"43.69223338,-72.26689517",1365614316
u44,2,"43.70905522,-72.28367829",1365634932
u44,1,"43.69231687,-72.26692115",1365699834
u44,1,"43.69250898,-72.26687713",1366013669
u44,1,"43.70752065,-72.28669805",1365717744
u44,1,"43.69213022,-72.27010971",1365808738
u44,1,"43.69213022,-72.27010971",1365789423
u44,1,"43.69220716,-72.26708063",1365871745
u44,2,"43.70926341,-72.28546583",1365882887
u44,1,"43.70926341,-72.28546583",1365896887
u44,1,"43.69219202,-72.26690084",1366302925
u44,2,"43.69206212,-72.26702576",1366042917
u44,4,"43.70711018,-72.28582147",1366086121
u44,4,"43.70711018,-72.28582147",1366080627
u44,1,"43.69226815,-72.26702755",1366129700
u44,1,"43.69222142,-72.26706862",1366475620
u44,1,"43.69196026,-72.2669165",1366436553
u44,1,"43.69232314,-72.26697319",1366993598
u44,1,"43.69229061,-72.26677536",1366564166
u44,2,"43.69233549,-72.26693414",1366646996
u44,4,"43.70957133,-72.28436521",1366698238
u44,1,"43.69935873,-72.28135033",1366849777
u44,1,"43.69224244,-72.26693975",1366734253
u44,1,"43.69221585,-72.26709452",1366907379
u44,1,Unknown,1367082617
u44,1,"43.70924953,-72.28306718",1366999352
u44,1,"43.69187537,-72.26715603",1367209808
u44,3,"43.69198838,-72.26681867",1367248360
u44,3,"43.70907937,-72.2835377",1367284632
u44,3,"43.70907937,-72.2835377",1367294598
u44,1,"43.69205554,-72.2671205",1367335729
u44,1,"43.69241334,-72.26678771",1367420659
u44,1,"43.69204838,-72.26683492",1367471501
u44,1,"43.69204957,-72.26697347",1367512025
u44,1,"43.69218699,-72.26710181",1367595240
u44,1,"43.69225,-72.26698519",1368552697
u44,1,"43.70697752,-72.28728895",1367813439
u44,1,"43.69255276,-72.26704092",1367951047
u44,1,"43.69208378,-72.26703755",1367687476
u44,4,"43.70691341,-72.28711558",1367871050
u44,4,"43.69209984,-72.26703955",1368649748
u44,4,"43.69229577,-72.26673522",1368726559
u44,4,"43.69219289,-72.26671048",1368636548
u44,1,Unknown,1368333006
u44,1,"43.69230186,-72.26682816",1368036193
u44,1,"43.69230186,-72.26682816",1368121170
u44,1,"43.69206484,-72.26700327",1368465076
u44,1,"43.69238395,-72.26701546",1367775963
u44,1,"43.69255276,-72.26704092",1367951052
u44,3,"43.69230186,-72.26682816",1368030431
u44,4,"43.69220954,-72.26702639",1368378349
u44,3,"43.69175278,-72.26719117",1368584143
u44,4,"43.69208336,-72.26695152",1368670508
u44,4,"43.69229577,-72.26673522",1368733550
u44,4,"43.69229406,-72.26664182",1368812679
u44,1,"43.6922613,-72.26687932",1368898834
u44,1,"43.69142104,-72.26941669",1368992174
u44,1,"43.69230186,-72.26692699",1369068276
u44,1,"43.69227685,-72.26694425",1369113015
u44,1,"43.69245721,-72.26707397",1369198725
u44,1,"43.69230566,-72.26694933",1369244504
u44,1,"43.69213441,-72.26712004",1369329213
u44,1,"43.69222786,-72.26719913",1369416038
u44,2,"43.69341383,-72.2733575",1369675715
u44,5,"43.69232465,-72.26672118",1370034952
u05,4,"43.70751491,-72.28694759",1364415083
u05,5,"43.70751491,-72.28694759",1364425922
u05,4,"43.70751491,-72.28694759",1364409301
u05,4,"43.70751491,-72.28694759",1364501283
u05,1,"43.70751491,-72.28694759",1364508216
u05,4,"43.70751491,-72.28694759",1364605380
u05,4,"43.70486983,-72.29032605",1364681002
u05,1,"42.69942036,-71.43609676",1364713747
u52,2,"43.7029945,-72.29112495",1364682245
u52,1,"43.70716035,-72.28937596666667",1364508232
u52,2,"43.70538861666667,-72.2896257",1364767884
u52,1,"43.70710476666667,-72.28895371666667",1364948671
u52,5,"43.70712738333334,-72.28893718333333",1364971464
u52,5,"43.7069955,-72.28824085",1365035814
u52,5,"43.707083266666665,-72.28889416666667",1365065874
u52,3,"43.70326943333333,-72.290563",1365452631
u52,1,"43.706978783333334,-72.28869071666666",1365122716
u52,1,"43.707280983333334,-72.2890027",1365174204
u52,3,"43.70726605,-72.28919321666666",1365209113
u52,3,"43.70713713333333,-72.28891073333334",1365274587
u52,3,"43.707121433333334,-72.28947938333333",1365304983
u52,5,"43.70704988333333,-72.28903018333334",1365495923
u52,1,"43.7030312,-72.28956423333334",1365634058
u52,4,"43.707109683333336,-72.28891951666667",1366260396
u52,5,"43.70706548333333,-72.28899323333333",1365718338
u52,1,"43.70716755,-72.2888156",1365803998
u52,5,"43.70729465,-72.288737",1365895486
u52,1,"43.7032011,-72.29047235",1366185604
u52,2,"43.706763233333334,-72.28900886666666",1365981928
u52,1,"43.70699183333333,-72.2890747",1366056000
u52,1,"43.707300599999996,-72.2890433",1366099216
u52,4,"43.7032011,-72.29047235",1366171612
u52,5,"43.7069446,-72.28889408333333",1366273148
u52,2,"43.70727278333333,-72.28916668333333",1367216409
u52,2,"43.70715625,-72.2889859",1366704227
u52,1,"43.70723443333333,-72.28894548333334",1367309207
u52,2,"43.7070872,-72.28909465",1366999576
u52,1,"43.707265416666665,-72.28896075",1367200430
u52,1,"43.70781448333334,-72.28638735",1367389749
u52,2,"43.7072038,-72.28910031666666",1368733353
u52,2,"43.707834016666666,-72.28659761666667",1368672823
u52,1,"43.70797026666666,-72.28684785",1368823788
u52,1,"43.70704741666667,-72.28891435",1368991593
u52,3,"43.70768413333333,-72.28665698333333",1368936004
u52,3,"43.70696515,-72.288993",1369119510
u52,1,"43.70773375,-72.28618268333334",1369195743
u52,3,"43.707672716666664,-72.28611655",1369163714
u52,1,"43.70609388333333,-72.28685355",1369250370
u52,5,"43.70400668333333,-72.28917318333333",1369455023
u09,4,"43.70704889,-72.28891638",1364423233
u09,4,"43.70741873,-72.28632201",1364508026
u09,1,"43.7066596,-72.28847706",1364594445
u25,4,"43.70644271,-72.2869665",1364429445
u25,1,"43.70909673,-72.28432992",1364508242
u25,1,"43.70910721,-72.2843058",1364593727
u25,4,"43.70910721,-72.2843058",1364600754
u25,4,"43.7007487,-72.28692055",1364667381
u25,1,"42.00881745,-71.3042994",1364789484
u25,1,"43.44209012,-72.0663088",1364794084
u25,2,"43.44242939,-72.06891831",1364839000
u25,4,"43.70433167,-72.28846521",1364975587
u25,1,"43.70074964,-72.28699812",1364952728
u25,4,"43.70115034,-72.2859029",1365055231
u25,1,"43.70866672,-72.28394883",1365144192
u25,4,Unknown,1365212104
u25,4,"43.70295947,-72.28799247",1365230264
u25,2,"43.70612452,-72.28839093",1365452449
u25,4,"43.70749748,-72.28712595",1365482771
u25,3,"43.70577094,-72.28828501",1365810897
u25,3,"43.70609873,-72.28690685",1366062639
u25,4,"43.70609873,-72.28690685",1366088888
u25,1,"43.70042742,-72.28656745",1366276982
u33,4,Unknown,1364509098
u33,1,"43.70360724,-72.29640518",1364595020
u33,2,"43.70375564,-72.296021",1364953857
u33,1,"43.7037725,-72.29602645",1364681341
u33,4,"43.70400733,-72.29568279",1364767215
u33,2,"43.70412701,-72.29543193",1364840494
u33,2,"43.70375564,-72.296021",1364969309
u33,2,"43.70403059,-72.29608355",1365055213
u33,1,"43.70336187,-72.29657414",1365144156
u33,4,"43.70518052,-72.28847409",1365210340
u33,1,"43.70518052,-72.28847409",1365230158
u33,4,"43.70374466,-72.29602394",1365386425
u33,4,"43.70711139,-72.28597263",1365451452
u33,4,"43.70568599,-72.28783925",1365480225
u33,4,"43.70369666,-72.29597969",1366057954
u33,4,"43.70367226,-72.29609228",1365494847
u33,1,"43.70356543,-72.29661063",1365564005
u33,4,"43.70730744,-72.28556254",1365717691
u33,4,"43.70356543,-72.29661063",1365537962
u33,4,"43.70356543,-72.29661063",1365544838
u33,1,"43.70332015,-72.29598121",1365631207
u33,1,"43.70332015,-72.29598121",1365591445
u33,4,"43.70589712,-72.28946922",1365636120
u33,4,"43.70140891,-72.28826401",1365649775
u33,4,"43.70369666,-72.29597969",1366101454
u33,4,"43.70730744,-72.28556254",1365736183
u33,1,"43.70368617,-72.29580241",1365807940
u33,4,"43.70247957,-72.28853107",1365747091
u33,4,"43.70351337,-72.29604785",1365892470
u33,1,"43.70362837,-72.29609942",1365976807
u33,3,"43.70329363,-72.2904394",1366190058
u33,2,"43.70370911,-72.29582755",1366171281
u33,4,"43.70351032,-72.29612362",1366272052
u33,4,"43.70351032,-72.29612362",1366257620
u33,5,"43.70375648,-72.29575915",1366434691
u33,2,"43.70489887,-72.29225887",1367280004
u33,3,"43.70444278,-72.29423807",1367306590
u33,2,"43.70349058,-72.29630285",1367193608
u33,2,"43.70349058,-72.29630285",1367208000
u33,3,"43.70352854,-72.29607494",1367265604
u33,3,"43.70351749,-72.29606608",1367306356
u33,2,"43.70366156,-72.29600886",1367472245
u33,3,"43.70090072,-72.28811252",1367384590
u33,3,"43.70368448,-72.29611307",1368732794
u33,3,"43.70368448,-72.29611307",1368589922
u33,3,"43.70125389,-72.28827114",1367987175
u33,3,"43.70353749,-72.29596044",1367958272
u33,3,Unknown,1368043869
u33,3,"43.70240731,-72.28871106",1367814633
u33,3,"43.70353749,-72.29596044",1367905796
u33,3,"43.70368448,-72.29611307",1368645196
u33,3,"43.70340016,-72.29598785",1368845796
u33,3,"43.70340016,-72.29598785",1368909411
u33,3,"43.70340016,-72.29598785",1368937275
u33,3,"43.70344151,-72.29635117",1369195344
u33,3,"43.70364386,-72.29648143",1369368022
u33,4,"43.70363097,-72.29625958",1369433166
u33,2,Unknown,1369880426
u32,4,"43.64827459,-72.24550815",1364698203
u32,4,"43.64827459,-72.24550815",1364697586
u32,1,"43.7032657,-72.29045059",1364947289
u32,4,"42.35025658,-71.07655539",1364759632
u32,1,"43.70348694,-72.29093353",1364970834
u32,1,"43.70383924,-72.29026049",1364841110
u32,1,"43.70371584,-72.2909896",1365012278
u32,1,"43.70348694,-72.29093353",1364955580
u32,1,"43.70367648,-72.29094557",1365037401
u32,4,"43.70584223,-72.29075364",1365062828
u32,1,"43.70584223,-72.29075364",1365123110
u32,1,"43.70584223,-72.29075364",1365142985
u32,4,"43.70515516,-72.28939444",1365368656
u32,4,"43.70515516,-72.28939444",1365291582
u32,4,"43.70515516,-72.28939444",1365303826
u32,4,"43.70515516,-72.28939444",1365294992
u32,4,"43.70515516,-72.28939444",1365387644
u32,4,"43.70832897,-72.28441037",1365448387
u32,4,"43.70371352,-72.29119139",1365452871
u32,1,"43.70826063,-72.28421526",1365461697
u32,4,"43.70826063,-72.28421526",1365500751
u32,4,"43.70826063,-72.28421526",1365546112
u32,4,"43.70827877,-72.28438588",1365621182
u32,4,"43.70340811,-72.29061712",1365580690
u32,1,"43.71713165,-72.27145544",1366058592
u32,4,"43.70827877,-72.28438588",1365631746
u32,1,"43.70845191,-72.28419384",1365720705
u32,4,"43.71906267,-72.27262809",1365788565
u32,4,"43.7062746,-72.28944936",1365806533
u32,1,"43.71713165,-72.27145544",1365976872
u32,4,"43.70333989,-72.29049829",1365838933
u32,4,"43.71713165,-72.27145544",1365896739
u32,4,"43.70333989,-72.29049829",1365831981
u32,1,"43.70285908,-72.29002745",1366173987
u32,4,"43.70285908,-72.29002745",1366187223
u32,1,"43.71713165,-72.27145544",1365923784
u32,1,"43.71713165,-72.27145544",1366051943
u32,1,"43.70635749,-72.28923654",1366084803
u32,1,"43.70635749,-72.28923654",1366100608
u32,1,"43.70710027,-72.28737661",1366157845
u32,4,Unknown,1366281350
u32,4,Unknown,1366257797
u32,1,"43.7031993,-72.2904444",1366622228
u32,4,"43.70587544,-72.2911665",1366438217
u32,1,"43.70587544,-72.2911665",1366570943
u32,4,"43.7031993,-72.2904444",1366679427
u32,4,Unknown,1366830276
u32,4,"43.70301124,-72.28963789",1367294521
u32,4,"43.7031993,-72.2904444",1366662719
u32,4,"43.7031993,-72.2904444",1366711982
u32,1,"43.70608389,-72.29104393",1366999245
u32,1,"43.70608389,-72.29104393",1366962143
u32,1,"43.70301955,-72.29020739",1367181924
u32,1,"43.70301955,-72.29020739",1367193683
u32,1,"43.70393053,-72.28997233",1367280447
u32,1,"43.7089232,-72.28415444",1368037008
u32,1,"43.70421817,-72.28966565",1368561065
u32,1,"43.70690225,-72.28707856",1367979379
u32,1,"43.70333692,-72.29043048",1368583813
u32,1,"43.719082,-72.2724696",1368211817
u32,1,"43.70420319,-72.28854729",1367798930
u32,1,"43.70399217,-72.29093645",1367815489
u32,5,Unknown,1368904993
u32,1,"43.70680906,-72.28749051",1369239017
u32,1,Unknown,1369423137
u32,4,"43.65273307,-72.24424084",1369636148
u24,2,"43.70631987,-72.29102945",1364806088
u24,1,"43.70711081,-72.28617685",1364424729
u24,2,"43.70641892,-72.29107603",1364517556
u24,3,"43.67055143,-72.31802098",1364539989
u24,4,"43.70633345,-72.29084334",1364548356
u24,1,"43.70633345,-72.29084334",1364590879
u24,1,"43.70617004,-72.29083553",1364671912
u24,5,"43.70524858,-72.29046327",1364727371
u24,2,"43.70588361,-72.29057766",1364636369
u24,3,"43.70524858,-72.29046327",1364712152
u24,1,"43.70591455,-72.29054825",1364764471
u24,4,"43.70550138,-72.29129215",1364866267
u24,4,"43.70649383,-72.28807879",1365202714
u24,1,"43.70547806,-72.29117378",1365237947
u24,1,"43.70648019,-72.28808391",1365212994
u24,2,"43.70379372,-72.29020154",1365327609
u24,1,"43.70628881,-72.29056354",1365410233
u24,1,"43.70613935,-72.29098339",1365452804
u24,3,"43.70608703,-72.29127999",1365480017
u24,2,Unknown,1365754480
u24,1,"43.70622719,-72.29042601",1365546356
u24,2,"43.70622719,-72.29042601",1365536854
u24,1,"43.70597871,-72.28908972",1365793723
u24,1,"43.70621814,-72.29075864",1365779199
u24,1,"43.70619094,-72.29054811",1365886722
u24,2,"43.70435926,-72.29033729",1365902000
u24,2,"43.70618738,-72.29054297",1365930790
u24,3,"43.70435926,-72.29033729",1365922956
u24,1,"43.70306598,-72.29015459",1365976864
u24,1,"43.70306598,-72.29015459",1366057528
u24,2,"43.70658148,-72.28842709",1366186305
u24,2,Unknown,1366250469
u24,2,"43.70677861,-72.28726798",1367208005
u24,1,"43.70574595,-72.29018994",1368468338
u24,2,"43.70638055,-72.29069172",1368648039
u24,3,"43.70636729,-72.29144404",1368847941
u24,1,"43.70672317,-72.29074914",1368907617
u24,2,"43.70661086,-72.28735775",1369039879
u24,2,"43.70634052,-72.29076118",1369195600
u08,1,"43.70291844,-72.28747058",1364872663
u08,2,Unknown,1364349856
u08,1,Unknown,1364354163
u08,3,"43.70582719,-72.28937924",1364505508
u08,3,"43.70582719,-72.28937924",1364508471
u08,1,"43.70582719,-72.28937924",1364512329
u08,4,Unknown,1364364910
u08,4,Unknown,1364375470
u08,1,"43.70227295,-72.28989198",1364418539
u08,1,"43.70528743,-72.29155419",1364423217
u08,1,Unknown,1364404006
u08,2,"43.70528743,-72.29155419",1364446429
u08,1,"43.70582719,-72.28937924",1364522043
u08,3,"43.70528743,-72.29155419",1364457406
u08,4,"43.70528743,-72.29155419",1364438557
u08,1,"43.70582719,-72.28937924",1364515806
u08,2,"43.70350954,-72.28608081",1364578964
u08,2,"43.70350954,-72.28608081",1364591073
u08,1,"43.70350954,-72.28608081",1364698381
u08,1,"43.70350954,-72.28608081",1364675922
u08,3,"43.70316589,-72.2862713",1364780452
u08,2,"43.70712705,-72.28700077",1364797586
u08,1,"43.70326445,-72.28627025",1364808069
u08,1,"43.70326445,-72.28627025",1364834980
u08,1,"43.70536875,-72.29101233",1364848241
u08,1,"43.70237031,-72.28787598",1364956304
u08,1,"43.70237031,-72.28787598",1364947222
u08,1,"43.70237031,-72.28787598",1364971131
u08,1,"43.70237031,-72.28787598",1365010642
u08,1,"43.7052264,-72.28719803",1365034657
u08,1,"43.7052264,-72.28719803",1365040564
u08,1,"43.7052264,-72.28719803",1365054694
u08,1,"43.7052264,-72.28719803",1365055214
u08,1,"43.70301411,-72.28619057",1365104681
u08,1,"43.70345019,-72.28639754",1365120005
u08,1,"43.70278047,-72.28749202",1365389650
u08,3,"43.70342734,-72.28638739",1365185784
u08,1,Unknown,1365228620
u08,1,"43.70410077,-72.28719868",1365211921
u08,1,"43.70376214,-72.28616855",1365301608
u08,1,"43.04906525,-71.72455068",1365298054
u08,1,"43.70364811,-72.28649081",1365500179
u08,2,"43.70314121,-72.28659035",1365733253
u08,1,"43.70357235,-72.28662725",1365545327
u08,3,"43.70731779,-72.2868045",1365590059
u08,3,"43.70370174,-72.28680811",1365616172
u08,2,"43.70314121,-72.28659035",1365747918
u08,1,"43.70370174,-72.28680811",1365651462
u08,2,"43.70314121,-72.28659035",1365770153
u08,2,"43.70385469,-72.28643647",1365818216
u08,2,"43.70385469,-72.28643647",1365852894
u08,2,"43.70343873,-72.28651243",1365998848
u08,2,"43.70360138,-72.28652466",1365917932
u08,3,"43.70343873,-72.28651243",1366010517
u08,2,"43.70547864,-72.28756321",1366057262
u08,2,"43.70322923,-72.28831716",1366086828
u08,2,"43.70691883,-72.28761119",1366175231
u08,3,"43.70430223,-72.29046297",1366317256
u08,2,"43.70430223,-72.29046297",1366265194
u08,2,"43.70518194,-72.28800233",1366489231
u08,3,"43.70406215,-72.28755806",1366575699
u08,2,"43.70434734,-72.28679491",1366758108
u08,2,"43.7052687,-72.28811786",1366698648
u08,3,"43.70440204,-72.29052256",1366851437
u08,2,"43.7052687,-72.28811786",1366706995
u08,3,"43.70277439,-72.28880163",1366960451
u08,2,"43.7037697,-72.28671187",1367002852
u08,3,"43.70295661,-72.28995533",1367022689
u08,3,"43.70369581,-72.28686269",1366926960
u08,2,"43.70277439,-72.28880163",1366964391
u08,2,Unknown,1367193909
u08,2,Unknown,1367266965
u08,3,"43.70327826,-72.28641283",1367367218
u08,1,"43.70708811,-72.28767562",1367399808
u08,2,"43.70708811,-72.28767562",1367445345
u08,1,"43.70708811,-72.28767562",1367399808
u08,1,"43.70708811,-72.28767562",1367399808
u08,1,"43.70708811,-72.28767562",1367399809
u08,1,"43.70708811,-72.28767562",1367399807
u08,1,"43.70708811,-72.28767562",1367399808
u08,1,"43.70708811,-72.28767562",1367399809
u08,1,"43.70708811,-72.28767562",1367399807
u08,1,"43.70086878,-72.28956496",1367475086
u08,2,"43.70429145,-72.29019942",1368039468
u08,2,"43.70454326,-72.2895076",1368136750
u08,3,"43.7037094,-72.28660102",1367745576
u08,2,"43.7049437,-72.28880281",1367898820
u08,2,"43.70573461,-72.28972765",1369002985
u08,2,"43.70447785,-72.29155849",1369316354
u08,2,"43.70328045,-72.28642261",1369379404
u49,3,"43.70712148268646,-72.29087061546424",1364681195
u49,3,"43.70286921804329,-72.29096447310383",1364594494
u49,3,"43.70697950348372,-72.29051295213978",1364536874
u49,3,"43.70711283219849,-72.29060053949401",1364712773
u49,4,"43.70700745335506,-72.29084036869996",1364798130
u49,1,"43.70706300122456,-72.29071133138713",1364751805
u49,4,"43.70290214550227,-72.28830755493017",1364769362
u49,4,"43.70338315129848,-72.2868059778217",1364928262
u49,2,"43.70687860896128,-72.29020296287611",1365041094
u49,3,Unknown,1364972278
u49,1,"43.707146987999685,-72.29072620916767",1364949582
u49,4,"43.707160898813775,-72.29070505330372",1365055311
u49,2,"43.70602807141132,-72.28961758062928",1365120198
u49,2,"43.708982659046605,-72.2843149049884",1365451370
u49,4,"43.47757182567488,-72.10256690864196",1365214087
u49,1,"42.29546402163234,-71.30295639597999",1365224062
u49,5,"42.370239251465904,-71.10342783989697",1365301643
u49,5,"42.370239251465904,-71.10342783989697",1365361504
u49,4,"43.49025206949308,-72.12389271409735",1365388701
u49,5,"43.70711731415267,-72.29072277676832",1365494971
u49,1,Unknown,1365804054
u49,5,"43.70321966184834,-72.2876130893634",1365634704
u49,4,Unknown,1366188746
u49,5,"43.7018118286106,-72.29161681150576",1365720841
u49,1,"43.7072992593127,-72.2906748446873",1366121626
u49,4,Unknown,1365832925
u49,4,"43.3234793107557,-71.89585453779365",1365883310
u49,5,"43.3234793107557,-71.89585453779365",1365890743
u49,4,"43.7071109068227,-72.2914545142832",1365977173
u49,4,"43.70656760603712,-72.28865405876007",1366057765
u49,3,"43.70640678661577,-72.28864750944315",1366259901
u49,4,"43.701421570093544,-72.28795281856759",1366273849
u49,1,"43.707174691260356,-72.29053700570506",1366434062
u49,5,"43.70328375766367,-72.29034840992854",1366704185
u49,2,"43.70752142691439,-72.2850969741643",1366999409
u49,4,"43.707177085284,-72.29076125031246",1367208022
u49,5,"43.7031158938812,-72.28458623995706",1367294855
u49,5,"43.707054622192715,-72.29123417743249",1367280189
u49,1,"43.701388955529055,-72.28811580508359",1367470837
u49,4,"43.70224443737123,-72.28865005777988",1367385389
u49,1,"43.70707845592363,-72.29075065434971",1368172461
u49,4,Unknown,1368039553
u49,3,"43.707177072888065,-72.29092730930216",1367704883
u49,5,"43.70565234028792,-72.28963802288838",1367950018
u49,4,"43.70578575320415,-72.28875349174373",1368216611
u49,3,"43.705985547631826,-72.2890841770398",1367906520
u49,4,"43.70710317696059,-72.29077723160351",1367816068
u49,5,"43.706435405984664,-72.28987583319213",1368756687
u49,1,"43.707109166321544,-72.29076892187575",1368417635
u49,2,"43.7059528775494,-72.28796572137354",1368584272
u49,5,"43.70600375009001,-72.28871367120003",1368842786
u49,5,"43.70728455517431,-72.2906448611393",1368858774
u49,5,"43.70741188459706,-72.29075012880249",1368994907
u49,2,"43.707177235290146,-72.29055983606771",1368906184
u49,1,"43.70726994377907,-72.29067645819752",1369092671
u49,5,Unknown,1369281763
u49,4,"43.70716117171132,-72.2907325334663",1369336462
u49,4,"43.70536949189704,-72.2894110901644",1369371636
u49,1,"43.70730262660705,-72.29076807376563",1369616344
u49,5,"43.70719884051104,-72.29071075450138",1369889811
u49,2,"43.7072259238806,-72.29061095852634",1369986764
u53,2,"43.70607287,-72.28325301",1364678390
u53,4,Unknown,1364953819
u53,1,"43.70792494,-72.28343557",1364428302
u53,1,"43.70763263,-72.28367016",1364500702
u53,1,"43.70813907,-72.28399749",1364515151
u53,1,"43.70789343,-72.28376628",1364592769
u53,1,"43.70789343,-72.28376628",1364594420
u53,2,"43.63617769,-72.29025689",1364797372
u53,1,"43.40062634,-72.01627429",1364797368
u53,1,"43.70548582,-72.2830986",1364972224
u53,3,"43.70576878,-72.28345137",1365120175
u53,4,"43.70566198,-72.28316567",1365144672
u53,2,"43.70652295,-72.28353758",1365217504
u53,1,"43.70559102,-72.283134",1365501975
u53,1,"43.70601049,-72.28324145",1365893682
u53,2,"43.70560153,-72.28299438",1365992050
u53,1,"43.7056927,-72.28349406",1366068407
u53,2,"43.70623788,-72.2829873",1366115179
u53,1,"43.70552167,-72.2830477",1366353527
u53,1,"43.69337144,-72.27322384",1366585727
u53,1,"43.01160902,-71.43617088",1366585729
u53,4,"43.70578594,-72.28313898",1366715379
u53,1,"43.70549385,-72.28318108",1366913589
u53,1,"43.70550978,-72.28307511",1367243762
u53,2,"43.70554928,-72.28354239",1367271780
u53,1,"43.70559913,-72.28309466",1367300098
u53,1,"43.70535929,-72.28299755",1367388943
u53,1,"43.70670894,-72.28704749",1367470810
u53,1,"43.70585701,-72.28311707",1367952349
u53,1,"43.70675386,-72.28641585",1368073561
u53,2,"43.70542822,-72.28305246",1368670597
u53,3,"43.70528508,-72.28284423",1368741184
u53,1,Unknown,1368036930
u53,1,"43.70560121,-72.28300542",1367923344
u53,1,"43.70356731,-72.28790087",1368647760
u53,2,"43.70561082,-72.28332157",1368844078
u53,1,"43.70553153,-72.28311978",1369036879
u53,1,"43.70824244,-72.28391956",1369250113
u04,3,"43.7058173,-72.29660835",1364871206
u04,1,"43.70200674,-72.28525688",1364359305
u04,1,"43.70315377,-72.28626052",1364682927
u04,2,"43.70406845,-72.28722573",1365003955
u04,4,"43.70224001,-72.28841753",1364423252
u04,1,"43.70406072,-72.28534671",1364437349
u04,2,"43.70326123,-72.28745298",1364573027
u04,1,"43.70313779,-72.28452113",1364569822
u04,1,"43.70414142,-72.28932127",1364598093
u04,1,"43.7058173,-72.29660835",1364923438
u04,2,"43.70373286,-72.28814449",1364948274
u04,1,Unknown,1364762185
u04,1,"43.70315377,-72.28626052",1364758399
u04,1,Unknown,1364774159
u04,1,"43.70500049,-72.28555637",1365089901
u04,1,"43.70419632,-72.28592597",1365294144
u04,1,"43.70400146,-72.28561947",1365353389
u04,2,"43.7030204,-72.28507159",1365175514
u04,1,"43.70472132,-72.28861869",1365213537
u04,1,Unknown,1365386588
u04,2,"43.70596983,-72.29501146",1366099532
u04,1,"43.70449075,-72.28617485",1365520678
u04,3,"43.70417131,-72.28591047",1365721600
u04,2,"43.70414785,-72.28568415",1365991302
u04,3,"43.70596983,-72.29501146",1366084885
u04,3,"43.70414785,-72.28568415",1366067037
u04,1,"43.70546416,-72.29837819",1366186602
u04,1,"43.70404253,-72.28545089",1366275750
u04,1,"43.70623282,-72.28816572",1366614533
u04,3,"43.70415952,-72.28581184",1366965454
u04,1,"43.702712149999996,-72.28760414",1366609455
u04,1,"40.85177617,-74.01394775",1366609455
u04,3,"43.704368529999996,-72.28622805",1366862709
u04,3,"43.70403989,-72.28593925",1367000252
u04,3,"43.70514579,-72.29019144",1367286464
u04,3,"43.70414602,-72.29169963",1367183650
u04,3,"43.70427846,-72.28612238",1367250838
u04,3,"43.70344161,-72.28587472",1367300942
u04,3,"43.70427846,-72.28612238",1367272489
u04,1,"43.70414535,-72.2880891",1367988464
u04,2,"43.70295827,-72.28971993",1367899398
u04,2,"43.70411079,-72.28591883",1367949703
u04,3,"43.70386255,-72.2897578",1368079040
u12,3,"43.63735323,-72.24819351",1364680435
u12,4,"43.69316098,-72.27237671",1364421657
u12,3,"43.63758719,-72.2484788",1364500079
u12,4,"43.67698318,-72.26028412",1364491500
u12,1,"43.63731604,-72.24852742",1364537844
u12,1,"43.70977927,-72.28303993",1364595127
u12,4,"43.64714305,-72.18863182",1364781885
u12,1,"43.63766483,-72.2485018",1365009985
u12,4,"43.68018579,-72.26763356",1364947331
u12,1,"43.63745411,-72.24846941",1365003202
u12,3,"43.63744784,-72.24844083",1365058833
u12,4,"43.63824914,-72.26904746",1365144922
u12,3,"41.52841946,-71.29590676",1365233989
u12,1,Unknown,1365481632
u12,1,"43.70661726,-72.28610243",1366057358
u12,4,"43.6375493,-72.24833383",1365578714
u12,1,"43.70636301,-72.28857234",1365631501
u12,1,"43.63760479,-72.24817944",1365706567
u12,3,"43.63800068,-72.25275713",1365891828
u12,1,"43.63737158,-72.24822456",1366120825
u12,5,"43.70622724,-72.28844154",1366408212
u12,1,"43.65171942,-72.24487102",1366916046
u12,3,"43.65071596,-72.24611147",1367266927
u12,3,"43.63754951,-72.24864877",1367299278
u12,1,"43.63765138,-72.24846251",1367949537
u12,1,"43.63742049,-72.24846418",1368022730
u12,1,"43.63749678,-72.24842448",1367937110
u12,1,"43.63763615,-72.24824413",1367987725
u12,1,"43.63750313,-72.24799297",1367899740
u12,2,"43.63777172,-72.24845051",1369296674
u45,1,"43.70714984,-72.2865919",1364899371
u45,5,"43.69790767,-72.28149864",1364899373
u45,5,"43.70082861,-72.28850443",1364977331
u45,4,"43.70913025,-72.28483736",1365036657
u45,4,"43.70798346,-72.28464632",1364977333
u45,5,"43.70789644,-72.28491183",1365145691
u45,4,Unknown,1365206473
u45,1,"43.70811064,-72.28493686",1365228212
u45,4,Unknown,1365443714
u45,5,"43.70817226,-72.28527288",1365454309
u45,1,"43.7081686,-72.2852395",1365480009
u45,5,"43.65868105,-72.24849809",1366099726
u45,5,"43.70812325,-72.28512512",1365804238
u45,5,"43.70633768,-72.28331844",1365890998
u45,5,"43.70817954,-72.28501283",1365976805
u45,5,"43.65868105,-72.24849809",1366100027
u45,5,"43.71743737,-72.3069841",1366273099
u45,4,"43.71766669,-72.30692184",1367268041
u45,1,"43.71120009,-72.30761608",1368036597
u45,1,Unknown,1367814657
u45,1,Unknown,1367791168
u45,4,"43.60611182,-72.18480132",1367985977
u45,1,Unknown,1367791168
u45,1,"43.70884065,-72.28601922",1367949804
u45,2,Unknown,1368842411
u45,1,"43.70792888,-72.28347897",1369023654
u45,3,"43.71763122,-72.30683875",1369077275
u45,1,"43.70638111,-72.28688318",1369461317
u19,1,"43.70292132,-72.28987847",1364680845
u19,1,"43.70690704,-72.28632015",1364369004
u19,1,"43.70705849,-72.28616283",1364589262
u19,1,"43.70690704,-72.28632015",1364412535
u19,4,"43.70690704,-72.28632015",1364423003
u19,1,"43.70006075,-72.29200001",1364455473
u19,1,"43.70704108,-72.28607855999999",1364509460
u19,1,"43.70715931,-72.2863601",1364595596
u19,2,Unknown,1364670653
u19,1,Unknown,1364805203
u19,1,"43.70697927,-72.28585464",1364889064
u19,1,"43.70121099,-72.28637004",1364948298
u19,2,"43.70106694,-72.2864999",1364969525
u19,1,"43.70323136,-72.28785021",1365034661
u19,1,"43.69789429,-72.31446361",1365055208
u19,2,"43.70716892,-72.28610704",1365063248
u19,2,"43.7067029,-72.28540419",1365409930
u19,1,"43.7030279,-72.28948573",1365122196
u19,2,"43.70721009,-72.28582282",1365143596
u19,2,"43.70237964,-72.29076988",1365229959
u19,3,"43.70279732,-72.28981833",1365327400
u19,2,"43.70684301,-72.28594477",1365452322
u19,1,"43.68326196,-72.28749992",1365483327
u19,1,"43.68326196,-72.28749992",1365478047
u19,1,"43.70698318,-72.28553059",1365495628
u19,2,"43.70668606,-72.28578397",1365545467
u19,2,"43.70300231,-72.28918281",1365718993
u19,2,"43.70629212,-72.28804473",1365632355
u19,2,"43.70335463,-72.29031856",1365670917
u19,2,"43.7027651,-72.2899934",1366185862
u19,1,"43.70646579,-72.28830733",1365805081
u19,2,"43.70297682,-72.29027506",1365891207
u19,2,"43.70154751,-72.29133289",1366102476
u19,1,"43.70306507,-72.28991765",1365985278
u19,2,"43.70285468,-72.29111293",1365913010
u19,1,"43.70154751,-72.29133289",1366050372
u19,2,"43.70154751,-72.29133289",1366056091
u19,2,"43.70154751,-72.29133289",1366088812
u19,2,"43.70284653,-72.2899152",1366178223
u19,2,"43.70692759,-72.28739722",1366276546
u19,2,"43.69378323,-72.29014069",1366257627
u19,1,"43.70734975,-72.28629956",1366361084
u19,2,"43.7067391,-72.28556913",1366532005
u19,1,"43.70705944,-72.28563764",1366703091
u19,3,"43.70710107,-72.28593983",1367222068
u19,2,"43.70240136,-72.28834841",1366913734
u19,1,"43.70693121,-72.28557612",1366999478
u19,2,"43.70670747,-72.28550624",1367193779
u19,3,"43.70581683,-72.28726988",1367265601
u19,2,"43.70101204,-72.28677708",1367400483
u19,2,"43.70687527,-72.28550074",1367477657
u19,1,"43.70607849,-72.28457859",1367557409
u19,1,"43.70706627,-72.28596306",1367825511
u19,2,"43.70154413,-72.28815252",1368136991
u19,3,"43.70702708,-72.28740368",1367900324
u19,1,"43.70120165,-72.28667414",1368585116
u19,2,"43.70688839,-72.28766405",1367988662
u19,3,"43.70745002,-72.28629793",1368000008
u19,1,"43.70650157,-72.28532126",1368519323
u19,3,"43.70599455,-72.28837514",1368689395
u19,1,"43.70705362,-72.28594706",1367635735
u19,3,Unknown,1367953801
u19,2,"43.70672146,-72.28713321",1368072999
u19,1,"43.70691192,-72.28587513",1367740452
u19,4,"43.70246446,-72.28774351",1368645260
u19,1,"43.70702352,-72.28600841",1368036021
u19,2,"43.70670191,-72.28568105",1368476839
u19,1,"43.70246446,-72.28774351",1368670707
u19,3,"43.70125983,-72.28646689",1368756460
u19,4,"43.70701211,-72.28611727",1368349577
u19,3,"43.70714135,-72.28594665",1368775546
u19,4,"43.70669977,-72.28545979",1368991504
u19,3,"43.70161344,-72.28714129",1368849481
u19,4,"43.70754131,-72.28597491",1369038380
u19,1,"43.70708213,-72.2859049",1369079036
u19,1,"43.70712264,-72.28701115",1369127550
u19,1,"43.70708213,-72.2859049",1369116090
u19,1,"43.70703895,-72.28583916",1369196009
u19,1,"43.70703895,-72.28583916",1369163696
u19,4,"43.70693856,-72.28579217",1369250393
u19,4,"43.7040776,-72.29042456",1369210255
u19,2,"43.70693856,-72.28579217",1369295029
u19,1,"43.70722775,-72.28725812",1369370950
u19,3,"43.70707614,-72.28631854",1369336933
u19,4,Unknown,1369425852
u19,1,"43.70694759,-72.28585767",1369454856
u19,3,"43.70744109,-72.28667853",1369470205
u19,5,"43.70696465,-72.28583899",1369984360
u19,2,"43.70709334,-72.28524117",1369561989
u19,4,"43.70689977,-72.28714289",1369852305
u19,4,"43.70717259,-72.2867125",1370070401
u58,1,"43.70617863,-72.2833309",1364430678
u58,1,"43.70905195,-72.28409851",1364508015
u58,1,"43.7062076,-72.28328095",1364595130
u58,4,"43.70634,-72.28339968",1364683058
u58,1,"43.70850694,-72.28242346",1364771356
u58,1,"43.70644926,-72.2830292",1364951076
u58,1,"43.70602238,-72.28319327",1364968814
u58,2,"43.70614906,-72.28328468",1365033775
u58,2,"43.70610238,-72.28323437",1365122647
u58,1,"43.70660035,-72.28709394",1365143439
u58,1,"43.70610012,-72.28338585",1365208094
u58,1,"43.70539822,-72.28337697",1365387118
u58,1,"43.70621469,-72.28358566",1365494411
u58,5,"43.70605153,-72.28297703",1365481108
u58,1,"43.70339868,-72.28758021",1365548965
u58,5,"43.70520839,-72.28318039",1365806422
u58,2,"43.70645524,-72.28313281",1366258302
u58,2,"43.70622518,-72.28344042",1366215469
u58,1,"43.70632,-72.28343388",1365890408
u58,1,"42.35210041,-71.05824634",1365719739
u58,2,"43.70620341,-72.28324609",1365973504
u58,2,"43.70644296,-72.28311154",1365987428
u58,1,"43.70839358,-72.2822233",1366066172
u58,2,"43.70605327,-72.2833139",1366128028
u58,2,"43.62901677,-72.34275418",1366165966
u58,2,"43.70645524,-72.28313281",1366272010
u58,1,"43.70616591,-72.28331609",1366400308
u58,5,"43.70614787,-72.2833544",1366518906
u58,2,"43.70626803,-72.2833694",1366595600
u58,1,"43.70608187,-72.28350064",1366779663
u58,5,"43.70622504,-72.283143",1366728751
u58,1,"43.70624937,-72.28311289",1366697099
u58,2,"43.70612936,-72.28296101",1366999235
u58,2,"43.70614215,-72.28325918",1367300414
u58,2,"43.70624628,-72.28318773",1367179225
u58,2,"43.70617988,-72.28333935",1367212750
u58,1,"43.7061313,-72.28319902",1367271429
u58,1,"43.70624549,-72.28318405",1368646340
u58,2,"43.70620804,-72.28331063",1368011532
u58,1,"43.70601095,-72.28337169",1367915484
u58,2,"43.70614526,-72.28332656",1368036227
u58,2,"43.70764567,-72.28341927",1368758344
u58,2,"43.70601095,-72.28337169",1367954593
u58,2,"43.70058933,-72.28929853",1367812810
u58,5,"43.70647378,-72.28294033",1368416721
u58,1,"43.70609946,-72.28325533",1368561121
u58,2,"43.70621718,-72.28293019",1368741322
u58,2,"43.70615341,-72.28335377",1368820423
u58,2,"43.7061458,-72.28299551",1369040265
u58,2,"43.70909904,-72.28186328",1369120020
u58,1,"43.70638908,-72.28324332",1369166429
u58,1,"43.7062243,-72.28296326",1369210324
u58,2,"43.70694322,-72.28640413",1369299604
u58,1,"43.70622433,-72.28334234",1369779460
u58,2,"43.70605751,-72.28339763",1369339101
u23,1,"43.70535878,-72.28320481",1364862646
u23,1,"43.70553167,-72.28322691",1365010522
u23,1,"43.70561004,-72.28332987",1364428311
u23,1,"43.70551478,-72.28334497",1364513325
u23,1,"43.70545859,-72.28327112",1364494942
u23,1,"43.70540628,-72.28319689",1364494946
u23,2,"43.70562144,-72.28290055",1364524351
u23,2,"43.70542162,-72.28306587",1364536845
u23,1,"43.70562674,-72.28323386",1364577673
u23,1,"43.7090487,-72.28433457",1364595239
u23,1,"43.70555515,-72.28312096",1364968877
u23,1,"43.70543514,-72.2831621",1364663733
u23,4,"43.70546909,-72.28312334",1364767206
u23,4,"43.70560271,-72.28304344",1364684275
u23,4,"43.70552841,-72.28316626",1364623453
u23,1,"43.70543514,-72.2831621",1364663733
u23,1,"43.70543514,-72.2831621",1364663733
u23,1,"43.70546909,-72.28312334",1364749941
u23,4,"43.70560877,-72.2829117",1364783977
u23,1,"43.70521371,-72.28294074",1364949777
u23,1,"43.70550393,-72.28293893",1365057115
u23,1,"43.70517326,-72.28657854",1365120192
u23,1,"43.70649413,-72.28369421",1365451291
u23,1,"43.70538733,-72.28323434",1365141711
u23,1,"43.70565145,-72.28330752",1365210606
u23,1,"43.70565145,-72.28330752",1365210652
u23,4,"43.7052664,-72.28317822",1365240102
u23,1,"43.70642571,-72.28371881",1365300138
u23,4,"43.70563195,-72.28339769",1365308171
u23,1,"43.70539334,-72.28311345",1365389557
u23,1,"43.70558611,-72.28351382",1365498199
u23,1,"43.70790526,-72.28333086",1365549305
u23,1,"43.7056173,-72.2833203",1365561370
u23,1,"43.7056173,-72.2833203",1365631263
u23,1,"43.7054476,-72.28326768",1365806468
u23,1,"43.70260706,-72.28790197",1365890499
u23,1,"43.70574109,-72.28323278",1365976795
u23,1,"43.70524941,-72.28302207",1366187611
u23,1,"43.70555691,-72.2832207",1366257678
u23,1,"43.70543897,-72.28317522",1366272430
u23,1,"43.70535961,-72.28319335",1366434223
u23,1,"43.70879299,-72.28427088",1366999173
u23,1,"43.70530685,-72.28309022",1367294437
u23,1,"43.70531778,-72.28357475",1367384468
u35,4,"43.70724747,-72.28597144",1364530876
u35,1,"43.70551161,-72.28318081",1364530878
u35,5,"43.70540779,-72.28341488",1364681826
u35,4,"43.70549515,-72.28327246",1364768535
u35,1,"43.70806959,-72.28480897",1364878055
u35,1,"43.69342141,-72.27623288",1364956033
u35,1,"43.69342141,-72.27623288",1364976296
u35,4,"43.64103289,-72.24899344",1365034441
u35,1,"43.70588856,-72.28363762",1365026882
u35,4,"43.64103289,-72.24899344",1365055264
u35,4,"43.70546287,-72.28320823",1365120858
u35,4,"43.70550849,-72.28319954",1365148923
u35,5,"43.70108441,-72.28807194",1365212266
u35,5,"43.70826852,-72.28473529",1365233222
u35,4,"43.70602674,-72.28742674",1365495128
u35,1,"43.70410839,-72.29042107",1365631235
u35,5,"43.7032067,-72.29080808",1365724451
u35,1,"43.7032067,-72.29080808",1365806661
u35,1,"43.7032067,-72.29080808",1365890569
u35,4,"43.7053364,-72.28315167",1365980129
u35,1,Unknown,1366091351
u35,1,Unknown,1366057311
u35,2,"43.7077701,-72.28363396",1366263805
u35,1,"43.7077701,-72.28363396",1366272410
u35,4,"43.70805402,-72.28407229",1366427379
u35,1,"43.70537548,-72.28346366",1366519441
u35,2,"43.70554288,-72.28320827",1366571887
u35,3,"43.70781043,-72.28349771",1366682409
u35,1,"43.70462528,-72.30440054",1367280634
u35,3,"43.65867191,-72.24868114",1367208042
u35,1,"43.70462528,-72.30440054",1367266890
u35,1,"43.65885093,-72.2488769",1367473327
u35,3,"43.65841652,-72.30653646",1368394510
u35,1,"43.65861498,-72.24869697",1368040960
u35,5,"43.70684457,-72.28736825",1367961507
u35,1,"43.65893664,-72.24866034",1368992870
u35,1,"43.70546541,-72.28275792",1369126916
u35,1,"43.70546541,-72.28275792",1369165531
u35,1,"43.70546541,-72.28275792",1369251275
u42,5,"43.62834565,-72.3223213",1364972231
u42,4,"43.62834565,-72.3223213",1365034470
u42,5,"43.62834565,-72.3223213",1364956578
u42,5,"43.6937096,-72.27804377",1364904605
u42,5,"43.62834565,-72.3223213",1364956045
u42,1,"43.70714459,-72.28293882",1365057344
u42,4,Unknown,1365123527
u42,4,"43.70790052,-72.28462552",1365143342
u42,4,"43.70805293,-72.28472907",1365207118
u42,2,"43.65863137,-72.24870136",1365386871
u42,4,"43.70873044,-72.28238031",1365486837
u42,4,"43.7086143,-72.28107378",1365894879
u42,4,"43.7086143,-72.28107378",1365894826
u42,1,"43.70793202,-72.28525821",1365977515
u42,1,"43.65856749,-72.2490112",1366710534
u42,4,"43.67569735,-72.27218981",1367003102
u42,1,"43.65864789,-72.24891462",1367196700
u42,1,"43.65866977,-72.24874465",1367209600
u42,4,"43.65868887,-72.24861515",1368004506
u42,3,"43.70519313,-72.28357692",1367987412
u42,1,"43.66168145,-72.25398853",1368474039
u42,1,"43.66168145,-72.25398853",1368474026
u42,4,"43.66117959,-72.25346471",1368553309
u42,4,"43.66117959,-72.25346471",1368553363
u42,5,"43.70340125,-72.2878455",1368653655
u42,1,"43.68142273,-72.27279919",1368042860
u42,4,"43.65864479,-72.2486687",1368993068
u42,4,"43.65853284,-72.24874089",1369112439
u42,4,"43.70344054,-72.28367021",1369220819
u15,1,Unknown,1364546203
u15,1,Unknown,1364546204
u15,3,Unknown,1364970819
u15,4,"43.70467917,-72.29069521",1364623308
u15,1,"42.66790057,-71.19631465",1364695642
u15,1,"42.24437294,-70.90322291",1364768567
u15,1,"43.70421032,-72.29057014",1365151478
u15,1,"43.70423505,-72.29046602",1365526595
u15,1,"43.70591041,-72.28826857",1366167820
u15,1,"43.70591041,-72.28826857",1366173890
u03,1,"43.70525296,-72.28308162",1364429275
u03,4,"43.70539962,-72.28318005",1364410075
u03,5,"43.70525296,-72.28308162",1364410076
u03,1,"43.70535266,-72.28309587",1364773841
u03,1,"43.70535266,-72.28309587",1364773843
u03,4,"43.70535266,-72.28309587",1364773842
u03,5,"43.70535266,-72.28309587",1364773844
u03,5,"43.70531824,-72.28324444",1364773838
u03,5,"43.70535266,-72.28309587",1364773845
u03,1,"43.70746063,-72.28315636",1364773836
u03,5,"43.70530653,-72.2831011",1364773834
u03,5,"43.70534515,-72.28302437",1365057637
u03,5,"43.70534173,-72.28309467",1365391156
u03,5,"43.70530239,-72.28298732",1365153860
u03,2,"43.70526886,-72.28305451",1365264599
u03,1,"43.70531188,-72.2828688",1365317939
u03,1,"43.70524283,-72.28301926",1365497167
u03,4,"43.70596852,-72.28292096",1365976809
u03,2,"43.70576695,-72.28327691",1366217270
u03,2,"43.7054039,-72.28307553",1366564808
u03,1,"43.70514059,-72.28261432",1366740447
u03,5,"43.70544773,-72.2831871",1367300082
u03,1,"43.70526733,-72.28318315",1366913836
u03,1,"43.70532515,-72.28309713",1366999694
u03,2,"43.70575204,-72.282746",1367179227
u03,3,"43.70525765,-72.28314671",1367193635
u03,3,"43.70532069,-72.28315218",1367208006
u03,4,"43.70530578,-72.28310068",1367266699
u03,1,"43.70579533,-72.28356911",1368387312
u54,1,"43.70385544,-72.2958007",1364509938
u54,1,"43.70237152,-72.28782522",1364632053
u54,2,"43.70439531,-72.29538287",1365055418
u54,3,"43.70280446,-72.29102992",1365120095
u54,1,"43.70607312,-72.28941569",1365155239
u54,1,"43.70607312,-72.28941569",1365206765
u54,4,"43.99772998,-71.87488227",1365279152
u54,4,"43.70620298,-72.28867813",1366186486
u54,1,"42.99131275,-89.56850017",1365557661
u54,1,Unknown,1365631226
u54,2,"43.70825863,-72.28467568",1365808028
u54,1,Unknown,1365717596
u54,4,Unknown,1365891474
u54,1,"43.70684315,-72.28727941",1366056075
u54,1,"43.70684315,-72.28727941",1366101000
u54,2,"43.70476684,-72.28878338",1366704061
u54,3,"43.70383078,-72.29584402",1367280016
u54,1,"43.7049972,-72.29464306",1367471481
u54,1,"43.7045987,-72.2948587",1368123924
u54,4,"43.70425525,-72.29091213",1368072039
u39,1,Unknown,1364936095
u39,1,Unknown,1365565549
u39,1,"43.7008617,-72.28950786",1366086070
u39,1,"43.70657715,-72.28645985",1365567884
u39,1,"43.70657715,-72.28645985",1365565546
u39,1,Unknown,1365567887
u39,1,"43.65161386,-72.31003509",1365833118
u39,1,"43.7008617,-72.28950786",1366086072
u39,1,"43.65176968,-72.30989016",1366180456
u39,1,"43.70691563,-72.28615388",1366921934
u02,2,"43.70720395,-72.29323446",1365038425
u02,4,"43.70834437,-72.28451848",1364421902
u02,1,"43.70645754,-72.28704395",1364510897
u02,4,"43.70723487,-72.28559257",1364601238
u02,4,"43.70631001,-72.28703982",1364682454
u02,5,"44.22093774,-72.58471841",1364768711
u02,1,"43.70705601,-72.29325701",1364968822
u02,1,"43.7070604,-72.29313622",1365142522
u02,1,"43.70720645,-72.29347981",1365451253
u02,4,"43.70318385,-72.29022854",1365300736
u02,1,"43.70620445,-72.29116858",1365386564
u02,2,"43.70306572,-72.29094266",1365979252
u02,1,"43.70711293,-72.29300838",1365494863
u02,1,"43.70725458,-72.29319166",1365891495
u02,1,"43.7091282,-72.28429872",1366056794
u02,1,"43.70686475,-72.28624548",1365717644
u02,2,"43.70727735,-72.29334662",1366085883
u02,2,"43.70705175,-72.29304265",1366103819
u02,4,"43.70716557,-72.29339797",1366185893
u02,4,"43.70699854,-72.29297309",1366257612
u02,4,"43.70714265,-72.29314518",1366451303
u02,1,"43.70501532,-72.29064885",1366913718
u02,1,"43.70723784,-72.29303131",1366704064
u02,2,"43.70512323,-72.29159062",1367193693
u02,2,"43.70517745,-72.2882317",1367208294
u02,2,Unknown,1367294841
u02,1,Unknown,1367561918
u02,1,"43.70719676,-72.29315695",1367825698
u02,1,"43.70718855,-72.29322803",1368002429
u02,1,"43.70171273,-72.2882615",1367959337
u14,1,"43.70503113,-72.28694162",1364669928
u14,4,"43.70612113,-72.28723353",1364426314
u14,4,"43.70585573,-72.28782999",1364515193
u14,1,"43.70509271,-72.28680761",1364584970
u14,1,"43.70476995,-72.28703971",1364597038
u14,1,"43.70499355,-72.28677683",1364637140
u14,2,"43.70516844,-72.28680259",1364811751
u14,2,"43.7049256,-72.28632081",1365034272
u14,2,"43.70481251,-72.28700429",1364948510
u14,2,"43.70454413,-72.28762801",1364979013
u14,2,"43.70169949,-72.28842649",1365056774
u14,2,"43.70559171,-72.28793682",1365244515
u14,2,"43.70645868,-72.28793942",1365121751
u14,2,"43.7044612,-72.28747684",1365386571
u14,2,"43.70535921,-72.28680155",1365976816
u14,2,"43.70477259,-72.28698419",1365495556
u14,2,"43.70477259,-72.28698419",1365482405
u14,2,"43.70503851,-72.286132",1366088072
u14,2,"43.70583044,-72.28799584",1365631314
u14,2,"43.70511041,-72.28702345",1365720468
u14,2,"43.70460577,-72.28671025",1365804005
u14,2,"43.70479551,-72.28651612",1365890492
u14,2,"43.70592937,-72.28768546",1366173086
u14,2,"43.70545641,-72.28669002",1366059293
u14,2,"43.70498624,-72.28674182",1366214234
u14,2,"43.70477806,-72.28678985",1366258529
u14,2,"43.70436864,-72.28785436",1366452515
u14,2,"43.70583168,-72.28766214",1366999217
u14,2,"43.70475846,-72.28677902",1367296515
u14,2,"42.34885369,-71.13112232",1367199496
u14,2,"42.34885369,-71.13112232",1367218317
u14,3,"43.70507579,-72.28712698",1367265612
u14,3,"43.70694836,-72.2874538",1367284586
u14,3,"43.70483028,-72.286845",1368036155
u14,3,"43.70483028,-72.286845",1368028994
u14,3,"43.70512664,-72.28785661",1368078068
u14,3,Unknown,1369026208
u43,3,"43.70546977,-72.29153142",1364951087
u43,1,"43.70546977,-72.29153142",1364937671
u43,3,"43.70660194,-72.28760119",1364859558
u43,1,"43.70870397,-72.28732871",1364866686
u43,1,"43.70566059,-72.29130704",1364977550
u43,3,"43.70566059,-72.29130704",1365034969
u43,1,"43.7056535,-72.29132724",1364969451
u43,1,"43.70546977,-72.29153142",1364925682
u43,3,"43.7056535,-72.29132724",1364970752
u43,2,"43.70566059,-72.29130704",1365008361
u43,1,"43.70566059,-72.29130704",1365026762
u43,1,"43.70619631,-72.28823087",1365108723
u43,2,"43.70619631,-72.28823087",1365056927
u43,1,"43.50783677,-72.13449058",1365295568
u43,5,"42.36112482,-71.07113958",1365322882
u43,1,"42.36112482,-71.07113958",1365390127
u43,1,"43.7057636,-72.29169328",1365120015
u43,1,"43.70571517,-72.29143924",1365122734
u43,4,"43.50783677,-72.13449058",1365228476
u43,1,"43.70561216,-72.2912825",1365141649
u43,3,"43.70569846,-72.29141248",1365149974
u43,1,"43.50783677,-72.13449058",1365209460
u43,1,"43.70572255,-72.29124291",1365187430
u43,4,"43.50783677,-72.13449058",1365222199
u43,1,"43.50783677,-72.13449058",1365234487
u43,4,"42.36112482,-71.07113958",1365318739
u43,1,"42.36112482,-71.07113958",1365360444
u43,4,"43.50783677,-72.13449058",1365284810
u43,1,"43.70560342,-72.29137243",1365463476
u43,1,"42.36112482,-71.07113958",1365394045
u43,1,"43.70560342,-72.29137243",1365452486
u43,1,"43.70561818,-72.29128235",1365479669
u43,1,"43.70553987,-72.29142421",1365482757
u43,2,"43.70234665,-72.28813935",1365806846
u43,3,"43.70234665,-72.28813935",1365789659
u43,1,"43.70565715,-72.2915844",1365521606
u43,1,"43.70566653,-72.29162127",1365544368
u43,1,"43.70573552,-72.29175527",1365579660
u43,1,"43.70355489,-72.28875143",1365623541
u43,1,"43.70234665,-72.28813935",1365731232
u43,3,"43.70552776,-72.29144402",1366174372
u43,1,"43.70234665,-72.28813935",1365737426
u43,1,"43.70462998,-72.28974619",1365887919
u43,3,"43.70462998,-72.28974619",1365830567
u43,1,"43.70462998,-72.28974619",1365896137
u43,3,"43.70500487,-72.2905778",1365977296
u43,1,"43.70500487,-72.2905778",1365969243
u43,1,Unknown,1366057170
u43,3,Unknown,1366082623
u43,3,Unknown,1366063023
u43,3,Unknown,1366085112
u43,3,"43.70567734,-72.29183525",1366188892
u43,1,"43.70523224,-72.29210557",1366240986
u43,3,"43.70549132,-72.29152094",1366258394
u43,3,"43.70554715,-72.29101972",1366272671
u43,3,"43.70557117,-72.29109324",1366317339
u43,3,"44.26783796,-69.80648763",1366597115
u43,2,Unknown,1366597118
u43,3,"43.70565725,-72.29124307",1366704658
u43,4,"43.70523309,-72.29167457",1366999339
u43,3,"43.70536889,-72.29004529",1366919335
u43,3,Unknown,1367193929
u43,3,Unknown,1367294481
u43,2,"43.705504,-72.29155831",1367280007
u43,1,"43.70564904,-72.29116583",1367476002
u43,3,"43.70569418,-72.29111514",1367384984
u43,1,"43.70559309,-72.29131892",1367557761
u43,1,"43.70569392,-72.290703",1368077004
u43,1,"43.7055733,-72.2912555",1367957625
u43,1,Unknown,1368649337
u43,1,"43.70332166,-72.29037768",1368675846
u43,1,"43.70555309,-72.29135445",1368036613
u43,1,"43.70285851,-72.29034375",1367996213
u43,1,"43.70565045,-72.29149641",1369023094
u43,1,"43.7057852,-72.29113678",1369108905
u43,1,Unknown,1369368099
u43,1,"43.70496786,-72.29294757",1369431213
u34,4,Unknown,1364768218
u34,1,"43.63793018,-72.2756428",1364955998
u34,4,"43.70794976,-72.28483945",1364972147
u34,1,"43.71793329,-72.30801423",1365121151
u34,1,"43.70897262,-72.28222525",1366064593
u34,1,"43.7087934,-72.2859773",1367267109
u22,3,"43.70411722,-72.29047127",1364697652
u22,1,"43.70665178,-72.28678516",1364369732
u22,1,"43.70466197,-72.28980065",1364421798
u22,5,"43.70256935,-72.28790785",1364455212
u22,4,"43.70301015,-72.2907521",1364440000
u22,5,"43.70256935,-72.28790785",1364464835
u22,1,"43.70399272,-72.29051569",1364520531
u22,4,"43.70414927,-72.29076226",1364579312
u22,1,"43.7086476,-72.28468996",1364600295
u22,2,"43.7086476,-72.28468996",1364602889
u22,1,"43.70411722,-72.29047127",1364724933
u22,3,"43.70424862,-72.29040642",1364618484
u22,1,"43.70411722,-72.29047127",1364697653
u22,1,"43.70303667,-72.29086341",1364767630
u22,4,"43.70357146,-72.29017646",1364761986
u22,1,"43.70397877,-72.29023959",1364805956
u22,4,"43.70417513,-72.29017786",1364973413
u22,1,"43.7040117,-72.29030024",1364856773
u22,1,"43.7040117,-72.29030024",1364877850
u22,4,"43.70407922,-72.29020632",1364947283
u22,1,"43.70594306,-72.28855419",1365052760
u22,1,"43.70594306,-72.28855419",1365055981
u22,4,"43.70400449,-72.29016096",1365107108
u22,1,"43.70277968,-72.28478736",1365120023
u22,5,"43.70407347,-72.29009938",1365442705
u22,1,"43.70405335,-72.29024681",1365208714
u22,5,"43.70434883,-72.29055101",1365316173
u22,4,Unknown,1365386686
u22,4,"43.70306765,-72.29085617",1365496080
u22,4,"43.70418536,-72.29015097",1365546071
u22,4,"43.70458274,-72.29070844",1365618325
u22,1,"43.70458274,-72.29070844",1365638846
u22,4,"43.70412073,-72.29025745",1365666855
u22,1,"43.70414838,-72.29074049",1365805692
u22,4,"43.70464858,-72.29198064",1365721869
u22,1,"43.70385961,-72.28977364",1365752388
u22,4,"43.70393355,-72.29005374",1365821043
u22,2,"43.70323331,-72.29018729",1365895434
u22,1,"43.70408869,-72.29048838",1365975842
u22,1,"43.70408869,-72.29048838",1365982651
u22,1,"43.70389866,-72.29006061",1366072663
u22,1,"43.70389866,-72.29006061",1366062379
u22,1,"43.70389866,-72.29006061",1366099208
u22,1,"43.70139526,-72.28817562",1366175941
u22,1,"43.70425741,-72.29058438",1366257798
u22,1,"43.70426635,-72.29067159",1366272566
u22,4,"43.70426635,-72.29067159",1366339366
u22,1,"43.70423992,-72.2905566",1366434009
u22,4,"43.70418092,-72.29045018",1366704076
u22,4,Unknown,1367814856
u22,4,Unknown,1367913446
u22,4,Unknown,1368336087
u22,1,"43.70491554,-72.28914282",1368670142
u22,4,Unknown,1367960047
u22,4,"43.70476212,-72.28945343",1369337043
u59,4,Unknown,1364701656
u59,4,Unknown,1364767965
u59,1,"43.702606027945876,-72.2895226534456",1364597699
u59,1,"43.70566922,-72.29087336",1364921386
u59,5,"43.70492743,-72.2901242",1365042510
u59,1,Unknown,1364689254
u59,1,"43.70600279420614,-72.28865772485733",1364355959
u59,1,"43.70600279420614,-72.28865772485733",1364355956
u59,4,"43.70600279420614,-72.28865772485733",1364363094
u59,1,"43.702606027945876,-72.2895226534456",1364583835
u59,1,"43.70151604525745,-72.2881496977061",1364431391
u59,1,"43.70241567492485,-72.28768064640462",1364415915
u59,1,"43.704426074400544,-72.28965751826763",1364401054
u59,2,Unknown,1364377205
u59,4,"43.70770620647818,-72.28489374741912",1364407038
u59,4,"43.70151604525745,-72.2881496977061",1364448701
u59,1,"43.702606027945876,-72.2895226534456",1364488457
u59,4,"43.702606027945876,-72.2895226534456",1364498774
u59,5,"43.702606027945876,-72.2895226534456",1364508032
u59,1,"43.702606027945876,-72.2895226534456",1364463110
u59,1,"43.702606027945876,-72.2895226534456",1364463155
u59,2,"43.702606027945876,-72.2895226534456",1364541925
u59,4,"43.702606027945876,-72.2895226534456",1364550857
u59,1,"43.702606027945876,-72.2895226534456",1364580452
u59,4,"43.702606027945876,-72.2895226534456",1364590270
u59,4,"43.702606027945876,-72.2895226534456",1364576030
u59,5,"43.70397214,-72.29027069",1365025230
u59,5,Unknown,1364601722
u59,1,Unknown,1364686736
u59,1,"43.70763698,-72.2908901",1364950531
u59,4,Unknown,1364681627
u59,1,"43.70295231,-72.29014782",1364722527
u59,1,"43.70559317,-72.2881232",1364686863
u59,4,"43.70307389,-72.28977689",1364731436
u59,1,"43.70351572,-72.28960285",1364856827
u59,1,"43.70295231,-72.29014782",1364714869
u59,1,"43.70295231,-72.29014782",1364722665
u59,4,"43.70563006,-72.29085119",1364766369
u59,1,Unknown,1364767215
u59,1,"43.70351572,-72.28960285",1364849100
u59,4,"43.7025121,-72.28898705",1364807374
u59,4,"43.70492743,-72.2901242",1365029963
u59,1,"43.7025121,-72.28898705",1364784450
u59,5,"43.7055138,-72.28774539",1364843162
u59,4,"43.70572549,-72.29076597",1365011984
u59,1,"43.70492743,-72.2901242",1365037940
u59,1,"43.70351572,-72.28960285",1364860227
u59,4,"43.70351572,-72.28960285",1364862698
u59,1,"43.70351572,-72.28960285",1364877245
u59,1,"43.70643289,-72.2865904",1364886970
u59,4,"43.70572549,-72.29076597",1365015993
u59,1,"43.7052441,-72.29056065",1365006095
u59,1,"43.70348925,-72.28865624",1364936045
u59,1,"43.70763698,-72.2908901",1364950538
u59,1,"43.70348925,-72.28865624",1364946784
u59,1,"43.70348925,-72.28865624",1364946820
u59,1,"43.70763698,-72.2908901",1364961471
u59,1,"43.7052441,-72.29056065",1364968726
u59,1,"43.7052441,-72.29056065",1364972276
u59,4,"43.70572549,-72.29076597",1365008864
u59,4,"43.70492743,-72.2901242",1365048599
u59,1,"43.70492743,-72.2901242",1365060796
u59,1,"43.7035497,-72.28791333",1365101878
u59,1,"43.7035497,-72.28791333",1365098331
u59,1,"43.70307048,-72.29134056",1365120388
u59,1,"43.70509155560285,-72.28950991295278",1365122482
u59,1,"43.70619553606957,-72.28953782469034",1365226655
u59,2,"43.70590191800147,-72.28983261622488",1365127477
u59,2,"43.70497429277748,-72.29044700972736",1365132363
u59,2,"43.70497429277748,-72.29044700972736",1365134530
u59,1,"43.70590191800147,-72.28983261622488",1365122665
u59,1,"43.702687877230346,-72.29002338834107",1365154506
u59,1,"43.70497429277748,-72.29044700972736",1365143261
u59,3,"43.702687877230346,-72.29002338834107",1365161872
u59,1,"43.70539468713105,-72.29043569415808",1365205418
u59,1,"43.7060222402215,-72.29019781574607",1365400845
u59,4,"43.70410232339054,-72.28721008636057",1365180721
u59,1,"43.70550360996276,-72.29067164473236",1365206443
u59,1,"43.705437518656254,-72.29089770466089",1365177506
u59,1,"43.70736854150891,-72.28518761694431",1365185070
u59,1,"43.70701059233397,-72.28998483158648",1365213696
u59,1,Unknown,1365322048
u59,1,"43.70619553606957,-72.28953782469034",1365228360
u59,5,"43.703158563002944,-72.29066770523787",1365313481
u59,1,Unknown,1365338629
u59,1,"43.70573427993804,-72.2908112872392",1365293606
u59,1,"43.70573427993804,-72.2908112872392",1365300759
u59,4,"43.70376273058355,-72.290263697505",1365370457
u59,1,"43.70376273058355,-72.290263697505",1365376619
u59,1,"43.705853219144046,-72.2873000241816",1365443819
u59,1,"43.70876152999699,-72.28423618711531",1365447877
u59,1,"43.70876152999699,-72.28423618711531",1365446675
u59,5,"43.704237481579185,-72.2890498302877",1365465734
u59,1,"43.70686550159007,-72.28619487024844",1365457079
u59,3,"43.704237481579185,-72.2890498302877",1365462038
u59,1,"43.707164358347654,-72.28910917416215",1365475380
u59,5,Unknown,1365976956
u59,4,Unknown,1366071451
u59,5,Unknown,1365724612
u59,5,"43.705809926614165,-72.29142350144684",1365494950
u59,1,"43.70464827865362,-72.2897124197334",1365480023
u59,1,"43.70560025330633,-72.2910475730896",1365781546
u59,1,Unknown,1365730975
u59,4,"43.70299469679594,-72.29106274433434",1365800403
u59,1,"43.70414901059121,-72.28755131363869",1365523481
u59,5,"43.70316120330244,-72.28972448967397",1365552733
u59,1,"43.702894197776914,-72.29080315679312",1365624093
u59,1,"43.70531099382788,-72.29075856506824",1365574055
u59,1,"43.70531099382788,-72.29075856506824",1365570334
u59,1,"43.70531099382788,-72.29075856506824",1365587257
u59,4,"43.702832465060055,-72.28970445692539",1365660567
u59,1,"43.702832465060055,-72.28970445692539",1365674337
u59,1,"43.70403396897018,-72.28720941580832",1365699380
u59,4,"43.703021770343184,-72.29105939157307",1365824146
u59,4,Unknown,1365738821
u59,4,"43.703035013750196,-72.28771191090345",1365702928
u59,4,Unknown,1365717612
u59,1,"43.7052251631394,-72.288300069049",1365807265
u59,2,"43.70562854222953,-72.29079879820347",1366197567
u59,2,Unknown,1365746757
u59,1,"43.70393468532711,-72.28716691955924",1365785627
u59,4,"43.70522507932037,-72.29081598110497",1365815169
u59,4,"43.70568109676242,-72.29072663001716",1365890989
u59,4,"43.70137925259769,-72.28947512805462",1365969954
u59,4,"43.70568109676242,-72.29072663001716",1365919398
u59,4,"43.70568109676242,-72.29072663001716",1365909317
u59,1,"43.702968335710466,-72.29021784849465",1365937953
u59,1,"43.70289662852883,-72.28997561149299",1366024115
u59,2,"43.70289662852883,-72.28997561149299",1366049180
u59,1,Unknown,1366075403
u59,4,"43.70289050973952,-72.2909696213901",1366092237
u59,4,"43.70289050973952,-72.2909696213901",1366084853
u59,1,"43.70289050973952,-72.2909696213901",1366099230
u59,1,"43.70562028605491,-72.29085822589695",1366171220
u59,1,"43.70562854222953,-72.29079879820347",1366185696
u59,4,"43.70496301911771,-72.2903998196125",1366156988
u59,1,"43.706074208021164,-72.2909130435437",1366213810
u59,1,Unknown,1366243422
u59,1,Unknown,1366247433
u59,1,"43.706606877967715,-72.28770210407674",1366317383
u59,1,Unknown,1366272433
u59,4,"43.703824086114764,-72.28708427399397",1366307891
u59,4,"43.706606877967715,-72.28770210407674",1366315385
u59,1,Unknown,1366259568
u59,1,Unknown,1366277263
u59,1,"43.705556374043226,-72.2909109480679",1366329706
u59,1,"43.70412390679121,-72.28750135749578",1366387119
u59,4,Unknown,1366343945
u59,5,"43.70582476258278,-72.29042178019881",1366404731
u59,1,Unknown,1366351223
u59,5,"43.70582476258278,-72.29042178019881",1366412788
u59,4,"43.70582476258278,-72.29042178019881",1366431730
u59,4,"43.70582476258278,-72.29042178019881",1366437236
u59,1,"43.70562979951501,-72.28742231614888",1366999319
u59,1,"43.702826388180256,-72.29127505794168",1366501657
u59,4,"43.70586654637009,-72.29082025587559",1366913294
u59,1,"43.70409922208637,-72.28208472020924",1366537407
u59,1,"43.702177251689136,-72.29007745161653",1366588859
u59,1,"43.70345394127071,-72.29087851010263",1366603257
u59,1,"43.70345394127071,-72.29087851010263",1366626907
u59,1,"43.702806774526834,-72.29073786176741",1366783509
u59,1,Unknown,1366690533
u59,3,"43.70559400878847,-72.29087733663619",1366732940
u59,1,"43.70548307429999,-72.2909040749073",1366858893
u59,1,Unknown,1366684355
u59,1,"43.702806774526834,-72.29073786176741",1366778729
u59,1,"43.703413414768875,-72.28902460075915",1366844848
u59,4,Unknown,1366770504
u59,1,Unknown,1367117498
u59,4,"43.705437812022865,-72.29115846566856",1366964248
u59,4,Unknown,1366836418
u59,4,"43.705770364031196,-72.29050819762051",1366854317
u59,4,"43.704535835422575,-72.29042085818946",1366934077
u59,4,"43.705345443449914,-72.29143733158708",1366951052
u59,3,"43.70579710230231,-72.29083056561649",1367348604
u59,4,"43.7066536070779,-72.28823712095618",1366920024
u59,1,"43.70548462495208,-72.29094330221415",1367012010
u59,4,Unknown,1367127257
u59,1,"43.70562979951501,-72.28742231614888",1367003261
u59,4,Unknown,1367097314
u59,4,Unknown,1367113049
u59,1,"43.706689733080566,-72.28658253327012",1367223327
u59,1,Unknown,1367208643
u59,1,"43.705516937188804,-72.29096400551498",1367183442
u59,1,"43.70636967010796,-72.28717530146241",1367231216
u59,2,Unknown,1367193693
u59,4,"43.704183753579855,-72.28855940513313",1367265614
u59,4,"43.70428538415581,-72.28916759602726",1367251139
u59,1,"43.704183753579855,-72.28855940513313",1367254403
u59,1,"43.704183753579855,-72.28855940513313",1367262341
u59,3,Unknown,1367318958
u59,1,"43.70313869789243,-72.2904294077307",1367384435
u59,4,"43.70560289360583,-72.29077340103686",1367460108
u59,1,"43.70489332359284,-72.28969481773674",1367478707
u59,4,"43.70563415810466,-72.2912774886936",1367510601
u59,4,"43.70568541344255,-72.29091857559979",1367557242
u59,1,"43.705406757071614,-72.28963203728199",1367869361
u59,1,"43.70564182754606,-72.29092067107558",1368199784
u59,1,"43.702828316017985,-72.29103868827224",1367915914
u59,1,"43.705429220572114,-72.29127271100879",1367945853
u59,4,"43.705581771209836,-72.29074255563319",1367837064
u59,1,"43.70389746967703,-72.28679367341101",1367859309
u59,4,"43.70178573299199,-72.28840081952512",1367734823
u59,1,"43.70312268845737,-72.29016378521919",1367985911
u59,1,Unknown,1367984803
u59,3,Unknown,1368230423
u59,1,Unknown,1368669779
u59,5,Unknown,1367663218
u59,1,"43.702828316017985,-72.29103868827224",1367913404
u59,4,"43.70719000697136,-72.29053074494004",1368072216
u59,4,"43.70551781728864,-72.29054197669029",1367787368
u59,1,"43.702828316017985,-72.29103868827224",1367899240
u59,2,"43.706466439180076,-72.28715711273253",1368014879
u59,2,"33.64048871677369,-84.43573283962905",1368293641
u59,2,Unknown,1368597797
u59,1,"43.70556081645191,-72.2910356707871",1367812888
u59,1,Unknown,1367624966
u59,4,"43.702881247736514,-72.29107422754169",1367893841
u59,1,"43.70553600601852,-72.29107699356973",1368718991
u59,3,"29.90291280671954,-90.0272652413696",1368360472
u59,2,"43.70743128005415,-72.28925778530538",1368605566
u59,1,"43.70431249961257,-72.28903147391975",1368731713
u59,4,"43.705568527802825,-72.29081480763853",1368992046
u59,4,"43.70494906324893,-72.29194141924381",1368911207
u59,1,"43.70531283784658,-72.28896860964596",1368835461
u59,4,"43.704725224524736,-72.28949784301221",1369009480
u59,4,"43.70559212286025,-72.29091203771532",1369090445
u59,4,"43.70559212286025,-72.29091203771532",1369082879
u59,4,"43.70559212286025,-72.29091203771532",1369079292
u59,1,"43.705461281351745,-72.2910166438669",1369127617
u59,4,Unknown,1369162555
u59,5,"43.705348586663604,-72.28977226652205",1369181222
u59,1,"43.70286435820162,-72.28974292986095",1369201117
u59,4,"43.705720701254904,-72.29104246012866",1369249112
u59,4,Unknown,1369332207
u59,1,Unknown,1369368084
u59,1,Unknown,1369414852
u59,5,"43.70243239682168,-72.28868303820491",1370031313
u59,1,Unknown,1369442417
u59,4,Unknown,1369994264
u59,5,"43.705530599690974,-72.29089292697608",1369944204
u59,5,Unknown,1369958489
u59,4,"43.70569061022252,-72.2908440604806",1370023706
u59,4,Unknown,1369546466
u59,2,"43.705510566942394,-72.29118637740612",1369644240
u59,4,"43.705819859169424,-72.29087230749428",1369595864
u59,4,"43.70550733990967,-72.2909749019891",1369681754
u59,2,Unknown,1369792980
u59,2,Unknown,1369734940
u59,2,"43.70560381561518,-72.29110607877374",1369771671
u59,2,Unknown,1369800335
u59,2,Unknown,1369874557
u59,2,Unknown,1369858113
u59,1,"40.69961621426046,-73.81507202982903",1370092163
u59,5,"41.09053309075534,-73.45103331841528",1370059434
u59,4,"29.902958278544247,-90.02731117419899",1370416519
u59,4,"29.902795627713203,-90.02727152779698",1370477165
u59,4,"29.902872280217707,-90.02744721248746",1370387871
u59,4,"29.90290006622672,-90.02740010619164",1370335175
u59,5,"29.903018628247082,-90.02739306539297",1370408804
u59,4,"29.902838333509862,-90.02745215781033",1370221193
u59,4,"29.900103276595473,-90.0295245833695",1370152842
u59,4,"29.902807823382318,-90.02733036875725",1370309395
u59,4,"29.902975209988654,-90.02755098044872",1370246220
u59,4,"29.902878901921213,-90.02735710702837",1370208706
u59,4,"29.902932504191995,-90.02747026272118",1370231310
u59,4,"29.9028183426708,-90.02741821110249",1370394583
u59,4,"29.90286414977163,-90.02727756276727",1370514132
u59,4,"29.899868331849575,-90.02978006377816",1370648787
u18,1,"43.70765942,-72.28908826",1364978691
u18,4,"43.70732226,-72.28906248",1364402047
u18,1,"43.707134,-72.28674202",1364596765
u18,4,"43.70755751,-72.28917613",1364681460
u18,1,"43.70745812,-72.28921487",1365152001
u18,1,"43.70605791,-72.28694024",1365185624
u18,1,"43.70776193,-72.28440587",1365452770
u18,1,"43.70476091,-72.28976384",1365480349
u18,1,"43.70741131,-72.28909446",1365551664
u18,3,"43.7074571,-72.28913868",1366057545
u18,1,"43.70264346,-72.28707",1366341951
u18,1,"43.70724964,-72.28892471",1366438526
u18,1,"43.70747,-72.28925023",1366560416
u18,3,"43.70659959,-72.28686749",1367001157
u18,3,"43.70729549,-72.28666352",1367294412
u18,3,"43.70755542,-72.28919066",1367280542
u56,5,"43.01433773,-72.34858847",1365381726
u56,4,"43.01433773,-72.34858847",1365393280
u56,1,"43.01433773,-72.34858847",1365460893
u56,1,"43.01433773,-72.34858847",1365480212
u56,5,"43.71653168,-72.30894632",1365496965
u56,5,"43.71677665,-72.30926871",1365619708
u56,2,"43.7167643,-72.3092846",1365643452
u56,1,"43.71190002,-72.30815066",1365814735
u56,5,"43.71670486,-72.3094297",1366176111
u56,2,"43.71660508,-72.30929384",1366063660
u56,2,"43.71660508,-72.30929384",1366087171
u56,5,"43.71400653,-72.30839143",1366435968
u56,1,"43.71646049,-72.30899963",1366530692
u56,5,"43.71664273,-72.30936718",1367000286
u56,1,"43.7163913,-72.30921545",1367477728
u56,5,"43.71658574,-72.30922293",1367648996
u56,5,Unknown,1368991315
u56,2,"43.70361704,-72.30182479",1369716179
u56,4,"43.71654905,-72.30960914",1370326632
u01,4,"43.70685969,-72.28758714",1364359545
u01,1,"43.70677676,-72.28902977",1364682446
u01,1,"43.70652979,-72.28926963",1364586325
u01,4,"43.70685738,-72.28916538",1364514789
u01,5,"43.70672328,-72.28909919",1364603578
u01,1,"43.7067865,-72.28924896",1364755767
u01,2,"43.70656859,-72.28959788",1364784354
u01,1,"43.70671336,-72.28916672",1364968984
u01,4,"43.70654787,-72.28920771",1365060515
u01,4,"43.70712384,-72.28865547",1365142122
u01,4,"43.70696816,-72.28903041",1365211601
u01,5,"43.69935393,-72.29030653",1365241170
u01,1,"43.70570732,-72.2889679",1365369714
u01,1,"43.70522631,-72.28969164",1365483001
u01,1,"43.70677177,-72.28918785",1365633195
u01,2,"43.70403134,-72.28895495",1365562762
u01,1,"43.7065784,-72.28931637",1366086242
u01,1,"43.70697918,-72.2890532",1365645796
u01,1,"43.70461136,-72.28954968",1365734659
u01,4,"43.70688206,-72.28906315",1365893676
u01,1,"43.70670731,-72.28897599",1365981255
u01,1,"43.70668962,-72.28901451",1366077144
u01,1,"43.70725639,-72.28916553",1366171307
u01,4,"43.70330718,-72.28913616",1366331562
u01,4,"43.70700605,-72.28906778",1366440292
u01,2,"43.70682686,-72.28889746",1367135266
u01,2,"43.70681322,-72.28921218",1367185489
u01,1,"43.70669748,-72.28920919",1366999402
u01,2,"43.7066455,-72.28908136",1367177642
u01,3,"43.70665994,-72.28903937",1367214608
u01,2,"43.70669145,-72.28940019",1367301495
u01,1,"43.70264128,-72.28912823",1367903060
u17,1,"43.70252619,-72.28664327",1364508535
u17,2,"43.70406856,-72.29058126",1364684780
u17,2,"43.70495522,-72.29090614",1366190098
u17,3,"43.70495522,-72.29090614",1366099385
u17,3,"43.70678195,-72.28738426",1365724416
u17,3,"43.70459704,-72.29138802",1365978836
u17,3,"43.70476167,-72.29132691",1366060052
u17,3,"43.70432313,-72.29132532",1366263875
u17,3,"43.70432313,-72.29132532",1366272014
u17,3,"43.70237732,-72.28914013",1366339011
u17,2,Unknown,1366487226
u17,2,"43.7054293,-72.2897154",1366437372
u17,3,Unknown,1366539365
u17,3,Unknown,1366534700
u17,3,Unknown,1366582236
u17,3,"43.70455463,-72.29084469",1367294710
u17,3,Unknown,1366708907
u17,3,"43.7060191,-72.28758328",1367000810
u17,3,Unknown,1367210055
u17,3,"43.70436553,-72.29117433",1367472367
u17,3,"43.70426646,-72.29095652",1367384525
u17,3,"43.70426219,-72.29134493",1367900979
u17,3,"43.702392,-72.28970149",1367949671
u17,3,"43.70419436,-72.29111957",1368784381
u17,3,"43.70667208,-72.28631618",1367985665
u17,3,Unknown,1368260008
u17,3,"43.70441582,-72.29136839",1367687909
u17,3,"43.70492105,-72.29126522",1367914044
u17,3,"43.7052792,-72.28985206",1368079027
u17,3,"43.704734619999996,-72.29096421",1368030631
u17,3,"43.70673393,-72.28776049",1368582565
u17,3,"43.70648669,-72.28860157",1368845958
u17,3,"43.70551279,-72.29153409",1368957026
u17,3,"43.70551279,-72.29153409",1369040256
u17,3,"43.70359481,-72.28954844",1369130694
u17,3,"43.70465377,-72.29113067",1369250115
u17,3,Unknown,1369397225
u17,3,Unknown,1369759414
u17,3,Unknown,1369525523
u17,3,Unknown,1369527989
u17,3,"43.70583041,-72.28925846",1369975037
u17,3,"43.70583041,-72.28925846",1370101079
u41,2,"43.70394481,-72.28581948",1364771542
u41,2,"43.70377722,-72.28783656",1365039827
u41,2,"43.70377722,-72.28783656",1365055212
u41,1,Unknown,1365486476
u41,2,"43.70393265,-72.28608222",1365890411
u41,3,"43.70428777,-72.28778708",1365977545
u41,1,"43.70428777,-72.28778708",1366085234
u41,1,"43.70543645,-72.28828558",1367003837
u41,2,"43.70535262,-72.28819131",1367193608
u41,3,"43.70526777,-72.28881679",1367312977
u41,3,Unknown,1368000327
u16,4,"43.70490618,-72.2903464",1364772360
u16,1,"43.70569755,-72.29051497",1364682509
u16,1,"43.70282146,-72.29016985",1364423862
u16,1,"43.70535842,-72.28724963",1364513446
u16,1,"43.70724486,-72.28721651",1364594455
u16,2,"43.70358976,-72.29054215",1364949540
u16,1,"43.70358976,-72.29054215",1364924964
u16,1,"43.70450379,-72.28884561",1365033859
u16,4,"43.70358976,-72.29054215",1365005643
u16,1,"43.70450379,-72.28884561",1365026486
u16,1,"43.70393687,-72.29111144",1365112854
u16,3,"43.7040162,-72.29110655",1365462160
u16,4,"43.70399029,-72.29031194",1365125623
u16,4,"43.70373421,-72.29092089",1365210799
u16,1,"43.7037992,-72.29079052",1365204841
u16,1,"43.70362252,-72.29130382",1365368976
u16,2,"43.70638642,-72.28846824",1365379456
u16,2,"43.70638642,-72.28846824",1365393124
u16,2,"43.70411779,-72.28816375",1365455951
u16,1,"43.70592306,-72.28973692",1365480030
u16,3,"43.70474513,-72.28856577",1365649113
u16,1,Unknown,1365535642
u16,1,"43.71418086,-72.2968304",1365561082
u16,2,"43.70361655,-72.29085905",1365569335
u16,1,"43.7037662,-72.29072759",1365722036
u16,3,"43.70474513,-72.28856577",1365624024
u16,3,"43.70474513,-72.28856577",1365633446
u16,1,"43.70364199,-72.29076278",1365892550
u16,4,"43.70364199,-72.29076278",1365810420
u16,1,"43.70338123,-72.29047331",1365749181
u16,3,"43.70350683,-72.28981599",1366007895
u16,3,"43.70364199,-72.29076278",1365900027
u16,1,"43.70350683,-72.28981599",1365976857
u16,2,"43.70348086,-72.29159422",1365970774
u16,1,"43.70346314,-72.29066114",1366079958
u16,1,"43.70383103,-72.28971738",1366084876
u16,1,"43.71269528,-72.28398406",1366171407
u16,1,"43.70459119,-72.28893631",1366257626
u16,2,"43.70378332,-72.29056908",1366317809
u16,1,"43.70692473,-72.28664094",1366252492
u16,2,"43.70459119,-72.28893631",1366275377
u16,2,"43.70590563,-72.28948565",1366352255
u16,2,"43.70370463,-72.29071195",1366387570
u16,3,"43.70308688,-72.28865677",1366399805
u16,2,"43.70097511,-72.28885351",1366438385
u16,3,"43.70379379,-72.29137476",1366576653
u16,3,"43.70388114,-72.29106228",1366596598
u16,3,"43.70388114,-72.29106228",1366596604
u16,3,"43.70379379,-72.29137476",1366575490
u16,3,"43.7070591,-72.28708027",1367294457
u16,1,"43.70378422,-72.29157491",1366733788
u16,3,"43.70381392,-72.29084126",1366956866
u16,3,"43.70381392,-72.29084126",1366999337
u16,3,"43.70380827,-72.290783",1367173411
u16,3,"43.70378913,-72.29087644",1367195441
u16,3,"43.70380827,-72.290783",1367179535
u16,3,"43.70373463,-72.29053354",1367208805
u16,3,"43.70435459,-72.29034651",1367268386
u16,4,"43.70376088,-72.29035391",1367341969
u16,3,"43.70688467,-72.28732802",1367280016
u16,1,"43.70545477,-72.28953205",1367471379
u16,1,"43.70545477,-72.28953205",1367458775
u16,1,Unknown,1367515632
u16,3,"43.70360319,-72.29109274",1367563972
u16,3,"43.70369577,-72.29064258",1367860673
u16,2,"43.70363675,-72.29111179",1368077786
u16,2,"43.70397531,-72.28989529",1367712962
u16,2,"43.70397531,-72.28989529",1367773802
u16,3,"43.70369577,-72.29064258",1367817929
u16,3,"43.70369577,-72.29064258",1367818003
u16,3,"43.70363675,-72.29111179",1368061832
u16,4,"43.70317722,-72.28939878",1368250107
u16,2,"43.70391463,-72.28988644",1368583737
u16,2,"43.7038144,-72.29043427",1367950702
u16,1,Unknown,1368386044
u16,2,"43.70391463,-72.28988644",1368499504
u16,2,"43.70534496,-72.29049134",1367943136
u16,3,"43.70345091,-72.29056717",1368207260
u16,1,"43.70722102,-72.29064325",1367986438
u16,2,"43.70391463,-72.28988644",1368576619
u16,4,"43.70374249,-72.29050587",1368650275
u16,2,"43.70374249,-72.29050587",1368674414
u16,1,"43.70355342,-72.29047722",1367691563
u16,3,"43.70695455,-72.28826139",1367899212
u16,1,"43.70444528,-72.29050901",1368036187
u16,1,"43.70317722,-72.28939878",1368290060
u16,1,"43.70317722,-72.28939878",1368300316
u16,2,"43.70391463,-72.28988644",1368561564
u16,4,Unknown,1368818734
u16,1,"43.70695744,-72.28713032",1368844260
u16,4,"43.70633473,-72.28883226",1368994784
u16,1,"43.70633473,-72.28883226",1368941949
u16,1,Unknown,1368904450
u16,2,Unknown,1369104402
u16,3,Unknown,1369019963
u16,1,Unknown,1369022797
u16,4,Unknown,1369019988
u16,1,Unknown,1369078172
u16,3,Unknown,1369111249
u16,1,"43.70708133,-72.28751809",1369202320
u16,3,"43.70688262,-72.28760657",1369282738
u16,1,"43.70290001,-72.28954014",1369251241
u16,2,"43.70390811,-72.29065789",1369368560
u16,2,"43.70675104,-72.28740962",1369349334
u16,1,"43.70372826,-72.29097234",1369428881
u16,3,"43.68753666,-72.29250241",1369719704
u16,3,"43.68753666,-72.29250241",1369729103
u00,2,"43.70692415,-72.2873929",1364237696
u00,2,"43.70555193,-72.28704778",1364268806
u00,2,"43.70555193,-72.28704778",1364268814
u00,1,"43.70678675,-72.28732051",1364346740
u00,4,"43.70032217,-72.28941584",1364509152
u00,1,"43.70508322,-72.28677496",1364437527
u00,2,"43.70541477,-72.28837166",1364498754
u00,2,"43.70514505,-72.28786512",1364496192
u00,3,"43.70492199,-72.28765189",1364498245
u00,4,"43.70671614,-72.28750076",1364522754
u00,1,"43.70466313,-72.30515871",1364572642
u00,4,"43.70540958,-72.28769817",1364504894
u00,1,"43.70045799,-72.28948963",1364590457
u00,4,"43.70045799,-72.28948963",1364598486
u00,4,"43.70664323,-72.28735129",1364617164
u00,4,"43.75914412,-72.32945574",1364752485
u00,5,"43.75933742,-72.32887548",1364770527
u00,2,"43.64517111,-72.34052885",1364949608
u00,4,"43.70708859,-72.28753397",1365035249
u00,1,Unknown,1364941061
u00,1,"43.70718896,-72.28657272",1365006419
u00,1,"43.70708859,-72.28753397",1365087584
u00,2,"43.70708859,-72.28753397",1365102258
u00,4,"43.70708859,-72.28753397",1365117924
u00,2,"43.70708859,-72.28753397",1365174158
u00,1,"43.70708859,-72.28753397",1365187409
u00,1,"43.70708859,-72.28753397",1365209004
u00,5,"43.70708859,-72.28753397",1365309944
u00,3,"43.78764103,-72.32252081",1365392025
u00,3,Unknown,1365979542
u00,3,"43.70690265,-72.28747561",1366057709
u00,3,"43.75915445,-72.32925527",1365485623
u00,1,"43.70668295,-72.28724732",1365554518
u00,1,"43.70682418,-72.28798538",1365547428
u00,2,"43.70481436,-72.28805954",1365807220
u00,4,"43.7591511,-72.32945525",1366297660
u00,3,"43.75899579,-72.32903844",1366100129
u00,3,"43.75948572,-72.3291779",1366084895
u00,3,"43.75920543,-72.32915097",1366191758
u00,4,"43.70119593,-72.29059041",1366258945
u00,1,"43.70539121,-72.28823469",1366912997
u00,1,"43.75934857,-72.32904627",1366707298
u00,1,"43.73657036,-72.31722019",1366999339
u00,2,Unknown,1367208547
u00,1,Unknown,1367179212
u00,3,"43.70671166,-72.28752047",1367296021
u00,4,"43.75925379,-72.32896315",1368585696
u00,1,"45.4395125,12.34123283",1368036985
u00,5,"45.43405923,12.34411871",1368036984
u00,4,"43.70577916,-72.28646757",1368670294
u00,4,Unknown,1368071042
u00,1,"48.85374768,2.32779888",1367886692
u00,1,"43.70342306,-72.28790457",1368650985
u00,4,"43.6853331,-72.3136472",1368756027
u00,4,"43.7590614,-72.32948628",1368819907
u00,4,Unknown,1368844157
u00,1,"43.75896264,-72.32915927",1369022636
u00,2,"43.71426733,-72.30833474",1369151838
u00,1,"43.70685166,-72.28720734",1369195879
u00,1,"43.70092569,-72.2894562",1369253012
u00,1,"43.70092569,-72.2894562",1369251674
u00,1,Unknown,1369328795
u00,1,"43.7030517,-72.28273911",1369379334
u00,1,Unknown,1369336750
u00,2,"38.90571134,-77.03395507",1369454414
u00,1,"43.70090859,-72.28580049",1369430770
u00,1,"38.9057069,-77.03396292",1369462456
u00,2,Unknown,1369497236
u00,3,Unknown,1369499950
u00,1,"43.75910573,-72.32818315",1370239204
u00,1,"43.7020707,-72.28920131",1375840084
u00,3,"43.71339054,-72.30883507",1375922853
u00,1,"43.70579481,-72.28577693",1376106280
u00,2,"43.70670762,-72.28743459",1376614568
u57,4,"43.70682318,-72.28633461",1364425354
u57,5,"43.70286724,-72.29005263",1364414648
u57,4,"43.7069809,-72.28900187",1364508029
u57,4,"43.70812165,-72.28465541",1364598030
u57,5,"44.10787288,-72.61254468",1364767494
u57,1,"43.70706817,-72.28796189",1365037446
u57,1,"43.707167,-72.28881902",1364937830
u57,1,"43.70700582,-72.28894023",1364969496
u57,1,"43.70681781,-72.28867166",1364948483
u57,1,"43.70632836,-72.29127649",1365055406
u57,1,Unknown,1365451458
u57,1,"43.70726304,-72.28837339",1365120971
u57,1,Unknown,1365387013
u57,1,"43.70313582,-72.29037332",1365143450
u57,1,"43.07856719,-71.47247614",1365209852
u57,1,"43.07856719,-71.47247614",1365229044
u57,1,Unknown,1365379437
u57,4,Unknown,1365494981
u57,4,"43.70708633,-72.28866535",1365635026
u57,1,"43.7072894,-72.28890368",1365742944
u57,1,"43.70378266,-72.28961792",1365545584
u57,1,"43.7071603,-72.28890645",1365833027
u57,1,"43.70689354,-72.28946751",1365717783
u57,1,"43.70725692,-72.28889955",1365810062
u57,1,"43.70728941,-72.28894518",1365890532
u57,2,"43.70723334,-72.28841643",1366046792
u57,2,"43.70303099,-72.29075335",1365980056
u57,2,"43.70374453,-72.28953055",1365970001
u57,2,"43.70716833,-72.2890588",1366056717
u57,2,"43.70293807,-72.28518634",1366085251
u57,3,"43.7071633,-72.2887475",1366208730
u57,1,"43.70724046,-72.28885725",1366151080
u57,2,"43.70306909,-72.29122861",1366171218
u57,1,"43.70725954,-72.28874916",1366274702
u57,2,"43.73397286,-72.25585522",1366434019
u57,2,"43.70689486,-72.28866441",1366573117
u57,3,"43.70689703,-72.2889091",1366705283
u57,3,"43.70712251,-72.28871029",1366825032
u57,3,"43.70696843,-72.28909371",1366914536
u57,3,"43.70888571,-72.2841184",1366999349
u57,3,"43.70715788,-72.2881815",1367193703
u57,3,"43.70629213,-72.28648992",1367209368
u57,3,"43.70675787,-72.28759013",1367266159
u57,2,"43.70297808,-72.28458083",1367294634
u57,2,"43.70662559,-72.29217632",1367385902
u57,3,"43.70719194,-72.2888951",1367471686
u57,2,"43.70485698,-72.28945429",1367557218
u57,3,"43.70534604,-72.28774277",1367812838
u57,1,"43.70689592,-72.28903667",1368731651
u57,1,"43.70726739,-72.28902375",1368558998
u57,1,"43.70677365,-72.28916961",1367919226
u57,1,"43.70535722,-72.28937167",1367953228
u57,1,"43.70742437,-72.28955085",1368645250
u57,1,"43.70689039,-72.28909394",1368000010
u57,1,"43.70767843,-72.28476978",1368036209
u57,4,"43.70291045,-72.29075571",1368072232
u57,1,"43.70256621,-72.2845022",1367900580
u57,2,"43.70277042,-72.29111758",1368937284
u57,1,"43.70365271,-72.28927596",1368818697
u57,1,"43.70695717,-72.28860686",1368842553
u57,1,"43.70391493,-72.28899774",1368992894
u57,1,"43.70629434,-72.28697791",1369077319
u57,1,"43.70254235,-72.28877528",1369109608
u57,1,"43.70681234,-72.28874733",1369163712
u57,1,Unknown,1369281713
u57,1,"43.70690721,-72.28896001",1369337321
u57,5,"43.70642722,-72.29108366",1370240001
u20,4,Unknown,1364425348
u20,4,Unknown,1364425348
u20,1,Unknown,1364536538
u20,1,Unknown,1364598836
u20,1,"43.70432872,-72.28591216",1364975714
u20,1,"43.70438934,-72.28838254",1365058747
u20,1,"43.70560445,-72.28333068",1365228367
u20,1,"43.70539662,-72.28302349",1365315266
u20,1,"43.70541678,-72.28325524",1365388873
u20,2,"43.70644022,-72.28264149",1365722833
u36,1,"43.7067339,-72.28704437",1364768049
u36,1,"43.70662208,-72.2869472",1364680820
u36,1,"43.70656841,-72.28679952",1365034489
u36,1,"43.70697433,-72.2869782",1364950645
u36,1,"43.7065888,-72.28680205",1364973133
u36,1,"43.70856017,-72.28174284",1365055814
u36,1,"43.70672504,-72.2870343",1365145709
u36,3,"43.70657745,-72.2869133",1365209120
u36,2,"43.70663368,-72.28708155",1365233307
u36,2,"43.70682481,-72.2871297",1365300491
u36,3,"43.70656778,-72.28689107",1365389596
u36,1,"43.7066316,-72.28703118",1365483434
u36,1,"43.70675614,-72.28688978",1365495896
u36,2,"43.70659406,-72.28704229",1365825167
u36,2,Unknown,1366086246
u36,1,"43.70647121,-72.28707721",1365555608
u36,1,"43.65177507,-72.31008393",1366277706
u36,1,"43.70673343,-72.28672849",1365631686
u36,2,"43.7065966,-72.28746486",1366171714
u36,2,"43.70678726,-72.28706171",1365719092
u36,2,"43.70671418,-72.28692163",1365804512
u36,3,"43.70667952,-72.2873341",1365791946
u36,2,"43.70691067,-72.28670488",1365906751
u36,2,"43.70660119,-72.28697066",1366188944
u36,1,"43.70641893,-72.28667884",1365982658
u36,2,"43.70655534,-72.28702434",1366067907
u36,2,"43.70670015,-72.28700617",1366102764
u36,1,"37.90335743,-121.72986944",1366447752
u36,1,"43.70668768,-72.28688497",1367272752
u36,1,"43.71658745,-72.27561069",1367209877
u36,1,"43.70666412,-72.28708106",1367285735
u36,1,"43.70666412,-72.28708106",1367295113
u36,1,"43.7064439,-72.28686698",1367384879
u36,1,"43.70630215,-72.2870075",1367557825
u36,1,"43.70663321,-72.28687714",1367954716
u36,1,"43.70655827,-72.28689597",1368077925
u36,1,"43.70868839,-72.28170061",1368671835
u36,1,"43.70688186,-72.28684469",1367901421
u36,1,"43.70867556,-72.281837",1367814262
u36,1,"43.70765131,-72.28514576",1368000471
u36,1,"43.70661784,-72.28652803",1368037933
u36,1,"43.65178229,-72.30992795",1368734320
u36,1,"43.70688186,-72.28684469",1367914057
u36,1,"43.65178229,-72.30992795",1368759475
u36,1,"43.70553269,-72.29424223",1368820950
u36,1,"43.70649295,-72.28700259",1368992807
u36,1,"43.70649129,-72.28688808",1368846533
u36,1,"43.65198745,-72.30999847",1368941015
u36,1,"43.65173882,-72.30991548",1368905351
u36,1,"43.7071361,-72.2870328",1369036376
u36,1,"43.70818124,-72.28597818",1369092538
u36,4,"43.7069299,-72.28719159",1369200175
u36,4,"43.70681113,-72.2870305",1369164593
u36,1,"43.70662411,-72.28722922",1369311300
u36,1,"43.65172993,-72.31003051",1369351445
u36,1,"43.70331517,-72.2903492",1369373276
u50,2,"43.70623913,-72.28705124",1364981112
u50,2,"43.70702401,-72.28723933",1365719149
u50,2,"43.70713282,-72.28737294",1365997739
u50,2,"43.70890652,-72.28416874",1366068641
u07,4,"43.7034298,-72.2850223",1364731808
u07,4,"43.70393655,-72.28393844",1364971139
u07,4,"43.7038505,-72.28368719",1364637696
u07,5,"43.70297942,-72.28462672",1364695672
u07,2,"43.70675332,-72.2868274",1364355812
u07,4,"43.70255001,-72.28685512",1364517071
u07,4,"43.70287825,-72.28818009",1364372190
u07,4,"43.7040066,-72.28391899",1364422428
u07,1,"43.7040066,-72.28391899",1364416770
u07,1,"43.70377905,-72.28420015",1364375862
u07,1,"43.7040066,-72.28391899",1364404685
u07,1,"43.70327981,-72.28393317",1364459763
u07,1,"43.70381904,-72.28413912",1364493890
u07,4,"43.70327981,-72.28393317",1364443895
u07,4,"43.70321138,-72.29012708",1364536763
u07,1,"43.70257385,-72.28793151",1364523605
u07,4,"43.70200398,-72.28793859",1364513833
u07,4,"43.70321138,-72.29012708",1364531238
u07,1,"43.705217,-72.28640721",1364513373
u07,1,"43.70321138,-72.29012708",1364527034
u07,1,"43.705217,-72.28640721",1364513345
u07,1,"43.70392608,-72.28391071",1364576755
u07,4,"43.70880096,-72.28424497",1364587358
u07,4,"43.70166036,-72.28814555",1364595952
u07,5,"43.70393335,-72.2837312",1364799501
u07,5,"43.70166036,-72.28814555",1364614568
u07,4,"43.70358547,-72.28382208",1364713715
u07,1,"43.70151102,-72.28661176",1364723720
u07,5,"43.70386706,-72.28368428",1364695670
u07,4,"43.70384974,-72.28380085",1364765844
u07,4,"43.70384974,-72.28380085",1364770202
u07,4,"43.70393335,-72.2837312",1364791877
u07,4,"43.70391766,-72.28483911",1364983966
u07,4,"43.70302005,-72.28456593",1365040346
u07,4,"43.70391766,-72.28483911",1365011835
u07,4,"43.7035913,-72.28369892",1365081505
u07,5,"43.70406445,-72.28387812",1365150132
u07,4,"42.68180911,-84.64766693",1365461428
u07,4,"43.70416133,-72.28362449",1365672741
u07,1,"43.70829698,-72.28430122",1365734641
u07,1,"43.70404614,-72.28405349",1365707401
u07,4,"43.70829698,-72.28430122",1365710683
u07,4,"43.70249992,-72.28863527",1365804691
u07,4,"43.70380132,-72.28395937",1366169922
u07,4,"43.70380812,-72.28401109",1365891820
u07,2,"43.70375535,-72.28381706",1366056040
u07,1,"43.70846713,-72.28425547",1366084813
u07,4,"43.70440959,-72.28378547",1366186225
u07,4,"43.70643727,-72.28702697",1366281877
u07,4,"43.70396269,-72.28384852",1366245261
u07,4,"43.70413027,-72.28378295",1366434340
u07,4,"43.7028215,-72.28758618",1366716537
u07,5,"43.70425769,-72.28391582",1366752736
u46,1,"43.70629771,-72.28833431",1364775650
u46,2,"43.70105311,-72.28963051",1364807149
u46,5,"43.70106678,-72.28949426",1364796191
u46,1,"43.7044068,-72.28971584",1364847640
u46,4,"43.70478536,-72.28887601",1364969432
u46,4,"43.70374684,-72.28736928",1364948277
u46,2,"43.7044068,-72.28971584",1364895947
u46,2,"43.70628963,-72.28834634",1364788585
u46,4,"43.70628963,-72.28834634",1364792710
u46,1,"43.70675529,-72.28728531",1365034431
u46,5,"43.70293603,-72.28959821",1365057834
u46,3,"43.70589093,-72.28772656",1365144971
u46,1,"43.70428966,-72.29653853",1365120403
u46,3,"43.7053463,-72.2879193",1365206593
u46,4,"43.70392688,-72.29680224",1365232937
u46,3,Unknown,1365301149
u46,3,"43.70581445,-72.28774468",1365391549
u46,4,"43.70597109,-72.28774354",1365451228
u46,4,"43.70303593,-72.28801539",1365494502
u46,3,Unknown,1365890618
u46,3,"43.70507731,-72.29020043",1365719354
u46,1,"43.70450188,-72.2971835",1365804911
u46,3,"43.70520754,-72.29021202",1366043702
u46,3,"43.70558876,-72.28733586",1366185659
u46,3,"43.70525386,-72.29094429",1366999210
u46,3,"43.7013129,-72.28953311",1367294521
u46,3,"43.70689092,-72.28720713",1367208224
u46,3,Unknown,1367194989
u46,3,"43.70439006,-72.29698883",1367265610
u46,1,"43.70565358,-72.28787758",1367471141
u46,2,"43.705841649999996,-72.28781402",1367814398
u46,1,"43.70588227,-72.28828014",1368072708
u46,1,"43.70033896,-72.28974251",1367914398
u31,4,"43.68060986,-72.29350695",1364508024
u31,5,"43.7063711,-72.2869549",1364594440
u31,3,"43.68041184,-72.29313066",1364684254
u31,4,"43.70702548,-72.28665335",1364947339
u31,1,"43.68029104,-72.29385347",1365055481
u31,4,"43.68043243,-72.2937815",1365120832
u31,1,"43.68060527,-72.29378391",1365206421
u31,4,"43.68034282,-72.29380586",1365804015
u31,1,"43.68641769,-72.29316385",1365977146
u31,1,"43.68056375,-72.29351202",1366056021
u31,1,"43.70735468,-72.28667737",1366084812
u31,1,"43.7064523,-72.28695897",1366171376
u27,1,"43.70287018,-72.29016014",1364503040
u27,2,Unknown,1364503041
u27,3,"43.70274374,-72.28756665",1364540375
u27,1,"43.70429003,-72.28624946",1364596237
u27,1,"43.70405331,-72.28579164",1364685696
u27,1,"43.70388196,-72.28583882",1364969212
u27,1,"43.70388196,-72.28583882",1364947213
u27,1,"43.70403288,-72.28595896",1365034292
u27,1,"43.70475035,-72.28638803",1365120010
u27,1,"43.70475035,-72.28638803",1365160093
u27,3,"43.70586093,-72.28868897",1365447157
u27,3,Unknown,1365577579
u27,2,Unknown,1365985137
u27,2,"43.70400104,-72.28585139",1366185692
u27,2,"43.70424431,-72.28559775",1366317025
u27,1,"43.70415002,-72.2857329",1366099307
u27,1,"43.70415002,-72.2857329",1366084805
u27,1,"43.70415002,-72.2857329",1366060693
u27,3,"43.70424431,-72.28559775",1366272008
u27,3,"43.70424431,-72.28559775",1366257614
u27,4,Unknown,1366918397
u27,1,Unknown,1367001347
u27,2,"43.70401485,-72.28565495",1367193624
u27,4,"43.70422252,-72.28584502",1368036278
u27,1,Unknown,1367921612
u30,4,Unknown,1364527434
u30,4,"43.70240618,-72.28732915",1364584836
u30,1,Unknown,1364527436
u30,1,"43.70240618,-72.28732915",1364594535
u30,1,"43.70240618,-72.28732915",1364600209
u30,4,"42.94097068,-72.52796872",1364719666
u30,1,"42.94097068,-72.52796872",1364757671
u30,4,"43.70216667,-72.2862385",1365015404
u30,4,"43.70294473,-72.28772261",1365285715
u30,5,"43.70294473,-72.28772261",1365285721
u30,2,Unknown,1365323032
u30,5,"43.70294473,-72.28772261",1365285718
u30,4,"43.70294473,-72.28772261",1365285717
u30,1,"43.70294473,-72.28772261",1365285714
u30,4,"40.7744341,-73.9595746",1365998070
u30,5,"43.70285803,-72.28625113",1365621859
u30,4,"43.70260784,-72.28705135",1365566408
u30,4,"43.70279814,-72.28714674",1365717612
u30,4,"43.69971813,-72.29088714",1365896612
u30,4,"43.70247882,-72.2865795",1366099422
u30,1,"43.70301736,-72.28773771",1366171206
u30,1,"43.70249632,-72.286166",1366216765
u30,3,"43.70237328,-72.28670467",1366289684
u30,2,"43.70263246,-72.28706428",1366336341
u30,1,"41.23064284,-73.0728831",1366495761
u30,4,"41.23064284,-73.0728831",1366608013
u30,4,"41.23064284,-73.0728831",1366862511
u30,1,Unknown,1366999478
u30,1,"43.70906142,-72.28431236",1367258498
u30,4,"43.7024991,-72.28938342",1367562567
u47,1,Unknown,1364598900
u47,4,"43.70679119601846,-72.28743245825171",1365142029
u47,1,"43.702436378225684,-72.28887028992176",1365808102
u47,1,"43.6814654013142,-72.32193010859191",1366191616
u47,2,"43.68140639271587,-72.32202088460326",1365894524
u47,1,"43.681411002762616,-72.32202155515552",1366260030
u47,4,"43.68123858701438,-72.32162551023066",1366274853
u47,2,"43.70663252659142,-72.28676768951118",1367296264
u47,2,"43.70665293652564,-72.28699249215424",1367280024
u47,1,Unknown,1367559859
u47,1,"43.68147579487413,-72.32193337753415",1369026585
u47,4,"43.7070740852505,-72.28581625968218",1369336925
u47,1,"43.68153224699199,-72.32217259705067",1369423222
u10,2,"43.70644884,-72.28820168",1364609268
u10,1,"43.70241112,-72.28788985",1364800742
u10,1,"43.70243257,-72.28772434",1364770637
u10,4,"43.70710471,-72.28730696",1364869924
u10,1,"43.70679334,-72.28767766",1364928993
u10,2,"43.70681191,-72.28712581",1364428862
u10,1,"43.70644884,-72.28820168",1364609271
u10,1,"43.70647211,-72.28802604",1364609265
u10,4,"43.70644884,-72.28820168",1364609269
u10,1,"43.70644884,-72.28820168",1364617699
u10,4,"43.7026033,-72.28671544",1364702853
u10,4,"43.70312458,-72.28787646",1364699474
u10,1,"43.70312458,-72.28787646",1364687545
u10,4,"43.70312458,-72.28787646",1364680918
u10,1,"43.7026033,-72.28671544",1364747489
u10,4,"43.70268506,-72.2871776",1364752051
u10,1,"43.70344498,-72.28622861",1364787310
u10,4,Unknown,1364968520
u10,4,"43.70241112,-72.28788985",1364806252
u10,4,"43.70241112,-72.28788985",1364833955
u10,4,Unknown,1364968519
u10,1,"43.70679334,-72.28767766",1364947306
u10,5,Unknown,1364969990
u10,4,"43.70613435,-72.28844824",1365040681
u10,1,"43.70168352,-72.28807511",1365101407
u10,1,"43.70168352,-72.28807511",1365062511
u10,1,"43.70168352,-72.28807511",1365097718
u10,1,"43.70173422,-72.28775943",1365125458
u10,2,"43.70785919,-72.28512608",1365120705
u10,1,"43.70173422,-72.28775943",1365149095
u10,1,"43.70173422,-72.28775943",1365179756
u10,2,"43.70173422,-72.28775943",1365207346
u10,4,"43.70173422,-72.28775943",1365213650
u10,4,"43.70464259,-72.28795732",1365234458
u10,1,"43.70336268,-72.28777469",1365299962
u10,4,"43.70464259,-72.28795732",1365266723
u10,4,"43.70336268,-72.28777469",1365357079
u10,1,"43.70336268,-72.28777469",1365321912
u10,1,"43.70238375,-72.28772441",1365387463
u10,5,"43.70238375,-72.28772441",1365395153
u10,4,"43.70238375,-72.28772441",1365400248
u10,4,"43.70238375,-72.28772441",1365438631
u10,4,"43.70238375,-72.28772441",1365473663
u10,1,"43.70278942,-72.28658418",1365991655
u10,4,"43.70278942,-72.28658418",1365482894
u10,5,"43.70278942,-72.28658418",1365480250
u10,1,"43.70278942,-72.28658418",1365533888
u10,1,"43.70278942,-72.28658418",1365546713
u10,1,"43.70278942,-72.28658418",1365524784
u10,1,"43.70278942,-72.28658418",1365706531
u10,1,"43.70278942,-72.28658418",1365722540
u10,4,"43.70278942,-72.28658418",1365561812
u10,1,"43.70278942,-72.28658418",1365632224
u10,4,"43.70278942,-72.28658418",1365656970
u10,2,"43.70278942,-72.28658418",1365652667
u10,1,"43.70278942,-72.28658418",1365667982
u10,4,"43.70278942,-72.28658418",1365738620
u10,1,"43.70278942,-72.28658418",1365804637
u10,1,"43.70278942,-72.28658418",1365896515
u10,2,"43.7050225,-72.28939767",1366057780
u10,1,"43.7050225,-72.28939767",1366100076
u10,2,"43.7050225,-72.28939767",1366163551
u10,2,"43.7050225,-72.28939767",1366175910
u10,1,"43.7050225,-72.28939767",1366216231
u10,4,"43.7050225,-72.28939767",1366302399
u10,1,"43.7050225,-72.28939767",1366258536
u10,4,"43.70665284,-72.28802865",1366507435
u10,4,"43.70665284,-72.28802865",1366431434
u10,1,"43.70330372,-72.2898598",1366993868
u10,1,"43.70665284,-72.28802865",1366434862
u10,2,"43.70330372,-72.2898598",1366999326
u10,4,"43.70414567,-72.2861611",1366595714
u10,1,"43.70330372,-72.2898598",1366915838
u10,4,"43.70539179,-72.28841197",1366562620
u10,4,"43.70324408,-72.28961597",1366600652
u10,4,"43.70324408,-72.28961597",1366617063
u10,4,"43.70324408,-72.28961597",1366648805
u10,1,"43.70324408,-72.28961597",1366789695
u10,4,"43.70324408,-72.28961597",1366821887
u10,4,"43.70297206,-72.28625376",1366868375
u10,1,"43.70426581,-72.2858175",1367286252
u10,4,"43.70324408,-72.28961597",1366683576
u10,4,"43.70324408,-72.28961597",1366657587
u10,1,"43.70324408,-72.28961597",1366689779
u10,2,"43.70324408,-72.28961597",1366734466
u10,1,"43.70324408,-72.28961597",1366739814
u10,1,"43.70324408,-72.28961597",1366703855
u10,1,"43.70324408,-72.28961597",1366735713
u10,1,"43.70324408,-72.28961597",1366852996
u10,4,"43.70297206,-72.28625376",1366907654
u10,4,"43.70652564,-72.28793622",1367036245
u10,3,"43.70579342,-72.28686137",1367208278
u10,1,"43.70151131,-72.28813703",1367179319
u10,4,"43.70160853,-72.28805517",1367294505
u10,4,"43.7088842,-72.28428872",1367267124
u10,1,"43.70412157,-72.28527572",1367474824
u10,1,"43.70412157,-72.28527572",1367558468
u10,1,"43.70764992,-72.28551783",1367956857
u10,4,"43.70324666,-72.29028792",1368652566
u10,1,"43.70420958,-72.28780578",1368030863
u10,1,"43.70666822,-72.28787317",1368073765
u10,1,"43.70324666,-72.29028792",1368589234
u10,4,"43.70324666,-72.29028792",1368652620
u10,2,"43.70290198,-72.28795273",1368908148
u10,1,"43.70620585,-72.28792804",1368821852
u10,4,Unknown,1369327578
u51,2,"43.68788979,-72.29233141",1364972032
u51,1,"43.70643727,-72.28725238",1364683583
u51,2,"43.70656531,-72.28745368",1364950505
u51,1,"43.69361617,-72.28418761",1365060710
u51,1,"43.70661844,-72.28705878",1365125927
u51,1,"43.69498059,-72.29014274",1365152625
u51,1,"43.6944476,-72.28377596",1365206455
u51,4,"43.70669745,-72.28715961",1365228563
u51,1,"43.70599813,-72.2874325",1365387825
u51,1,"43.70659997,-72.28700136",1365483036
u51,1,"43.70742663,-72.28565936",1365500714
u51,1,Unknown,1366089994
u51,1,"43.70670767,-72.28682011",1365632414
u51,1,"43.70664201,-72.28687051",1365891663
u51,1,"43.71420088,-72.27681034",1365977235
u51,2,"43.70623937,-72.28652963",1366066810
u51,2,Unknown,1366100080
u51,1,"43.70763358,-72.28826433",1366187251
u51,2,"43.69449058,-72.28438757",1366151425
u51,2,"43.70667457,-72.28699137",1366258100
u51,1,"43.70632597,-72.28692934",1366279099
u51,1,"43.70835688,-72.28276783",1366447272
u51,1,"43.70659881,-72.28704116",1366918000
u51,1,"43.69351826,-72.28905418",1366709907
u51,1,"43.70662402,-72.28686449",1367001930
u51,3,"43.70656948,-72.28758201",1367366780
u51,3,"43.70676322,-72.28683728",1367477005
u51,2,"43.70276553,-72.28905969",1367558707
u51,1,"43.68908865,-72.26922136",1368669776
u51,1,"43.70648777,-72.28702418",1367986321
u51,1,"43.70555413,-72.28776555",1368040299
u51,1,"43.7066907,-72.28717754",1368584005
u51,1,"43.70812303,-72.28339007",1368001296
u51,2,"43.70662719,-72.28627772",1368737416
u51,1,"43.70527478,-72.2878615",1368645295
u51,1,"43.70467217,-72.29006642",1368819939
u51,1,"43.70661275,-72.28699443",1368954633
u51,1,"43.70640288,-72.28703686",1368844632
u51,2,"43.708082,-72.28348521",1369120733
u51,2,"43.7065055,-72.28685125",1369037869
u51,1,"43.70661672,-72.28703044",1369199533
u51,2,"43.70529305,-72.28786129",1369256297
u51,1,"43.7046335,-72.28786491",1369286019
u51,2,"43.70681235,-72.28747066",1369368019
